{
  "workload_config": [
    {
      "timestamp": 2,
      "id": 1,
      "grp_workload": [
        {
          "id": 0,
          "availability_target": 2,
          "client_dist": [
            0.1111111111,
            0.1111111111,
            0.1111111111,
            0.1111111111,
            0.1111111111,
            0.1111111111,
            0.1111111111,
            0.1111111111,
            0.1111111111
          ],
          "object_size": 1024,
          "metadata_size": 1e-09,
          "num_objects": 10001,
          "arrival_rate": 9,
          "read_ratio": 0.5,
          "write_ratio": 0.5,
          "SLO_read": 1000,
          "SLO_write": 1000,
          "duration": 600,
          "time_to_decode": 0.00028,
          "keys": [
            "20", "21", "22", "23", "24", "25", "26", "27", "28"
          ]
        }
      ]
    }
  ]
}
