{
  "output": [
    {
      "id": 0,
      "protocol": "cas",
      "m": 9,
      "k": 5,
      "selected_dcs": [
        0,
        1,
        2,
        3,
        4,
        5,
        6,
        7,
        8
      ],
      "get_cost": 453427.19995514344,
      "put_cost": 50380.799995261936,
      "storage_cost": 20.388522666666667,
      "vm_cost": 0.0132096,
      "total_cost": 503828.40168267203,
      "get_latency": 603.6,
      "put_latency": 931.7,
      "client_placement_info": {
        "0": {
          "Q1": [
            0,
            1,
            2
          ],
          "Q2": [
            0,
            1,
            2,
            3,
            4,
            5,
            7
          ],
          "Q3": [
            0,
            1,
            2,
            3,
            4,
            5,
            7
          ],
          "Q4": [
            0,
            1,
            2,
            3,
            4,
            5,
            7
          ],
          "get_cost_on_this_client": 88.06400000011003,
          "put_cost_on_this_client": 88.06400000054002
        },
        "1": {
          "Q1": [
            0,
            1,
            2
          ],
          "Q2": [
            0,
            1,
            2,
            3,
            4,
            5,
            7
          ],
          "Q3": [
            0,
            1,
            2,
            3,
            4,
            5,
            7
          ],
          "Q4": [
            0,
            1,
            2,
            3,
            4,
            5,
            7
          ],
          "get_cost_on_this_client": 88.06400000011003,
          "put_cost_on_this_client": 88.06400000054002
        },
        "2": {
          "Q1": [
            0,
            1,
            2
          ],
          "Q2": [
            0,
            1,
            2,
            3,
            4,
            5,
            7
          ],
          "Q3": [
            0,
            1,
            2,
            3,
            4,
            5,
            7
          ],
          "Q4": [
            0,
            1,
            2,
            3,
            4,
            5,
            7
          ],
          "get_cost_on_this_client": 88.06400000011003,
          "put_cost_on_this_client": 88.06400000054002
        },
        "3": {
          "Q1": [
            0,
            3,
            4
          ],
          "Q2": [
            0,
            1,
            2,
            3,
            4,
            5,
            7
          ],
          "Q3": [
            0,
            1,
            2,
            3,
            4,
            5,
            7
          ],
          "Q4": [
            0,
            1,
            2,
            3,
            4,
            5,
            7
          ],
          "get_cost_on_this_client": 88.06400000011003,
          "put_cost_on_this_client": 88.06400000054002
        },
        "4": {
          "Q1": [
            0,
            3,
            4
          ],
          "Q2": [
            0,
            1,
            2,
            3,
            4,
            5,
            7
          ],
          "Q3": [
            0,
            1,
            2,
            3,
            4,
            5,
            7
          ],
          "Q4": [
            0,
            1,
            2,
            3,
            4,
            5,
            7
          ],
          "get_cost_on_this_client": 88.06400000011003,
          "put_cost_on_this_client": 88.06400000054002
        },
        "5": {
          "Q1": [
            5,
            7,
            8
          ],
          "Q2": [
            0,
            1,
            2,
            3,
            5,
            7,
            8
          ],
          "Q3": [
            0,
            1,
            2,
            3,
            5,
            7,
            8
          ],
          "Q4": [
            0,
            1,
            2,
            3,
            5,
            7,
            8
          ],
          "get_cost_on_this_client": 71.68000000003,
          "put_cost_on_this_client": 71.68000000038
        },
        "6": {
          "Q1": [
            0,
            1,
            6
          ],
          "Q2": [
            0,
            1,
            2,
            3,
            4,
            5,
            6
          ],
          "Q3": [
            0,
            1,
            2,
            3,
            4,
            5,
            6
          ],
          "Q4": [
            0,
            1,
            2,
            3,
            4,
            5,
            6
          ],
          "get_cost_on_this_client": 100.35200000017002,
          "put_cost_on_this_client": 100.35200000066001
        },
        "7": {
          "Q1": [
            5,
            7,
            8
          ],
          "Q2": [
            0,
            1,
            2,
            3,
            5,
            7,
            8
          ],
          "Q3": [
            0,
            1,
            2,
            3,
            5,
            7,
            8
          ],
          "Q4": [
            0,
            1,
            2,
            3,
            5,
            7,
            8
          ],
          "get_cost_on_this_client": 71.68000000003,
          "put_cost_on_this_client": 71.68000000038
        },
        "8": {
          "Q1": [
            5,
            7,
            8
          ],
          "Q2": [
            0,
            1,
            2,
            3,
            5,
            7,
            8
          ],
          "Q3": [
            0,
            1,
            2,
            3,
            5,
            7,
            8
          ],
          "Q4": [
            0,
            1,
            2,
            3,
            5,
            7,
            8
          ],
          "get_cost_on_this_client": 71.68000000003,
          "put_cost_on_this_client": 71.68000000038
        }
      }
    }
  ],
  "overall_cost": 503828.40168267203,
  "get_cost": 453427.19995514344,
  "put_cost": 50380.799995261936,
  "storage_cost": 20.388522666666667,
  "vm_cost": 0.0132096,
  "time_period_hrs": 0.016666666666666666
}