{
  "output": [
    {
      "id": 0,
      "protocol": "cas",
      "m": 6,
      "k": 2,
      "selected_dcs": [
        0,
        1,
        2,
        5,
        7,
        8
      ],
      "get_cost": 0.0003889203071594239,
      "put_cost": 0.0004582107067108154,
      "storage_cost": 1.7860980883036573e-06,
      "vm_cost": 0.50154,
      "total_cost": 0.5023889171119585,
      "get_latency": 656.2,
      "put_latency": 984.3000000000001,
      "client_placement_info": {
        "0": {
          "Q1": [
            0,
            1,
            2
          ],
          "Q2": [
            0,
            1,
            2,
            5
          ],
          "Q3": [
            0,
            1,
            2,
            5
          ],
          "Q4": [
            0,
            1,
            2,
            5
          ],
          "get_cost_on_this_client": 9.872019290924073e-10,
          "put_cost_on_this_client": 1.1641532182693481e-09
        },
        "1": {
          "Q1": [
            0,
            1,
            2
          ],
          "Q2": [
            0,
            1,
            2,
            5
          ],
          "Q3": [
            0,
            1,
            2,
            5
          ],
          "Q4": [
            0,
            1,
            2,
            5
          ],
          "get_cost_on_this_client": 9.872019290924073e-10,
          "put_cost_on_this_client": 1.1641532182693481e-09
        },
        "2": {
          "Q1": [
            0,
            1,
            2
          ],
          "Q2": [
            0,
            1,
            2,
            5
          ],
          "Q3": [
            0,
            1,
            2,
            5
          ],
          "Q4": [
            0,
            1,
            2,
            5
          ],
          "get_cost_on_this_client": 9.872019290924073e-10,
          "put_cost_on_this_client": 1.1641532182693481e-09
        },
        "3": {
          "Q1": [
            0,
            1,
            2
          ],
          "Q2": [
            0,
            1,
            2,
            5
          ],
          "Q3": [
            0,
            1,
            2,
            5
          ],
          "Q4": [
            0,
            1,
            2,
            5
          ],
          "get_cost_on_this_client": 1.7136335372924805e-09,
          "put_cost_on_this_client": 2.0116567611694337e-09
        },
        "4": {
          "Q1": [
            0,
            1,
            2
          ],
          "Q2": [
            0,
            1,
            2,
            5
          ],
          "Q3": [
            0,
            1,
            2,
            5
          ],
          "Q4": [
            0,
            1,
            2,
            5
          ],
          "get_cost_on_this_client": 1.7136335372924805e-09,
          "put_cost_on_this_client": 2.0116567611694337e-09
        },
        "5": {
          "Q1": [
            5,
            7,
            8
          ],
          "Q2": [
            0,
            5,
            7,
            8
          ],
          "Q3": [
            0,
            5,
            7,
            8
          ],
          "Q4": [
            0,
            5,
            7,
            8
          ],
          "get_cost_on_this_client": 5.401670932769776e-10,
          "put_cost_on_this_client": 6.426125764846802e-10
        },
        "6": {
          "Q1": [
            0,
            1,
            2
          ],
          "Q2": [
            0,
            1,
            2,
            5
          ],
          "Q3": [
            0,
            1,
            2,
            5
          ],
          "Q4": [
            0,
            1,
            2,
            5
          ],
          "get_cost_on_this_client": 1.7136335372924805e-09,
          "put_cost_on_this_client": 2.0116567611694337e-09
        },
        "7": {
          "Q1": [
            5,
            7,
            8
          ],
          "Q2": [
            0,
            5,
            7,
            8
          ],
          "Q3": [
            0,
            5,
            7,
            8
          ],
          "Q4": [
            0,
            5,
            7,
            8
          ],
          "get_cost_on_this_client": 5.401670932769776e-10,
          "put_cost_on_this_client": 6.426125764846802e-10
        },
        "8": {
          "Q1": [
            5,
            7,
            8
          ],
          "Q2": [
            0,
            5,
            7,
            8
          ],
          "Q3": [
            0,
            5,
            7,
            8
          ],
          "Q4": [
            0,
            5,
            7,
            8
          ],
          "get_cost_on_this_client": 5.401670932769776e-10,
          "put_cost_on_this_client": 6.426125764846802e-10
        }
      }
    },
    {
      "id": 1,
      "protocol": "cas",
      "m": 6,
      "k": 2,
      "selected_dcs": [
        0,
        1,
        2,
        5,
        7,
        8
      ],
      "get_cost": 0.03551915287971495,
      "put_cost": 0.035588443279266364,
      "storage_cost": 0.0001828964442422945,
      "vm_cost": 0.50154,
      "total_cost": 0.5728304926032236,
      "get_latency": 656.2,
      "put_latency": 984.3000000000001,
      "client_placement_info": {
        "0": {
          "Q1": [
            0,
            1,
            2
          ],
          "Q2": [
            0,
            1,
            2,
            5
          ],
          "Q3": [
            0,
            1,
            2,
            5
          ],
          "Q4": [
            0,
            1,
            2,
            5
          ],
          "get_cost_on_this_client": 9.070150554180145e-08,
          "put_cost_on_this_client": 9.087845683097839e-08
        },
        "1": {
          "Q1": [
            0,
            1,
            2
          ],
          "Q2": [
            0,
            1,
            2,
            5
          ],
          "Q3": [
            0,
            1,
            2,
            5
          ],
          "Q4": [
            0,
            1,
            2,
            5
          ],
          "get_cost_on_this_client": 9.070150554180145e-08,
          "put_cost_on_this_client": 9.087845683097839e-08
        },
        "2": {
          "Q1": [
            0,
            1,
            2
          ],
          "Q2": [
            0,
            1,
            2,
            5
          ],
          "Q3": [
            0,
            1,
            2,
            5
          ],
          "Q4": [
            0,
            1,
            2,
            5
          ],
          "get_cost_on_this_client": 9.070150554180145e-08,
          "put_cost_on_this_client": 9.087845683097839e-08
        },
        "3": {
          "Q1": [
            0,
            1,
            2
          ],
          "Q2": [
            0,
            1,
            2,
            5
          ],
          "Q3": [
            0,
            1,
            2,
            5
          ],
          "Q4": [
            0,
            1,
            2,
            5
          ],
          "get_cost_on_this_client": 1.5281140804290773e-07,
          "put_cost_on_this_client": 1.5310943126678467e-07
        },
        "4": {
          "Q1": [
            0,
            1,
            2
          ],
          "Q2": [
            0,
            1,
            2,
            5
          ],
          "Q3": [
            0,
            1,
            2,
            5
          ],
          "Q4": [
            0,
            1,
            2,
            5
          ],
          "get_cost_on_this_client": 1.5281140804290773e-07,
          "put_cost_on_this_client": 1.5310943126678467e-07
        },
        "5": {
          "Q1": [
            5,
            7,
            8
          ],