{
  "output": [
    {
      "id": 0,
      "protocol": "abd",
      "m": 7,
      "selected_dcs": [
        0,
        2,
        3,
        4,
        5,
        7,
        8
      ],
      "get_cost": 2.6397705078124996,
      "put_cost": 6.935283914208413,
      "storage_cost": 0.04232746281035959,
      "vm_cost": 0.5922440000000001,
      "total_cost": 10.209625884831272,
      "get_latency": 656.2,
      "put_latency": 656.2,
      "client_placement_info": {
        "0": {
          "Q1": [
            0,
            2,
            3,
            4,
            5
          ],
          "Q2": [
            0,
            2,
            3
          ],
          "get_cost_on_this_client": 4.196166992187501e-05,
          "put_cost_on_this_client": 1.3351719826459886e-05
        },
        "1": {
          "Q1": [
            0,
            2,
            3,
            4,
            5
          ],
          "Q2": [
            0,
            2,
            3
          ],
          "get_cost_on_this_client": 4.9591064453125e-05,
          "put_cost_on_this_client": 1.716645434498787e-05
        },
        "2": {
          "Q1": [
            0,
            2,
            3,
            4,
            5
          ],
          "Q2": [
            0,
            2,
            3
          ],
          "get_cost_on_this_client": 4.196166992187501e-05,
          "put_cost_on_this_client": 1.3351719826459886e-05
        },
        "3": {
          "Q1": [
            0,
            2,
            3,
            4,
            5
          ],
          "Q2": [
            0,
            3,
            4
          ],
          "get_cost_on_this_client": 3.62396240234375e-05,
          "put_cost_on_this_client": 1.0490668937563897e-05
        },
        "4": {
          "Q1": [
            0,
            2,
            3,
            4,
            5
          ],
          "Q2": [
            0,
            3,
            4
          ],
          "get_cost_on_this_client": 3.62396240234375e-05,
          "put_cost_on_this_client": 1.0490668937563897e-05
        },
        "5": {
          "Q1": [
            0,
            2,
            5,
            7,
            8
          ],
          "Q2": [
            5,
            7,
            8
          ],
          "get_cost_on_this_client": 2.09808349609375e-05,
          "put_cost_on_this_client": 2.861199900507927e-06
        },
        "6": {
          "Q1": [
            0,
            2,
            3,
            4,
            5
          ],
          "Q2": [
            0,
            2,
            3
          ],
          "get_cost_on_this_client": 6.103515625e-05,
          "put_cost_on_this_client": 2.2888556122779848e-05
        },
        "7": {
          "Q1": [
            0,
            2,
            5,
            7,
            8
          ],
          "Q2": [
            5,
            7,
            8
          ],
          "get_cost_on_this_client": 2.09808349609375e-05,
          "put_cost_on_this_client": 2.861199900507927e-06
        },
        "8": {
          "Q1": [
            0,
            2,
            5,
            7,
            8
          ],
          "Q2": [
            5,
            7,
            8
          ],
          "get_cost_on_this_client": 2.09808349609375e-05,
          "put_cost_on_this_client": 2.861199900507927e-06
        }
      }
    },
    {
      "id": 1,
      "protocol": "abd",
      "m": 5,
      "selected_dcs": [
        2,
        3,
        5,
        7,
        8
      ],
      "get_cost": 9.6893310546875,
      "put_cost": 4.8447128385305405,
      "storage_cost": 0.02926343107876712,
      "vm_cost": 0.411946,
      "total_cost": 14.975253324296808,
      "get_latency": 656.2,
      "put_latency": 656.2,
      "client_placement_info": {
        "0": {
          "Q1": [
            2,
            3,
            5
          ],
          "Q2": [
            2,
            3,
            5
          ],
          "get_cost_on_this_client": 4.005432128906251e-05,
          "put_cost_on_this_client": 2.0027356222271922e-05
        },
        "1": {
          "Q1": [
            2,
            3,
            5
          ],
          "Q2": [
            2,
            3,
            5
          ],
          "get_cost_on_this_client": 4.005432128906251e-05,
          "put_cost_on_this_client": 2.0027356222271922e-05
        },
        "2": {
          "Q1": [
            2,
            3,
            5
          ],
          "Q2": [
            2,
            3,
            5
          ],
          "get_cost_on_this_client": 3.24249267578125e-05,
          "put_cost_on_this_client": 1.6212621703743933e-05
        },
        "3": {
          "Q1": [
            2,
            3,
            5
          ],
          "Q2": [
            2,
            3,
            5
          ],
          "get_cost_on_this_client": 3.24249267578125e-05,
          "put_cost_on_this_client": 1.6212621703743933e-05
        },
        "4": {
          "Q1": [
            2,
            3,
            5
          ],
          "Q2": [
            2,
            3,
            5
          ],
          "get_cost_on_this_client": 3.4332275390625e-05,
          "put_cost_on_this_client": 1.716630533337593e-05
        },
        "5": {
          "Q1": [
            5,
            7,
            8
          ],
          "Q2": [
            5,
            7,
            8
          ],
          "get_cost_on_this_client": 5.7220458984375e-06,
          "put_cost_on_this_client": 2.8610508888959887e-06
        },
        "6": {
          "Q1": [
            2,
            3,
            5
          ],
          "Q2": [
            2,
            3,
            5
          ],
          "get_cost_on_this_client": 4.57763671875e-05,
          "put_cost_on_this_client": 2.288840711116791e-05
        },
        "7": {
          "Q1": [
            5,
            7,
            8
          ],
          "Q2": [
            5,
            7,
            8
          ],
          "get_cost_on_this_client": 5.7220458984375e-06,
          "put_cost_on_this_client": 2.8610508888959887e-06
        },
        "8": {
          "Q1": [
            5,
            7,
            8
          ],
          "Q2": [
            5,
            7,
            8
          ],
          "get_cost_on_this_client": 5.7220458984375e-06,
          "put_cost_on_this_client": 2.8610508888959887e-06
        }
      }
    },
    {
      "id": 2,
      "protocol": "abd",
      "m": 5,
      "selected_dcs": [
        2,
        4,
        5,
        7,
        8
      ],
      "get_cost": 17.440795898437496,
      "put_cost": 0.968942567706108,
      "storage_cost": 0.02926343107876712,
      "vm_cost": 0.411946,
      "total_cost": 18.850947897222373,
      "get_latency": 656.2,
      "put_latency": 656.2,
      "client_placement_info": {
        "0": {
          "Q1": [
            2,
            4,
            5
          ],
          "Q2": [
            2,
            4,
            5
          ],
          "get_cost_on_this_client": 4.005432128906251e-05,
          "put_cost_on_this_client": 2.0027356222271922e-05
        },
        "1": {
          "Q1": [
            2,
            4,
            5
          ],
          "Q2": [
            2,
            4,
            5
          ],
          "get_cost_on_this_client": 4.005432128906251e-05,
          "put_cost_on_this_client": 2.0027356222271922e-05
        },
        "2": {
          "Q1": [
            2,
            4,
            5
          ],
          "Q2": [
            2,
            4,
            5
          ],
          "get_cost_on_this_client": 3.24249267578125e-05,
          "put_cost_on_this_client": 1.6212621703743933e-05
        },
        "3": {
          "Q1": [
            2,
            4,
            5
          ],
          "Q2": [
            2,
            4,
            5
          ],