{
  "output": [
    {
      "id": 0,
      "protocol": "abd",
      "m": 5,
      "selected_dcs": [
        0,
        2,
        5,
        7,
        8
      ],
      "get_cost": 0.0009462237358093262,
      "put_cost": 0.0005204230546951292,
      "storage_cost": 2.908788315237385e-06,
      "vm_cost": 0.411576,
      "total_cost": 0.41304555557881967,
      "get_latency": 656.2,
      "put_latency": 656.2,
      "client_placement_info": {
        "0": {
          "Q1": [
            0,
            2,
            5
          ],
          "Q2": [
            0,
            2,
            5
          ],
          "get_cost_on_this_client": 2.60770320892334e-09,
          "put_cost_on_this_client": 1.434236764907837e-09
        },
        "1": {
          "Q1": [
            0,
            2,
            5
          ],
          "Q2": [
            0,
            2,
            5
          ],
          "get_cost_on_this_client": 3.3527612686157223e-09,
          "put_cost_on_this_client": 1.8440186977386472e-09
        },
        "2": {
          "Q1": [
            0,
            2,
            5
          ],
          "Q2": [
            0,
            2,
            5
          ],
          "get_cost_on_this_client": 2.60770320892334e-09,
          "put_cost_on_this_client": 1.434236764907837e-09
        },
        "3": {
          "Q1": [
            0,
            2,
            5
          ],
          "Q2": [
            0,
            2,
            5
          ],
          "get_cost_on_this_client": 4.470348358154297e-09,
          "put_cost_on_this_client": 2.458691596984863e-09
        },
        "4": {
          "Q1": [
            0,
            2,
            5
          ],
          "Q2": [
            0,
            2,
            5
          ],
          "get_cost_on_this_client": 4.470348358154297e-09,
          "put_cost_on_this_client": 2.458691596984863e-09
        },
        "5": {
          "Q1": [
            5,
            7,
            8
          ],
          "Q2": [
            5,
            7,
            8
          ],
          "get_cost_on_this_client": 5.587935447692871e-10,
          "put_cost_on_this_client": 3.0733644962310787e-10
        },
        "6": {
          "Q1": [
            0,
            2,
            5
          ],
          "Q2": [
            0,
            2,
            5
          ],
          "get_cost_on_this_client": 4.470348358154297e-09,
          "put_cost_on_this_client": 2.458691596984863e-09
        },
        "7": {
          "Q1": [
            5,
            7,
            8
          ],
          "Q2": [
            5,
            7,
            8
          ],
          "get_cost_on_this_client": 5.587935447692871e-10,
          "put_cost_on_this_client": 3.0733644962310787e-10
        },
        "8": {
          "Q1": [
            5,
            7,
            8
          ],
          "Q2": [
            5,
            7,
            8
          ],
          "get_cost_on_this_client": 5.587935447692871e-10,
          "put_cost_on_this_client": 3.0733644962310787e-10
        }
      }
    },
    {
      "id": 1,
      "protocol": "abd",
      "m": 5,
      "selected_dcs": [
        0,
        2,
        5,
        7,
        8
      ],
      "get_cost": 0.096893310546875,
      "put_cost": 0.04849396646022795,
      "storage_cost": 0.0002978599234803082,
      "vm_cost": 0.411576,
      "total_cost": 0.5572611369305833,
      "get_latency": 656.2,
      "put_latency": 656.2,
      "client_placement_info": {
        "0": {
          "Q1": [
            0,
            2,
            5
          ],
          "Q2": [
            0,
            2,
            5
          ],
          "get_cost_on_this_client": 2.6702880859375e-07,
          "put_cost_on_this_client": 1.3364478945732117e-07
        },
        "1": {
          "Q1": [
            0,
            2,
            5
          ],
          "Q2": [
            0,
            2,
            5
          ],
          "get_cost_on_this_client": 3.4332275390625e-07,
          "put_cost_on_this_client": 1.7182901501655579e-07
        },
        "2": {
          "Q1": [
            0,
            2,
            5
          ],
          "Q2": [
            0,
            2,
            5
          ],
          "get_cost_on_this_client": 2.6702880859375e-07,
          "put_cost_on_this_client": 1.3364478945732117e-07
        },
        "3": {
          "Q1": [
            0,
            2,
            5
          ],
          "Q2": [
            0,
            2,
            5
          ],
          "get_cost_on_this_client": 4.57763671875e-07,
          "put_cost_on_this_client": 2.2910535335540771e-07
        },
        "4": {
          "Q1": [
            0,
            2,
            5
          ],
          "Q2": [
            0,
            2,
            5
          ],
          "get_cost_on_this_client": 4.57763671875e-07,
          "put_cost_on_this_client": 2.2910535335540771e-07
        },
        "5": {
          "Q1": [
            5,
            7,
            8
          ],
          "Q2": [
            5,
            7,
            8
          ],
          "get_cost_on_this_client": 5.7220458984375e-08,
          "put_cost_on_this_client": 2.8638169169425964e-08
        },
        "6": {
          "Q1": [
            0,
            2,
            5
          ],
          "Q2": [
            0,
            2,
            5
          ],
          "get_cost_on_this_client": 4.57763671875e-07,
          "put_cost_on_this_client": 2.2910535335540771e-07
        },
        "7": {
          "Q1": [
            5,
            7,
            8
          ],
          "Q2": [
            5,
            7,
            8
          ],
          "get_cost_on_this_client": 5.7220458984375e-08,
          "put_cost_on_this_client": 2.8638169169425964e-08
        },
        "8": {
          "Q1": [
            5,
            7,
            8
          ],
          "Q2": [
            5,
            7,
            8
          ],
          "get_cost_on_this_client": 5.7220458984375e-08,
          "put_cost_on_this_client": 2.8638169169425964e-08
        }
      }
    },
    {
      "id": 2,
      "protocol": "abd",
      "m": 5,
      "selected_dcs": [
        0,
        2,
        5,
        7,
        8
      ],
      "get_cost": 0.96893310546875,
      "put_cost": 0.4845138639211655,
      "storage_cost": 0.002978599234803082,
      "vm_cost": 0.411576,
      "total_cost": 1.8680015686247184,
      "get_latency": 656.2,
      "put_latency": 656.2,
      "client_placement_info": {
        "0": {
          "Q1": [
            0,
            2,
            5
          ],
          "Q2": [
            0,
            2,
            5
          ],
          "get_cost_on_this_client": 2.6702880859375003e-06,
          "put_cost_on_this_client": 1.3352744281291964e-06
        },
        "1": {
          "Q1": [
            0,
            2,
            5
          ],
          "Q2": [
            0,
            2,
            5
          ],
          "get_cost_on_this_client": 3.4332275390624997e-06,
          "put_cost_on_this_client": 1.7167814075946807e-06
        },
        "2": {
          "Q1": [
            0,
            2,
            5
          ],
          "Q2": [
            0,
            2,
            5
          ],
          "get_cost_on_this_client": 2.6702880859375003e-06,
          "put_cost_on_this_client": 1.3352744281291964e-06
        },
        "3": {
          "Q1": [
            0,
            2,
            5
          ],
          "Q2": [
            0,
            2,
            5
          ],
          "get_cost_on_this_client": 4.57763671875e-06,
          "put_cost_on_this_client": 2.2890418767929074e-06
        },
        "4": {
          "Q1": [
            0,
            2,
            5
          ],
          "Q2": [
            0,
            2,
            5
          ],