{
  "output": [
    {
      "id": 0,
      "protocol": "abd",
      "m": 7,
      "selected_dcs": [
        1,
        2,
        3,
        4,
        5,
        7,
        8
      ],
      "get_cost": 0.774383544921875,
      "put_cost": 2.133801206946373,
      "storage_cost": 0.004258874344499144,
      "vm_cost": 0.14568610185833336,
      "total_cost": 3.0581297280710804,
      "get_latency": 634.2,
      "put_latency": 634.2,
      "client_placement_info": {
        "0": {
          "Q1": [
            2,
            3,
            4,
            5,
            7
          ],
          "Q2": [
            2,
            3,
            4
          ],
          "get_cost_on_this_client": 5.531311035156251e-06,
          "put_cost_on_this_client": 2.0065065473318102e-06,
          "get_latency_on_this_client": 452.2,
          "put_latency_on_this_client": 452.2
        },
        "1": {
          "Q1": [
            1,
            2,
            3,
            4,
            5
          ],
          "Q2": [
            1,
            2,
            3
          ],
          "get_cost_on_this_client": 8.7738037109375e-06,
          "put_cost_on_this_client": 2.962639555335045e-06,
          "get_latency_on_this_client": 578,
          "put_latency_on_this_client": 578
        },
        "2": {
          "Q1": [
            2,
            3,
            4,
            5,
            7
          ],
          "Q2": [
            2,
            3,
            4
          ],
          "get_cost_on_this_client": 4.76837158203125e-06,
          "put_cost_on_this_client": 1.624627038836479e-06,
          "get_latency_on_this_client": 417.3,
          "put_latency_on_this_client": 417.3
        },
        "3": {
          "Q1": [
            2,
            3,
            4,
            5,
            7
          ],
          "Q2": [
            2,
            3,
            4
          ],
          "get_cost_on_this_client": 3.6239624023437503e-06,
          "put_cost_on_this_client": 1.051807776093483e-06,
          "get_latency_on_this_client": 401.2,
          "put_latency_on_this_client": 401.2
        },
        "4": {
          "Q1": [
            2,
            3,
            4,
            5,
            7
          ],
          "Q2": [
            2,
            3,
            4
          ],
          "get_cost_on_this_client": 3.6239624023437503e-06,
          "put_cost_on_this_client": 1.051807776093483e-06,
          "get_latency_on_this_client": 407.2,
          "put_latency_on_this_client": 407.2
        },
        "5": {
          "Q1": [
            2,
            3,
            5,
            7,
            8
          ],
          "Q2": [
            5,
            7,
            8
          ],
          "get_cost_on_this_client": 2.0980834960937497e-06,
          "put_cost_on_this_client": 2.880487591028213e-07,
          "get_latency_on_this_client": 281.99,
          "put_latency_on_this_client": 281.99
        },
        "6": {
          "Q1": [
            2,
            3,
            4,
            5,
            7
          ],
          "Q2": [
            2,
            3,
            4
          ],
          "get_cost_on_this_client": 6.103515625e-06,
          "put_cost_on_this_client": 2.292916178703308e-06,
          "get_latency_on_this_client": 634.2,
          "put_latency_on_this_client": 634.2
        },
        "7": {
          "Q1": [
            2,
            3,
            5,
            7,
            8
          ],
          "Q2": [
            5,
            7,
            8
          ],
          "get_cost_on_this_client": 2.0980834960937497e-06,
          "put_cost_on_this_client": 2.880487591028213e-07,
          "get_latency_on_this_client": 247.35000000000002,
          "put_latency_on_this_client": 247.35000000000002
        },
        "8": {
          "Q1": [
            2,
            3,
            5,
            7,
            8
          ],
          "Q2": [
            5,
            7,
            8
          ],
          "get_cost_on_this_client": 2.0980834960937497e-06,
          "put_cost_on_this_client": 2.880487591028213e-07,
          "get_latency_on_this_client": 223.24,
          "put_latency_on_this_client": 223.24
        }
      }
    }
  ],
  "overall_cost": 3.0581297280710804,
  "get_cost": 0.774383544921875,
  "put_cost": 2.133801206946373,
  "storage_cost": 0.004258874344499144,
  "vm_cost": 0.14568610185833336,
  "time_period_hrs": 1.0
}