{
  "output": [
    {
      "id": 8,
      "protocol": "replication",
      "m": 5,
      "k": 1,
      "selected_dcs": [
        0,
        1,
        5,
        7,
        8
      ],
      "get_cost": 0.7075749943032861,
      "put_cost": 0.07870380766689777,
      "storage_cost": 0.0031092395521190065,
      "vm_cost": 0.10277578704166668,
      "total_cost": 0.8921638285639696,
      "get_latency": 504.2,
      "put_latency": 756.3,
      "client_placement_info": {
        "0": {
          "Q1": [
            0,
            5,
            7
          ],
          "Q2": [
            0,
            5,
            7
          ],
          "Q3": [
            0,
            5,
            7
          ],
          "Q4": [
            0,
            5,
            7
          ],
          "get_cost_on_this_client": 1.6229879111051556e-06,
          "put_cost_on_this_client": 1.6247294843196866e-06,
          "get_latency_on_this_client": 296.2,
          "put_latency_on_this_client": 444.29999999999995
        },
        "1": {
          "Q1": [
            0,
            1,
            5
          ],
          "Q2": [
            0,
            1,
            5
          ],
          "Q3": [
            0,
            1,
            5
          ],
          "Q4": [
            0,
            1,
            5
          ],
          "get_cost_on_this_client": 2.9595661908388137e-06,
          "put_cost_on_this_client": 2.962742000818253e-06,
          "get_latency_on_this_client": 408,
          "put_latency_on_this_client": 612
        },
        "2": {
          "Q1": [
            0,
            5,
            7
          ],
          "Q2": [
            0,
            5,
            7
          ],
          "Q3": [
            0,
            5,
            7
          ],
          "Q4": [
            0,
            5,
            7
          ],
          "get_cost_on_this_client": 2.004867419600487e-06,
          "put_cost_on_this_client": 2.0070187747478485e-06,
          "get_latency_on_this_client": 428,
          "put_latency_on_this_client": 642
        },
        "3": {
          "Q1": [
            0,
            5,
            7
          ],
          "Q2": [
            0,
            5,
            7
          ],
          "Q3": [
            0,
            5,
            7
          ],
          "Q4": [
            0,
            5,
            7
          ],
          "get_cost_on_this_client": 2.2912770509719847e-06,
          "put_cost_on_this_client": 2.29373574256897e-06,
          "get_latency_on_this_client": 458,
          "put_latency_on_this_client": 687
        },
        "4": {
          "Q1": [
            0,
            5,
            7
          ],
          "Q2": [
            0,
            5,
            7
          ],
          "Q3": [
            0,
            5,
            7
          ],
          "Q4": [
            0,
            5,
            7
          ],
          "get_cost_on_this_client": 2.2912770509719847e-06,
          "put_cost_on_this_client": 2.29373574256897e-06,
          "get_latency_on_this_client": 444,
          "put_latency_on_this_client": 666
        },
        "5": {
          "Q1": [
            5,
            7,
            8
          ],
          "Q2": [
            5,
            7,
            8
          ],
          "Q3": [
            5,
            7,
            8
          ],
          "Q4": [
            5,
            7,
            8
          ],
          "get_cost_on_this_client": 2.864096313714981e-07,
          "put_cost_on_this_client": 2.8671696782112123e-07,
          "get_latency_on_this_client": 135.98,
          "put_latency_on_this_client": 203.96999999999997
        },
        "6": {
          "Q1": [
            0,
            5,
            7
          ],
          "Q2": [
            0,
            5,
            7
          ],
          "Q3": [
            0,
            5,
            7
          ],
          "Q4": [
            0,
            5,
            7
          ],
          "get_cost_on_this_client": 2.2912770509719847e-06,
          "put_cost_on_this_client": 2.29373574256897e-06,
          "get_latency_on_this_client": 504.2,
          "put_latency_on_this_client": 756.3
        },
        "7": {
          "Q1": [
            5,
            7,
            8
          ],
          "Q2": [
            5,
            7,
            8
          ],
          "Q3": [
            5,
            7,
            8
          ],
          "Q4": [
            5,
            7,
            8
          ],
          "get_cost_on_this_client": 2.864096313714981e-07,
          "put_cost_on_this_client": 2.8671696782112123e-07,
          "get_latency_on_this_client": 134.9,
          "put_latency_on_this_client": 202.35000000000002
        },
        "8": {
          "Q1": [
            5,
            7,
            8
          ],
          "Q2": [
            5,
            7,
            8
          ],
          "Q3": [
            5,
            7,
            8
          ],
          "Q4": [
            5,
            7,
            8
          ],
          "get_cost_on_this_client": 2.864096313714981e-07,
          "put_cost_on_this_client": 2.8671696782112123e-07,
          "get_latency_on_this_client": 116.68,
          "put_latency_on_this_client": 175.02
        }
      }
    }
  ],
  "overall_cost": 0.8921638285639696,
  "get_cost": 0.7075749943032861,
  "put_cost": 0.07870380766689777,
  "storage_cost": 0.0031092395521190065,
  "vm_cost": 0.10277578704166668,
  "time_period_hrs": 1.0
}