{
  "output": [
    {
      "id": 0,
      "protocol": "cas",
      "m": 6,
      "k": 2,
      "selected_dcs": [
        0,
        1,
        5,
        6,
        7,
        8
      ],
      "get_cost": 2.158804088830948,
      "put_cost": 2.159267859533429,
      "storage_cost": 0.01946540728007277,
      "vm_cost": 0.05144447778,
      "total_cost": 4.38898183342445,
      "get_latency": 506.4,
      "put_latency": 785.6,
      "client_placement_info": {
        "0": {
          "Q1": [
            0,
            5,
            6
          ],
          "Q2": [
            0,
            5,
            6,
            7
          ],
          "Q3": [
            0,
            5,
            6,
            7
          ],
          "Q4": [
            0,
            5,
            6,
            7
          ],
          "get_cost_on_this_client": 1.1922670528292657e-05,
          "put_cost_on_this_client": 1.192523166537285e-05,
          "get_latency_on_this_client": 506.4,
          "put_latency_on_this_client": 759.5999999999999
        },
        "1": {
          "Q1": [
            0,
            1,
            5
          ],
          "Q2": [
            0,
            1,
            5,
            6
          ],
          "Q3": [
            0,
            1,
            5,
            6
          ],
          "Q4": [
            0,
            1,
            5,
            6
          ],
          "get_cost_on_this_client": 2.193768508732319e-05,
          "put_cost_on_this_client": 2.1942397579550744e-05,
          "get_latency_on_this_client": 494.8,
          "put_latency_on_this_client": 785.6
        },
        "2": {
          "Q1": [
            0,
            5,
            6
          ],
          "Q2": [
            0,
            5,
            6,
            7
          ],
          "Q3": [
            0,
            5,
            6,
            7
          ],
          "Q4": [
            0,
            5,
            6,
            7
          ],
          "get_cost_on_this_client": 1.3830428943037988e-05,
          "put_cost_on_this_client": 1.3833399862051012e-05,
          "get_latency_on_this_client": 638.6,
          "put_latency_on_this_client": 957.9000000000001
        },
        "3": {
          "Q1": [
            0,
            5,
            6
          ],
          "Q2": [
            0,
            5,
            6,
            7
          ],
          "Q3": [
            0,
            5,
            6,
            7
          ],
          "Q4": [
            0,
            5,
            6,
            7
          ],
          "get_cost_on_this_client": 1.5261247754096984e-05,
          "put_cost_on_this_client": 1.526452600955963e-05,
          "get_latency_on_this_client": 458,
          "put_latency_on_this_client": 687
        },
        "4": {
          "Q1": [
            0,
            5,
            6
          ],
          "Q2": [
            0,
            5,
            6,
            7
          ],
          "Q3": [
            0,
            5,
            6,
            7
          ],
          "Q4": [
            0,
            5,
            6,
            7
          ],
          "get_cost_on_this_client": 1.5261247754096984e-05,
          "put_cost_on_this_client": 1.526452600955963e-05,
          "get_latency_on_this_client": 444,
          "put_latency_on_this_client": 666
        },
        "5": {
          "Q1": [
            5,
            7,
            8
          ],
          "Q2": [
            0,
            5,
            7,
            8
          ],
          "Q3": [
            0,
            5,
            7,
            8
          ],
          "Q4": [
            0,
            5,
            7,
            8
          ],
          "get_cost_on_this_client": 5.245516076683998e-06,
          "put_cost_on_this_client": 5.246642976999283e-06,
          "get_latency_on_this_client": 213.99,
          "put_latency_on_this_client": 359.99
        },
        "6": {
          "Q1": [
            0,
            5,
            6
          ],
          "Q2": [
            0,
            5,
            6,
            7
          ],
          "Q3": [
            0,
            5,
            6,
            7
          ],
          "Q4": [
            0,
            5,
            6,
            7
          ],
          "get_cost_on_this_client": 1.1922670528292657e-05,
          "put_cost_on_this_client": 1.192523166537285e-05,
          "get_latency_on_this_client": 504.2,
          "put_latency_on_this_client": 756.3
        },
        "7": {
          "Q1": [
            5,
            7,
            8
          ],
          "Q2": [
            0,
            5,
            7,
            8
          ],
          "Q3": [
            0,
            5,
            7,
            8
          ],
          "Q4": [
            0,
            5,
            7,
            8
          ],
          "get_cost_on_this_client": 5.245516076683998e-06,
          "put_cost_on_this_client": 5.246642976999283e-06,
          "get_latency_on_this_client": 168.65,
          "put_latency_on_this_client": 269.85
        },
        "8": {
          "Q1": [
            5,
            7,
            8
          ],
          "Q2": [
            0,
            5,
            7,
            8
          ],
          "Q3": [
            0,
            5,
            7,
            8
          ],
          "Q4": [
            0,
            5,
            7,
            8
          ],
          "get_cost_on_this_client": 5.245516076683998e-06,
          "put_cost_on_this_client": 5.246642976999283e-06,
          "get_latency_on_this_client": 153.3,
          "put_latency_on_this_client": 248.26
        }
      }
    }
  ],
  "overall_cost": 4.38898183342445,
  "get_cost": 2.158804088830948,
  "put_cost": 2.159267859533429,
  "storage_cost": 0.01946540728007277,
  "vm_cost": 0.05144447778,
  "time_period_hrs": 1.0
}