{
  "output": [
    {
      "id": 0,
      "protocol": "abd",
      "m": 5,
      "selected_dcs": [
        0,
        1,
        5,
        6,
        7
      ],
      "get_cost": 1.327800750732422,
      "put_cost": 0.6646135495975614,
      "storage_cost": 0.003370520186750856,
      "vm_cost": 0.0774739842625,
      "total_cost": 2.0732588047792344,
      "get_latency": 310.2,
      "put_latency": 310.2,
      "client_placement_info": {
        "0": {
          "Q1": [
            0,
            1,
            7
          ],
          "Q2": [
            0,
            1,
            7
          ],
          "get_cost_on_this_client": 4.57763671875e-06,
          "put_cost_on_this_client": 2.2912770509719847e-06,
          "get_latency_on_this_client": 230,
          "put_latency_on_this_client": 230
        },
        "1": {
          "Q1": [
            0,
            1,
            7
          ],
          "Q2": [
            0,
            1,
            7
          ],
          "get_cost_on_this_client": 5.91278076171875e-06,
          "put_cost_on_this_client": 2.9595661908388137e-06,
          "get_latency_on_this_client": 278,
          "put_latency_on_this_client": 278
        },
        "2": {
          "Q1": [
            0,
            1,
            7
          ],
          "Q2": [
            0,
            1,
            7
          ],
          "get_cost_on_this_client": 5.3405761718750005e-06,
          "put_cost_on_this_client": 2.673156559467316e-06,
          "get_latency_on_this_client": 329.6,
          "put_latency_on_this_client": 329.6
        },
        "3": {
          "Q1": [
            5,
            6,
            7
          ],
          "Q2": [
            5,
            6,
            7
          ],
          "get_cost_on_this_client": 4.57763671875e-06,
          "put_cost_on_this_client": 2.2912770509719847e-06,
          "get_latency_on_this_client": 404.4,
          "put_latency_on_this_client": 404.4
        },
        "4": {
          "Q1": [
            5,
            6,
            7
          ],
          "Q2": [
            5,
            6,
            7
          ],
          "get_cost_on_this_client": 4.57763671875e-06,
          "put_cost_on_this_client": 2.2912770509719847e-06,
          "get_latency_on_this_client": 384.2,
          "put_latency_on_this_client": 384.2
        },
        "5": {
          "Q1": [
            5,
            6,
            7
          ],
          "Q2": [
            5,
            6,
            7
          ],
          "get_cost_on_this_client": 1.9073486328125e-06,
          "put_cost_on_this_client": 9.54698771238327e-07,
          "get_latency_on_this_client": 232.2,
          "put_latency_on_this_client": 232.2
        },
        "6": {
          "Q1": [
            5,
            6,
            7
          ],
          "Q2": [
            5,
            6,
            7
          ],
          "get_cost_on_this_client": 3.2424926757812495e-06,
          "put_cost_on_this_client": 1.6229879111051556e-06,
          "get_latency_on_this_client": 310.2,
          "put_latency_on_this_client": 310.2
        },
        "7": {
          "Q1": [
            0,
            5,
            7
          ],
          "Q2": [
            0,
            5,
            7
          ],
          "get_cost_on_this_client": 1.9073486328125e-06,
          "put_cost_on_this_client": 9.54698771238327e-07,
          "get_latency_on_this_client": 202.4,
          "put_latency_on_this_client": 202.4
        },
        "8": {
          "Q1": [
            0,
            5,
            7
          ],
          "Q2": [
            0,
            5,
            7
          ],
          "get_cost_on_this_client": 1.9073486328125e-06,
          "put_cost_on_this_client": 9.54698771238327e-07,
          "get_latency_on_this_client": 189.92,
          "put_latency_on_this_client": 189.92
        }
      }
    }
  ],
  "overall_cost": 2.0732588047792344,
  "get_cost": 1.327800750732422,
  "put_cost": 0.6646135495975614,
  "storage_cost": 0.003370520186750856,
  "vm_cost": 0.0774739842625,
  "time_period_hrs": 1.0
}