{
  "output": [
    {
      "id": 0,
      "protocol": "cas",
      "m": 9,
      "k": 5,
      "selected_dcs": [
        0,
        1,
        2,
        3,
        4,
        5,
        6,
        7,
        8
      ],
      "get_cost": 0.06463237106800081,
      "put_cost": 0.584811419248581,
      "storage_cost": 0.0011444091796875002,
      "vm_cost": 0.07731023333666666,
      "total_cost": 0.727898432832936,
      "get_latency": 634.2,
      "put_latency": 951.3000000000001,
      "client_placement_info": {
        "0": {
          "Q1": [
            0,
            2,
            3
          ],
          "Q2": [
            0,
            2,
            3,
            4,
            5,
            6,
            7
          ],
          "Q3": [
            0,
            2,
            3,
            4,
            5,
            6,
            7
          ],
          "Q4": [
            0,
            2,
            3,
            4,
            5,
            6,
            7
          ],
          "get_cost_on_this_client": 8.788146078586579e-07,
          "put_cost_on_this_client": 8.835271000862123e-07,
          "get_latency_on_this_client": 479.29999999999995,
          "put_latency_on_this_client": 732.5
        },
        "1": {
          "Q1": [
            0,
            1,
            2
          ],
          "Q2": [
            0,
            1,
            2,
            3,
            4,
            5,
            6
          ],
          "Q3": [
            0,
            1,
            2,
            3,
            4,
            5,
            6
          ],
          "Q4": [
            0,
            1,
            2,
            3,
            4,
            5,
            6
          ],
          "get_cost_on_this_client": 1.738863065838814e-06,
          "put_cost_on_this_client": 1.7481856048107148e-06,
          "get_latency_on_this_client": 405.9,
          "put_latency_on_this_client": 696.7
        },
        "2": {
          "Q1": [
            0,
            2,
            3
          ],
          "Q2": [
            0,
            2,
            3,
            4,
            5,
            6,
            7
          ],
          "Q3": [
            0,
            2,
            3,
            4,
            5,
            6,
            7
          ],
          "Q4": [
            0,
            2,
            3,
            4,
            5,
            6,
            7
          ],
          "get_cost_on_this_client": 8.788146078586579e-07,
          "put_cost_on_this_client": 8.835271000862123e-07,
          "get_latency_on_this_client": 521.3,
          "put_latency_on_this_client": 840.5999999999999
        },
        "3": {
          "Q1": [
            0,
            3,
            4
          ],
          "Q2": [
            0,
            2,
            3,
            4,
            5,
            6,
            7
          ],
          "Q3": [
            0,
            2,
            3,
            4,
            5,
            6,
            7
          ],
          "Q4": [
            0,
            2,
            3,
            4,
            5,
            6,
            7
          ],
          "get_cost_on_this_client": 8.212868124246599e-07,
          "put_cost_on_this_client": 8.256919682025911e-07,
          "get_latency_on_this_client": 458,
          "put_latency_on_this_client": 687
        },
        "4": {
          "Q1": [
            0,
            3,
            4
          ],
          "Q2": [
            0,
            2,
            3,
            4,
            5,
            6,
            7
          ],
          "Q3": [
            0,
            2,
            3,
            4,
            5,
            6,
            7
          ],
          "Q4": [
            0,
            2,
            3,
            4,
            5,
            6,
            7
          ],
          "get_cost_on_this_client": 8.212868124246599e-07,
          "put_cost_on_this_client": 8.256919682025911e-07,
          "get_latency_on_this_client": 444,
          "put_latency_on_this_client": 666
        },
        "5": {
          "Q1": [
            5,
            7,
            8
          ],
          "Q2": [
            0,
            2,
            3,
            4,
            5,
            7,
            8
          ],
          "Q3": [
            0,
            2,
            3,
            4,
            5,
            7,
            8
          ],
          "Q4": [
            0,
            2,
            3,
            4,
            5,
            7,
            8
          ],
          "get_cost_on_this_client": 6.678793579339982e-07,
          "put_cost_on_this_client": 6.714649498462677e-07,
          "get_latency_on_this_client": 281.99,
          "put_latency_on_this_client": 495.99
        },
        "6": {
          "Q1": [
            0,
            2,
            6
          ],
          "Q2": [
            0,
            2,
            3,
            4,
            5,
            6,
            7
          ],
          "Q3": [
            0,
            2,
            3,
            4,
            5,
            6,
            7
          ],
          "Q4": [
            0,
            2,
            3,
            4,
            5,
            6,
            7
          ],
          "get_cost_on_this_client": 9.36342403292656e-07,
          "put_cost_on_this_client": 9.413622319698335e-07,
          "get_latency_on_this_client": 634.2,
          "put_latency_on_this_client": 951.3000000000001
        },
        "7": {
          "Q1": [
            5,
            7,
            8
          ],
          "Q2": [
            0,
            2,
            3,
            4,
            5,
            7,
            8
          ],
          "Q3": [
            0,
            2,
            3,
            4,
            5,
            7,
            8
          ],
          "Q4": [
            0,
            2,
            3,
            4,
            5,
            7,
            8
          ],
          "get_cost_on_this_client": 6.678793579339982e-07,
          "put_cost_on_this_client": 6.714649498462677e-07,
          "get_latency_on_this_client": 247.35000000000002,
          "put_latency_on_this_client": 427.25
        },
        "8": {
          "Q1": [
            5,
            7,
            8
          ],
          "Q2": [
            0,
            2,
            3,
            4,
            5,
            7,
            8
          ],
          "Q3": [
            0,
            2,
            3,
            4,
            5,
            7,
            8
          ],
          "Q4": [
            0,
            2,
            3,
            4,
            5,
            7,
            8
          ],
          "get_cost_on_this_client": 6.678793579339982e-07,
          "put_cost_on_this_client": 6.714649498462677e-07,
          "get_latency_on_this_client": 223.24,
          "put_latency_on_this_client": 388.14
        }
      }
    }
  ],
  "overall_cost": 0.727898432832936,
  "get_cost": 0.06463237106800081,
  "put_cost": 0.584811419248581,
  "storage_cost": 0.0011444091796875002,
  "vm_cost": 0.07731023333666666,
  "time_period_hrs": 1.0
}