{
  "output": [
    {
      "id": 0,
      "protocol": "cas",
      "m": 6,
      "k": 2,
      "selected_dcs": [
        2,
        3,
        4,
        5,
        7,
        8
      ],
      "get_cost": 0.002424232661724091,
      "put_cost": 0.004647299647331237,
      "storage_cost": 1.7350667143521242e-06,
      "vm_cost": 0.12211161111666669,
      "total_cost": 0.12918487849243637,
      "get_latency": 634.2,
      "put_latency": 951.3000000000001,
      "client_placement_info": {
        "0": {
          "Q1": [
            2,
            3,
            4
          ],
          "Q2": [
            2,
            3,
            4,
            5
          ],
          "Q3": [
            2,
            3,
            4,
            5
          ],
          "Q4": [
            2,
            3,
            4,
            5
          ],
          "get_cost_on_this_client": 3.5017728805541994e-09,
          "put_cost_on_this_client": 6.472691893577576e-09,
          "get_latency_on_this_client": 452.2,
          "put_latency_on_this_client": 678.3
        },
        "1": {
          "Q1": [
            2,
            3,
            4
          ],
          "Q2": [
            2,
            3,
            4,
            5
          ],
          "Q3": [
            2,
            3,
            4,
            5
          ],
          "Q4": [
            2,
            3,
            4,
            5
          ],
          "get_cost_on_this_client": 7.4040144681930535e-09,
          "put_cost_on_this_client": 1.3550743460655211e-08,
          "get_latency_on_this_client": 578,
          "put_latency_on_this_client": 867
        },
        "2": {
          "Q1": [
            2,
            3,
            4
          ],
          "Q2": [
            2,
            3,
            4,
            5
          ],
          "Q3": [
            2,
            3,
            4,
            5
          ],
          "Q4": [
            2,
            3,
            4,
            5
          ],
          "get_cost_on_this_client": 2.905726432800293e-09,
          "put_cost_on_this_client": 5.466863512992859e-09,
          "get_latency_on_this_client": 417.3,
          "put_latency_on_this_client": 631.3
        },
        "3": {
          "Q1": [
            2,
            3,
            4
          ],
          "Q2": [
            2,
            3,
            4,
            5
          ],
          "Q3": [
            2,
            3,
            4,
            5
          ],
          "Q4": [
            2,
            3,
            4,
            5
          ],
          "get_cost_on_this_client": 2.0116567611694337e-09,
          "put_cost_on_this_client": 3.958120942115784e-09,
          "get_latency_on_this_client": 401.2,
          "put_latency_on_this_client": 601.8
        },
        "4": {
          "Q1": [
            2,
            3,
            4
          ],
          "Q2": [
            2,
            3,
            4,
            5
          ],
          "Q3": [
            2,
            3,
            4,
            5
          ],
          "Q4": [
            2,
            3,
            4,
            5
          ],
          "get_cost_on_this_client": 2.0116567611694337e-09,
          "put_cost_on_this_client": 3.958120942115784e-09,
          "get_latency_on_this_client": 407.2,
          "put_latency_on_this_client": 610.8
        },
        "5": {
          "Q1": [
            5,
            7,
            8
          ],
          "Q2": [
            2,
            5,
            7,
            8
          ],
          "Q3": [
            2,
            5,
            7,
            8
          ],
          "Q4": [
            2,
            5,
            7,
            8
          ],
          "get_cost_on_this_client": 8.195638656616211e-10,
          "put_cost_on_this_client": 1.94646418094635e-09,
          "get_latency_on_this_client": 281.99,
          "put_latency_on_this_client": 495.99
        },
        "6": {
          "Q1": [
            2,
            3,
            4
          ],
          "Q2": [
            2,
            3,
            4,
            5
          ],
          "Q3": [
            2,
            3,
            4,
            5
          ],
          "Q4": [
            2,
            3,
            4,
            5
          ],
          "get_cost_on_this_client": 3.948807716369629e-09,
          "put_cost_on_this_client": 7.227063179016113e-09,
          "get_latency_on_this_client": 634.2,
          "put_latency_on_this_client": 951.3000000000001
        },
        "7": {
          "Q1": [
            5,
            7,
            8
          ],
          "Q2": [
            2,
            5,
            7,
            8
          ],
          "Q3": [
            2,
            5,
            7,
            8
          ],
          "Q4": [
            2,
            5,
            7,
            8
          ],
          "get_cost_on_this_client": 8.195638656616211e-10,
          "put_cost_on_this_client": 1.94646418094635e-09,
          "get_latency_on_this_client": 247.35000000000002,
          "put_latency_on_this_client": 427.25
        },
        "8": {
          "Q1": [
            5,
            7,
            8
          ],
          "Q2": [
            2,
            5,
            7,
            8
          ],
          "Q3": [
            2,
            5,
            7,
            8
          ],
          "Q4": [
            2,
            5,
            7,
            8
          ],
          "get_cost_on_this_client": 8.195638656616211e-10,
          "put_cost_on_this_client": 1.94646418094635e-09,
          "get_latency_on_this_client": 223.24,
          "put_latency_on_this_client": 388.14
        }
      }
    }
  ],
  "overall_cost": 0.12918487849243637,
  "get_cost": 0.002424232661724091,
  "put_cost": 0.004647299647331237,
  "storage_cost": 1.7350667143521242e-06,
  "vm_cost": 0.12211161111666669,
  "time_period_hrs": 1.0
}