{
  "output": [
    {
      "id": 0,
      "protocol": "cas",
      "m": 8,
      "k": 2,
      "selected_dcs": [
        0,
        1,
        2,
        3,
        5,
        6,
        7,
        8
      ],
      "get_cost": 0.9690265031531454,
      "put_cost": 0.24823328945785764,
      "storage_cost": 0.0025474861876605315,
      "vm_cost": 0.17148042593333335,
      "total_cost": 1.391287704731997,
      "get_latency": 634.2,
      "put_latency": 951.3000000000001,
      "client_placement_info": {
        "0": {
          "Q1": [
            0,
            2,
            3,
            5,
            6
          ],
          "Q2": [
            0,
            2,
            3,
            5,
            6,
            7
          ],
          "Q3": [
            0,
            2,
            3,
            5
          ],
          "Q4": [
            0,
            2,
            3,
            5
          ],
          "get_cost_on_this_client": 1.0521151125431061e-06,
          "put_cost_on_this_client": 1.817308366298676e-06,
          "get_latency_on_this_client": 479.29999999999995,
          "put_latency_on_this_client": 732.5
        },
        "1": {
          "Q1": [
            0,
            1,
            2,
            3,
            5
          ],
          "Q2": [
            0,
            1,
            2,
            3,
            5,
            6
          ],
          "Q3": [
            0,
            1,
            2,
            3
          ],
          "Q4": [
            0,
            1,
            2,
            3
          ],
          "get_cost_on_this_client": 2.1997001022100447e-06,
          "put_cost_on_this_client": 3.634924069046974e-06,
          "get_latency_on_this_client": 578,
          "put_latency_on_this_client": 868.8
        },
        "2": {
          "Q1": [
            0,
            2,
            3,
            5,
            6
          ],
          "Q2": [
            0,
            2,
            3,
            5,
            6,
            7
          ],
          "Q3": [
            0,
            2,
            3,
            5
          ],
          "Q4": [
            0,
            2,
            3,
            5
          ],
          "get_cost_on_this_client": 1.0521151125431061e-06,
          "put_cost_on_this_client": 1.817308366298676e-06,
          "get_latency_on_this_client": 533.3,
          "put_latency_on_this_client": 852.6
        },
        "3": {
          "Q1": [
            0,
            2,
            3,
            5,
            6
          ],
          "Q2": [
            0,
            2,
            3,
            5,
            6,
            7
          ],
          "Q3": [
            0,
            2,
            3,
            5
          ],
          "Q4": [
            0,
            2,
            3,
            5
          ],
          "get_cost_on_this_client": 1.1954735964536668e-06,
          "put_cost_on_this_client": 1.9609741866588596e-06,
          "get_latency_on_this_client": 458,
          "put_latency_on_this_client": 687
        },
        "4": {
          "Q1": [
            0,
            2,
            3,
            5,
            6
          ],
          "Q2": [
            0,
            2,
            3,
            5,
            6,
            7
          ],
          "Q3": [
            0,
            2,
            3,
            5
          ],
          "Q4": [
            0,
            2,
            3,
            5
          ],
          "get_cost_on_this_client": 1.243259757757187e-06,
          "put_cost_on_this_client": 2.008862793445587e-06,
          "get_latency_on_this_client": 444,
          "put_latency_on_this_client": 666
        },
        "5": {
          "Q1": [
            0,
            2,
            5,
            7,
            8
          ],
          "Q2": [
            0,
            2,
            3,
            5,
            7,
            8
          ],
          "Q3": [
            0,
            5,
            7,
            8
          ],
          "Q4": [
            0,
            5,
            7,
            8
          ],
          "get_cost_on_this_client": 5.264673382043839e-07,
          "put_cost_on_this_client": 1.2905336916446686e-06,
          "get_latency_on_this_client": 360,
          "put_latency_on_this_client": 574
        },
        "6": {
          "Q1": [
            0,
            2,
            3,
            5,
            6
          ],
          "Q2": [
            0,
            2,
            3,
            5,
            6,
            7
          ],
          "Q3": [
            0,
            2,
            3,
            6
          ],
          "Q4": [
            0,
            2,
            3,
            6
          ],
          "get_cost_on_this_client": 1.1954735964536668e-06,
          "put_cost_on_this_client": 1.9609741866588596e-06,
          "get_latency_on_this_client": 634.2,
          "put_latency_on_this_client": 951.3000000000001
        },
        "7": {
          "Q1": [
            0,
            2,
            5,
            7,
            8
          ],
          "Q2": [
            0,
            2,
            3,
            5,
            7,
            8
          ],
          "Q3": [
            0,
            5,
            7,
            8
          ],
          "Q4": [
            0,
            5,
            7,
            8
          ],
          "get_cost_on_this_client": 5.264673382043839e-07,
          "put_cost_on_this_client": 1.2905336916446686e-06,
          "get_latency_on_this_client": 281.1,
          "put_latency_on_this_client": 461.0
        },
        "8": {
          "Q1": [
            0,
            2,
            5,
            7,
            8
          ],
          "Q2": [
            0,
            2,
            3,
            5,
            7,
            8
          ],
          "Q3": [
            0,
            5,
            7,
            8
          ],
          "Q4": [
            0,
            5,
            7,
            8
          ],
          "get_cost_on_this_client": 5.264673382043839e-07,
          "put_cost_on_this_client": 1.2905336916446686e-06,
          "get_latency_on_this_client": 259.86,
          "put_latency_on_this_client": 424.76
        }
      }
    }
  ],
  "overall_cost": 1.391287704731997,
  "get_cost": 0.9690265031531454,
  "put_cost": 0.24823328945785764,
  "storage_cost": 0.0025474861876605315,
  "vm_cost": 0.17148042593333335,
  "time_period_hrs": 1.0
}