{
  "output": [
    {
      "id": 0,
      "protocol": "cas",
      "m": 8,
      "k": 2,
      "selected_dcs": [
        0,
        1,
        2,
        3,
        5,
        6,
        7,
        8
      ],
      "get_cost": 0.09908051602542402,
      "put_cost": 0.3884404096752405,
      "storage_cost": 0.0025474861876605315,
      "vm_cost": 0.06859217037333333,
      "total_cost": 0.5586605822616584,
      "get_latency": 634.2,
      "put_latency": 951.3000000000001,
      "client_placement_info": {
        "0": {
          "Q1": [
            0,
            2,
            3
          ],
          "Q2": [
            0,
            2,
            3,
            5
          ],
          "Q3": [
            0,
            2,
            3,
            5,
            6,
            7
          ],
          "Q4": [
            0,
            2,
            3,
            5,
            6,
            7
          ],
          "get_cost_on_this_client": 1.8134154379367831e-06,
          "put_cost_on_this_client": 1.0543689131736756e-06,
          "get_latency_on_this_client": 479.29999999999995,
          "put_latency_on_this_client": 705.4
        },
        "1": {
          "Q1": [
            0,
            1,
            2
          ],
          "Q2": [
            0,
            1,
            2,
            3
          ],
          "Q3": [
            0,
            1,
            2,
            3,
            5,
            6
          ],
          "Q4": [
            0,
            1,
            2,
            3,
            5,
            6
          ],
          "get_cost_on_this_client": 3.6271382123231885e-06,
          "put_cost_on_this_client": 2.204412594437599e-06,
          "get_latency_on_this_client": 405.9,
          "put_latency_on_this_client": 694.9000000000001
        },
        "2": {
          "Q1": [
            0,
            2,
            3
          ],
          "Q2": [
            0,
            2,
            3,
            5
          ],
          "Q3": [
            0,
            2,
            3,
            5,
            6,
            7
          ],
          "Q4": [
            0,
            2,
            3,
            5,
            6,
            7
          ],
          "get_cost_on_this_client": 1.8134154379367831e-06,
          "put_cost_on_this_client": 1.0543689131736756e-06,
          "get_latency_on_this_client": 521.3,
          "put_latency_on_this_client": 735.3
        },
        "3": {
          "Q1": [
            0,
            2,
            3
          ],
          "Q2": [
            0,
            2,
            3,
            5
          ],
          "Q3": [
            0,
            2,
            3,
            5,
            6,
            7
          ],
          "Q4": [
            0,
            2,
            3,
            5,
            6,
            7
          ],
          "get_cost_on_this_client": 1.9567739218473436e-06,
          "put_cost_on_this_client": 1.1980347335338594e-06,
          "get_latency_on_this_client": 458,
          "put_latency_on_this_client": 687
        },
        "4": {
          "Q1": [
            0,
            2,
            3
          ],
          "Q2": [
            0,
            2,
            3,
            5
          ],
          "Q3": [
            0,
            2,
            3,
            5,
            6,
            7
          ],
          "Q4": [
            0,
            2,
            3,
            5,
            6,
            7
          ],
          "get_cost_on_this_client": 2.0045600831508637e-06,
          "put_cost_on_this_client": 1.2459233403205871e-06,
          "get_latency_on_this_client": 444,
          "put_latency_on_this_client": 666
        },
        "5": {
          "Q1": [
            5,
            7,
            8
          ],
          "Q2": [
            0,
            5,
            7,
            8
          ],
          "Q3": [
            0,
            2,
            3,
            5,
            7,
            8
          ],
          "Q4": [
            0,
            2,
            3,
            5,
            7,
            8
          ],
          "get_cost_on_this_client": 1.2877676635980606e-06,
          "put_cost_on_this_client": 5.275942385196686e-07,
          "get_latency_on_this_client": 281.99,
          "put_latency_on_this_client": 427.99
        },
        "6": {
          "Q1": [
            0,
            2,
            6
          ],
          "Q2": [
            0,
            2,
            3,
            6
          ],
          "Q3": [
            0,
            2,
            3,
            5,
            6,
            7
          ],
          "Q4": [
            0,
            2,
            3,
            5,
            6,
            7
          ],
          "get_cost_on_this_client": 1.9567739218473436e-06,
          "put_cost_on_this_client": 1.1980347335338594e-06,
          "get_latency_on_this_client": 634.2,
          "put_latency_on_this_client": 951.3000000000001
        },
        "7": {
          "Q1": [
            5,
            7,
            8
          ],
          "Q2": [
            0,
            5,
            7,
            8
          ],
          "Q3": [
            0,
            2,
            3,
            5,
            7,
            8
          ],
          "Q4": [
            0,
            2,
            3,
            5,
            7,
            8
          ],
          "get_cost_on_this_client": 1.2877676635980606e-06,
          "put_cost_on_this_client": 5.275942385196686e-07,
          "get_latency_on_this_client": 247.35000000000002,
          "put_latency_on_this_client": 348.55
        },
        "8": {
          "Q1": [
            5,
            7,
            8
          ],
          "Q2": [
            0,
            5,
            7,
            8
          ],
          "Q3": [
            0,
            2,
            3,
            5,
            7,
            8
          ],
          "Q4": [
            0,
            2,
            3,
            5,
            7,
            8
          ],
          "get_cost_on_this_client": 1.2877676635980606e-06,
          "put_cost_on_this_client": 5.275942385196686e-07,
          "get_latency_on_this_client": 223.24,
          "put_latency_on_this_client": 318.20000000000005
        }
      }
    }
  ],
  "overall_cost": 0.5586605822616584,
  "get_cost": 0.09908051602542402,
  "put_cost": 0.3884404096752405,
  "storage_cost": 0.0025474861876605315,
  "vm_cost": 0.06859217037333333,
  "time_period_hrs": 1.0
}