{
  "output": [
    {
      "id": 0,
      "protocol": "replication",
      "m": 8,
      "k": 1,
      "selected_dcs": [
        0,
        1,
        2,
        4,
        5,
        6,
        7,
        8
      ],
      "get_cost": 0.004895031452178954,
      "put_cost": 0.007092021405696867,
      "storage_cost": 4.9755589602744756e-06,
      "vm_cost": 0.17148042593333335,
      "total_cost": 0.18347245435016946,
      "get_latency": 363.9,
      "put_latency": 535.9,
      "client_placement_info": {
        "0": {
          "Q1": [
            0,
            2,
            7,
            8
          ],
          "Q2": [
            0,
            2,
            7,
            8
          ],
          "Q3": [
            0,
            1,
            2,
            7,
            8
          ],
          "Q4": [
            0,
            1,
            2,
            7,
            8
          ],
          "get_cost_on_this_client": 5.6996941566467294e-09,
          "put_cost_on_this_client": 8.09319317340851e-09,
          "get_latency_on_this_client": 214.8,
          "put_latency_on_this_client": 314.6
        },
        "1": {
          "Q1": [
            0,
            1,
            2,
            7
          ],
          "Q2": [
            0,
            1,
            2,
            7
          ],
          "Q3": [
            0,
            1,
            2,
            7,
            8
          ],
          "Q4": [
            0,
            1,
            2,
            7,
            8
          ],
          "get_cost_on_this_client": 1.039355993270874e-08,
          "put_cost_on_this_client": 1.524575054645538e-08,
          "get_latency_on_this_client": 301,
          "put_latency_on_this_client": 440
        },
        "2": {
          "Q1": [
            0,
            1,
            2,
            7
          ],
          "Q2": [
            0,
            1,
            2,
            7
          ],
          "Q3": [
            0,
            1,
            2,
            7,
            8
          ],
          "Q4": [
            0,
            1,
            2,
            7,
            8
          ],
          "get_cost_on_this_client": 6.4168125391006475e-09,
          "put_cost_on_this_client": 9.462237358093262e-09,
          "get_latency_on_this_client": 330.8,
          "put_latency_on_this_client": 495.6
        },
        "3": {
          "Q1": [
            4,
            5,
            7,
            8
          ],
          "Q2": [
            4,
            5,
            7,
            8
          ],
          "Q3": [
            2,
            4,
            5,
            7,
            8
          ],
          "Q4": [
            2,
            4,
            5,
            7,
            8
          ],
          "get_cost_on_this_client": 5.830079317092896e-09,
          "put_cost_on_this_client": 8.568167686462403e-09,
          "get_latency_on_this_client": 353.7,
          "put_latency_on_this_client": 506.79999999999995
        },
        "4": {
          "Q1": [
            4,
            5,
            7,
            8
          ],
          "Q2": [
            4,
            5,
            7,
            8
          ],
          "Q3": [
            4,
            5,
            6,
            7,
            8
          ],
          "Q4": [
            4,
            5,
            6,
            7,
            8
          ],
          "get_cost_on_this_client": 5.634501576423646e-09,
          "put_cost_on_this_client": 8.27014446258545e-09,
          "get_latency_on_this_client": 333.0,
          "put_latency_on_this_client": 473.9
        },
        "5": {
          "Q1": [
            4,
            5,
            7,
            8
          ],
          "Q2": [
            4,
            5,
            7,
            8
          ],
          "Q3": [
            4,
            5,
            6,
            7,
            8
          ],
          "Q4": [
            4,
            5,
            6,
            7,
            8
          ],
          "get_cost_on_this_client": 2.896413207054138e-09,
          "put_cost_on_this_client": 4.097819328308106e-09,
          "get_latency_on_this_client": 195.07,
          "put_latency_on_this_client": 274.03999999999996
        },
        "6": {
          "Q1": [
            5,
            6,
            7,
            8
          ],
          "Q2": [
            5,
            6,
            7,
            8
          ],
          "Q3": [
            4,
            5,
            6,
            7,
            8
          ],
          "Q4": [
            4,
            5,
            6,
            7,
            8
          ],
          "get_cost_on_this_client": 5.634501576423646e-09,
          "put_cost_on_this_client": 8.27014446258545e-09,
          "get_latency_on_this_client": 363.9,
          "put_latency_on_this_client": 535.9
        },
        "7": {
          "Q1": [
            0,
            5,
            7,
            8
          ],
          "Q2": [
            0,
            5,
            7,
            8
          ],
          "Q3": [
            0,
            1,
            5,
            7,
            8
          ],
          "Q4": [
            0,
            1,
            5,
            7,
            8
          ],
          "get_cost_on_this_client": 3.548339009284973e-09,
          "put_cost_on_this_client": 4.814937710762024e-09,
          "get_latency_on_this_client": 240.3,
          "put_latency_on_this_client": 341.5
        },
        "8": {
          "Q1": [
            0,
            5,
            7,
            8
          ],
          "Q2": [
            0,
            5,
            7,
            8
          ],
          "Q3": [
            0,
            4,
            5,
            7,
            8
          ],
          "Q4": [
            0,
            4,
            5,
            7,
            8
          ],
          "get_cost_on_this_client": 2.896413207054138e-09,
          "put_cost_on_this_client": 4.097819328308106e-09,
          "get_latency_on_this_client": 225.95999999999998,
          "put_latency_on_this_client": 320.91999999999996
        }
      }
    }
  ],
  "overall_cost": 0.18347245435016946,
  "get_cost": 0.004895031452178954,
  "put_cost": 0.007092021405696867,
  "storage_cost": 4.9755589602744756e-06,
  "vm_cost": 0.17148042593333335,
  "time_period_hrs": 1.0
}