{
  "output": [
    {
      "id": 8,
      "protocol": "replication",
      "m": 5,
      "k": 1,
      "selected_dcs": [
        0,
        2,
        5,
        6,
        7
      ],
      "get_cost": 17.228069650009274,
      "put_cost": 1.91443556919694,
      "storage_cost": 0.032398798694349314,
      "vm_cost": 0.10817670370833335,
      "total_cost": 19.283080721608897,
      "get_latency": 310.2,
      "put_latency": 465.29999999999995,
      "client_placement_info": {
        "0": {
          "Q1": [
            0,
            2,
            7
          ],
          "Q2": [
            0,
            2,
            7
          ],
          "Q3": [
            0,
            2,
            7
          ],
          "Q4": [
            0,
            2,
            7
          ],
          "get_cost_on_this_client": 1.335287466645241e-05,
          "put_cost_on_this_client": 1.3354308903217317e-05,
          "get_latency_on_this_client": 199.6,
          "put_latency_on_this_client": 299.4
        },
        "1": {
          "Q1": [
            0,
            2,
            7
          ],
          "Q2": [
            0,
            2,
            7
          ],
          "Q3": [
            0,
            2,
            7
          ],
          "Q4": [
            0,
            2,
            7
          ],
          "get_cost_on_this_client": 4.291995428502559e-05,
          "put_cost_on_this_client": 4.292456433176994e-05,
          "get_latency_on_this_client": 278,
          "put_latency_on_this_client": 417
        },
        "2": {
          "Q1": [
            0,
            2,
            7
          ],
          "Q2": [
            0,
            2,
            7
          ],
          "Q3": [
            0,
            2,
            7
          ],
          "Q4": [
            0,
            2,
            7
          ],
          "get_cost_on_this_client": 1.335287466645241e-05,
          "put_cost_on_this_client": 1.3354308903217317e-05,
          "get_latency_on_this_client": 329.6,
          "put_latency_on_this_client": 494.40000000000003
        },
        "3": {
          "Q1": [
            2,
            5,
            7
          ],
          "Q2": [
            2,
            5,
            7
          ],
          "Q3": [
            2,
            5,
            7
          ],
          "Q4": [
            2,
            5,
            7
          ],
          "get_cost_on_this_client": 2.2890642285346984e-05,
          "put_cost_on_this_client": 2.289310097694397e-05,
          "get_latency_on_this_client": 401.2,
          "put_latency_on_this_client": 601.8
        },
        "4": {
          "Q1": [
            5,
            6,
            7
          ],
          "Q2": [
            5,
            6,
            7
          ],
          "Q3": [
            5,
            6,
            7
          ],
          "Q4": [
            5,
            6,
            7
          ],
          "get_cost_on_this_client": 2.2890642285346984e-05,
          "put_cost_on_this_client": 2.289310097694397e-05,
          "get_latency_on_this_client": 384.2,
          "put_latency_on_this_client": 576.3
        },
        "5": {
          "Q1": [
            5,
            6,
            7
          ],
          "Q2": [
            5,
            6,
            7
          ],
          "Q3": [
            5,
            6,
            7
          ],
          "Q4": [
            5,
            6,
            7
          ],
          "get_cost_on_this_client": 9.537767618894577e-06,
          "put_cost_on_this_client": 9.538792073726655e-06,
          "get_latency_on_this_client": 232.2,
          "put_latency_on_this_client": 348.29999999999995
        },
        "6": {
          "Q1": [
            5,
            6,
            7
          ],
          "Q2": [
            5,
            6,
            7
          ],
          "Q3": [
            5,
            6,
            7
          ],
          "Q4": [
            5,
            6,
            7
          ],
          "get_cost_on_this_client": 1.621420495212078e-05,
          "put_cost_on_this_client": 1.6215946525335313e-05,
          "get_latency_on_this_client": 310.2,
          "put_latency_on_this_client": 465.29999999999995
        },
        "7": {
          "Q1": [
            0,
            5,
            7
          ],
          "Q2": [
            0,
            5,
            7
          ],
          "Q3": [
            0,
            5,
            7
          ],
          "Q4": [
            0,
            5,
            7
          ],
          "get_cost_on_this_client": 9.537767618894577e-06,
          "put_cost_on_this_client": 9.538792073726655e-06,
          "get_latency_on_this_client": 202.4,
          "put_latency_on_this_client": 303.6
        },
        "8": {
          "Q1": [
            0,
            5,
            7
          ],
          "Q2": [
            0,
            5,
            7
          ],
          "Q3": [
            0,
            5,
            7
          ],
          "Q4": [
            0,
            5,
            7
          ],
          "get_cost_on_this_client": 9.537767618894577e-06,
          "put_cost_on_this_client": 9.538792073726655e-06,
          "get_latency_on_this_client": 189.92,
          "put_latency_on_this_client": 284.88
        }
      }
    }
  ],
  "overall_cost": 19.283080721608897,
  "get_cost": 17.228069650009274,
  "put_cost": 1.91443556919694,
  "storage_cost": 0.032398798694349314,
  "vm_cost": 0.10817670370833335,
  "time_period_hrs": 1.0
}