{
  "output": [
    {
      "id": 8,
      "protocol": "abd",
      "m": 5,
      "selected_dcs": [
        0,
        1,
        5,
        7,
        8
      ],
      "get_cost": 1.4136314392089844,
      "put_cost": 0.07861944381147623,
      "storage_cost": 0.0031092395521190065,
      "vm_cost": 0.10277578704166668,
      "total_cost": 1.5981359096142462,
      "get_latency": 504.2,
      "put_latency": 504.2,
      "client_placement_info": {
        "0": {
          "Q1": [
            0,
            5,
            7
          ],
          "Q2": [
            0,
            5,
            7
          ],
          "get_cost_on_this_client": 3.2424926757812495e-06,
          "put_cost_on_this_client": 1.6229879111051556e-06,
          "get_latency_on_this_client": 296.2,
          "put_latency_on_this_client": 296.2
        },
        "1": {
          "Q1": [
            0,
            1,
            5
          ],
          "Q2": [
            0,
            1,
            5
          ],
          "get_cost_on_this_client": 5.91278076171875e-06,
          "put_cost_on_this_client": 2.9595661908388137e-06,
          "get_latency_on_this_client": 408,
          "put_latency_on_this_client": 408
        },
        "2": {
          "Q1": [
            0,
            5,
            7
          ],
          "Q2": [
            0,
            5,
            7
          ],
          "get_cost_on_this_client": 4.00543212890625e-06,
          "put_cost_on_this_client": 2.004867419600487e-06,
          "get_latency_on_this_client": 428,
          "put_latency_on_this_client": 428
        },
        "3": {
          "Q1": [
            0,
            5,
            7
          ],
          "Q2": [
            0,
            5,
            7
          ],
          "get_cost_on_this_client": 4.57763671875e-06,
          "put_cost_on_this_client": 2.2912770509719847e-06,
          "get_latency_on_this_client": 458,
          "put_latency_on_this_client": 458
        },
        "4": {
          "Q1": [
            0,
            5,
            7
          ],
          "Q2": [
            0,
            5,
            7
          ],
          "get_cost_on_this_client": 4.57763671875e-06,
          "put_cost_on_this_client": 2.2912770509719847e-06,
          "get_latency_on_this_client": 444,
          "put_latency_on_this_client": 444
        },
        "5": {
          "Q1": [
            5,
            7,
            8
          ],
          "Q2": [
            5,
            7,
            8
          ],
          "get_cost_on_this_client": 5.7220458984375e-07,
          "put_cost_on_this_client": 2.864096313714981e-07,
          "get_latency_on_this_client": 135.98,
          "put_latency_on_this_client": 135.98
        },
        "6": {
          "Q1": [
            0,
            5,
            7
          ],
          "Q2": [
            0,
            5,
            7
          ],
          "get_cost_on_this_client": 4.57763671875e-06,
          "put_cost_on_this_client": 2.2912770509719847e-06,
          "get_latency_on_this_client": 504.2,
          "put_latency_on_this_client": 504.2
        },
        "7": {
          "Q1": [
            5,
            7,
            8
          ],
          "Q2": [
            5,
            7,
            8
          ],
          "get_cost_on_this_client": 5.7220458984375e-07,
          "put_cost_on_this_client": 2.864096313714981e-07,
          "get_latency_on_this_client": 134.9,
          "put_latency_on_this_client": 134.9
        },
        "8": {
          "Q1": [
            5,
            7,
            8
          ],
          "Q2": [
            5,
            7,
            8
          ],
          "get_cost_on_this_client": 5.7220458984375e-07,
          "put_cost_on_this_client": 2.864096313714981e-07,
          "get_latency_on_this_client": 116.68,
          "put_latency_on_this_client": 116.68
        }
      }
    }
  ],
  "overall_cost": 1.5981359096142462,
  "get_cost": 1.4136314392089844,
  "put_cost": 0.07861944381147623,
  "storage_cost": 0.0031092395521190065,
  "vm_cost": 0.10277578704166668,
  "time_period_hrs": 1.0
}