{
  "output": [
    {
      "id": 8,
      "protocol": "replication",
      "m": 7,
      "k": 1,
      "selected_dcs": [
        1,
        2,
        3,
        4,
        5,
        7,
        8
      ],
      "get_cost": 14.903847612440584,
      "put_cost": 3.7656885012984276,
      "storage_cost": 0.04258874344499144,
      "vm_cost": 0.10198027130083336,
      "total_cost": 18.814105128484837,
      "get_latency": 634.2,
      "put_latency": 951.3000000000001,
      "client_placement_info": {
        "0": {
          "Q1": [
            2,
            3,
            4,
            5,
            7
          ],
          "Q2": [
            2,
            3,
            4,
            5,
            7
          ],
          "Q3": [
            2,
            3,
            4
          ],
          "Q4": [
            2,
            3,
            4
          ],
          "get_cost_on_this_client": 2.0030951127409938e-05,
          "put_cost_on_this_client": 3.52918915450573e-05,
          "get_latency_on_this_client": 452.2,
          "put_latency_on_this_client": 678.3
        },
        "1": {
          "Q1": [
            1,
            2,
            3,
            4,
            5
          ],
          "Q2": [
            1,
            2,
            3,
            4,
            5
          ],
          "Q3": [
            1,
            2,
            3
          ],
          "Q4": [
            1,
            2,
            3
          ],
          "get_cost_on_this_client": 2.957015298306942e-05,
          "put_cost_on_this_client": 5.818355828523636e-05,
          "get_latency_on_this_client": 578,
          "put_latency_on_this_client": 867
        },
        "2": {
          "Q1": [
            2,
            3,
            4,
            5,
            7
          ],
          "Q2": [
            2,
            3,
            4,
            5,
            7
          ],
          "Q3": [
            2,
            3,
            4
          ],
          "Q4": [
            2,
            3,
            4
          ],
          "get_cost_on_this_client": 1.6215844079852105e-05,
          "put_cost_on_this_client": 3.1476374715566635e-05,
          "get_latency_on_this_client": 417.3,
          "put_latency_on_this_client": 631.3
        },
        "3": {
          "Q1": [
            2,
            3,
            4,
            5,
            7
          ],
          "Q2": [
            2,
            3,
            4,
            5,
            7
          ],
          "Q3": [
            2,
            3,
            4
          ],
          "Q4": [
            2,
            3,
            4
          ],
          "get_cost_on_this_client": 1.0493183508515357e-05,
          "put_cost_on_this_client": 2.5753099471330643e-05,
          "get_latency_on_this_client": 401.2,
          "put_latency_on_this_client": 601.8
        },
        "4": {
          "Q1": [
            2,
            3,
            4,
            5,
            7
          ],
          "Q2": [
            2,
            3,
            4,
            5,
            7
          ],
          "Q3": [
            2,
            3,
            4
          ],
          "Q4": [
            2,
            3,
            4
          ],
          "get_cost_on_this_client": 1.0493183508515357e-05,
          "put_cost_on_this_client": 2.5753099471330643e-05,
          "get_latency_on_this_client": 407.2,
          "put_latency_on_this_client": 610.8
        },
        "5": {
          "Q1": [
            2,
            3,
            5,
            7,
            8
          ],
          "Q2": [
            2,
            3,
            5,
            7,
            8
          ],
          "Q3": [
            5,
            7,
            8
          ],
          "Q4": [
            5,
            7,
            8
          ],
          "get_cost_on_this_client": 2.8629694133996965e-06,
          "put_cost_on_this_client": 1.8122065812349318e-05,
          "get_latency_on_this_client": 281.99,
          "put_latency_on_this_client": 495.99
        },
        "6": {
          "Q1": [
            2,
            3,
            4,
            5,
            7
          ],
          "Q2": [
            2,
            3,
            4,
            5,
            7
          ],
          "Q3": [
            2,
            3,
            4
          ],
          "Q4": [
            2,
            3,
            4
          ],
          "get_cost_on_this_client": 2.289228141307831e-05,
          "put_cost_on_this_client": 3.8153529167175294e-05,
          "get_latency_on_this_client": 634.2,
          "put_latency_on_this_client": 951.3000000000001
        },
        "7": {
          "Q1": [
            2,
            3,
            5,
            7,
            8
          ],
          "Q2": [
            2,
            3,
            5,
            7,
            8
          ],
          "Q3": [
            5,
            7,
            8
          ],
          "Q4": [
            5,
            7,
            8
          ],
          "get_cost_on_this_client": 2.8629694133996965e-06,
          "put_cost_on_this_client": 1.8122065812349318e-05,
          "get_latency_on_this_client": 247.35000000000002,
          "put_latency_on_this_client": 427.25
        },
        "8": {
          "Q1": [
            2,
            3,
            5,
            7,
            8
          ],
          "Q2": [
            2,
            3,
            5,
            7,
            8
          ],
          "Q3": [
            5,
            7,
            8
          ],
          "Q4": [
            5,
            7,
            8
          ],
          "get_cost_on_this_client": 2.8629694133996965e-06,
          "put_cost_on_this_client": 1.8122065812349318e-05,
          "get_latency_on_this_client": 223.24,
          "put_latency_on_this_client": 388.14
        }
      }
    }
  ],
  "overall_cost": 18.814105128484837,
  "get_cost": 14.903847612440584,
  "put_cost": 3.7656885012984276,
  "storage_cost": 0.04258874344499144,
  "vm_cost": 0.10198027130083336,
  "time_period_hrs": 1.0
}