{
  "output": [
    {
      "id": 0,
      "protocol": "cas",
      "m": 8,
      "k": 2,
      "selected_dcs": [
        0,
        1,
        2,
        3,
        5,
        6,
        7,
        8
      ],
      "get_cost": 9.659383711405098,
      "put_cost": 2.4768271157518025,
      "storage_cost": 0.02547486187660531,
      "vm_cost": 0.17148042593333335,
      "total_cost": 12.33316611496684,
      "get_latency": 634.2,
      "put_latency": 951.3000000000001,
      "client_placement_info": {
        "0": {
          "Q1": [
            0,
            2,
            3,
            5,
            6
          ],
          "Q2": [
            0,
            2,
            3,
            5,
            6,
            7
          ],
          "Q3": [
            0,
            2,
            3,
            5
          ],
          "Q4": [
            0,
            2,
            3,
            5
          ],
          "get_cost_on_this_client": 1.0493490844964982e-05,
          "put_cost_on_this_client": 1.8125139176845555e-05,
          "get_latency_on_this_client": 479.29999999999995,
          "put_latency_on_this_client": 732.5
        },
        "1": {
          "Q1": [
            0,
            1,
            2,
            3,
            5
          ],
          "Q2": [
            0,
            1,
            2,
            3,
            5,
            6
          ],
          "Q3": [
            0,
            1,
            2,
            3
          ],
          "Q4": [
            0,
            1,
            2,
            3
          ],
          "get_cost_on_this_client": 2.194075845181942e-05,
          "put_cost_on_this_client": 3.625058569014072e-05,
          "get_latency_on_this_client": 578,
          "put_latency_on_this_client": 868.8
        },
        "2": {
          "Q1": [
            0,
            2,
            3,
            5,
            6
          ],
          "Q2": [
            0,
            2,
            3,
            5,
            6,
            7
          ],
          "Q3": [
            0,
            2,
            3,
            5
          ],
          "Q4": [
            0,
            2,
            3,
            5
          ],
          "get_cost_on_this_client": 1.0493490844964982e-05,
          "put_cost_on_this_client": 1.8125139176845555e-05,
          "get_latency_on_this_client": 533.3,
          "put_latency_on_this_client": 852.6
        },
        "3": {
          "Q1": [
            0,
            2,
            3,
            5,
            6
          ],
          "Q2": [
            0,
            2,
            3,
            5,
            6,
            7
          ],
          "Q3": [
            0,
            2,
            3,
            5
          ],
          "Q4": [
            0,
            2,
            3,
            5
          ],
          "get_cost_on_this_client": 1.1924309656023978e-05,
          "put_cost_on_this_client": 1.9556265324354173e-05,
          "get_latency_on_this_client": 458,
          "put_latency_on_this_client": 687
        },
        "4": {
          "Q1": [
            0,
            2,
            3,
            5,
            6
          ],
          "Q2": [
            0,
            2,
            3,
            5,
            6,
            7
          ],
          "Q3": [
            0,
            2,
            3,
            5
          ],
          "Q4": [
            0,
            2,
            3,
            5
          ],
          "get_cost_on_this_client": 1.2401249259710312e-05,
          "put_cost_on_this_client": 2.0033307373523714e-05,
          "get_latency_on_this_client": 444,
          "put_latency_on_this_client": 666
        },
        "5": {
          "Q1": [
            0,
            2,
            5,
            7,
            8
          ],
          "Q2": [
            0,
            2,
            3,
            5,
            7,
            8
          ],
          "Q3": [
            0,
            5,
            7,
            8
          ],
          "Q4": [
            0,
            5,
            7,
            8
          ],
          "get_cost_on_this_client": 5.2471552044153215e-06,
          "put_cost_on_this_client": 1.2877676635980605e-05,
          "get_latency_on_this_client": 360,
          "put_latency_on_this_client": 574
        },
        "6": {
          "Q1": [
            0,
            2,
            3,
            5,
            6
          ],
          "Q2": [
            0,
            2,
            3,
            5,
            6,
            7
          ],
          "Q3": [
            0,
            2,
            3,
            6
          ],
          "Q4": [
            0,
            2,
            3,
            6
          ],
          "get_cost_on_this_client": 1.1924309656023978e-05,
          "put_cost_on_this_client": 1.9556265324354173e-05,
          "get_latency_on_this_client": 634.2,
          "put_latency_on_this_client": 951.3000000000001
        },
        "7": {
          "Q1": [
            0,
            2,
            5,
            7,
            8
          ],
          "Q2": [
            0,
            2,
            3,
            5,
            7,
            8
          ],
          "Q3": [
            0,
            5,
            7,
            8
          ],
          "Q4": [
            0,
            5,
            7,
            8
          ],
          "get_cost_on_this_client": 5.2471552044153215e-06,
          "put_cost_on_this_client": 1.2877676635980605e-05,
          "get_latency_on_this_client": 281.1,
          "put_latency_on_this_client": 461.0
        },
        "8": {
          "Q1": [
            0,
            2,
            5,
            7,
            8
          ],
          "Q2": [
            0,
            2,
            3,
            5,
            7,
            8
          ],
          "Q3": [
            0,
            5,
            7,
            8
          ],
          "Q4": [
            0,
            5,
            7,
            8
          ],
          "get_cost_on_this_client": 5.2471552044153215e-06,
          "put_cost_on_this_client": 1.2877676635980605e-05,
          "get_latency_on_this_client": 259.86,
          "put_latency_on_this_client": 424.76
        }
      }
    }
  ],
  "overall_cost": 12.33316611496684,
  "get_cost": 9.659383711405098,
  "put_cost": 2.4768271157518025,
  "storage_cost": 0.02547486187660531,
  "vm_cost": 0.17148042593333335,
  "time_period_hrs": 1.0
}