{
  "output": [
    {
      "id": 0,
      "protocol": "cas",
      "m": 8,
      "k": 4,
      "selected_dcs": [
        0,
        1,
        2,
        3,
        5,
        6,
        7,
        8
      ],
      "get_cost": 2.775076604448259,
      "put_cost": 0.3096644673496485,
      "storage_cost": 0.0012737430938302657,
      "vm_cost": 0.17148042593333335,
      "total_cost": 3.257495240825071,
      "get_latency": 634.2,
      "put_latency": 951.3000000000001,
      "client_placement_info": {
        "0": {
          "Q1": [
            0,
            2,
            3
          ],
          "Q2": [
            0,
            2,
            3,
            5,
            6,
            7
          ],
          "Q3": [
            0,
            2,
            3,
            5,
            6,
            7
          ],
          "Q4": [
            0,
            2,
            3,
            5,
            6,
            7
          ],
          "get_cost_on_this_client": 9.074248373508455e-07,
          "put_cost_on_this_client": 9.113177657127382e-07,
          "get_latency_on_this_client": 479.29999999999995,
          "put_latency_on_this_client": 732.5
        },
        "1": {
          "Q1": [
            0,
            1,
            2
          ],
          "Q2": [
            0,
            1,
            2,
            3,
            5,
            6
          ],
          "Q3": [
            0,
            1,
            2,
            3,
            5,
            6
          ],
          "Q4": [
            0,
            1,
            2,
            3,
            5,
            6
          ],
          "get_cost_on_this_client": 1.8151570111513138e-06,
          "put_cost_on_this_client": 1.822942867875099e-06,
          "get_latency_on_this_client": 405.9,
          "put_latency_on_this_client": 696.7
        },
        "2": {
          "Q1": [
            0,
            2,
            3
          ],
          "Q2": [
            0,
            2,
            3,
            5,
            6,
            7
          ],
          "Q3": [
            0,
            2,
            3,
            5,
            6,
            7
          ],
          "Q4": [
            0,
            2,
            3,
            5,
            6,
            7
          ],
          "get_cost_on_this_client": 9.074248373508455e-07,
          "put_cost_on_this_client": 9.113177657127382e-07,
          "get_latency_on_this_client": 521.3,
          "put_latency_on_this_client": 840.5999999999999
        },
        "3": {
          "Q1": [
            0,
            2,
            3
          ],
          "Q2": [
            0,
            2,
            3,
            5,
            6,
            7
          ],
          "Q3": [
            0,
            2,
            3,
            5,
            6,
            7
          ],
          "Q4": [
            0,
            2,
            3,
            5,
            6,
            7
          ],
          "get_cost_on_this_client": 9.792577475309372e-07,
          "put_cost_on_this_client": 9.834580123424532e-07,
          "get_latency_on_this_client": 458,
          "put_latency_on_this_client": 687
        },
        "4": {
          "Q1": [
            0,
            2,
            3
          ],
          "Q2": [
            0,
            2,
            3,
            5,
            6,
            7
          ],
          "Q3": [
            0,
            2,
            3,
            5,
            6,
            7
          ],
          "Q4": [
            0,
            2,
            3,
            5,
            6,
            7
          ],
          "get_cost_on_this_client": 1.0032020509243012e-06,
          "put_cost_on_this_client": 1.0075047612190246e-06,
          "get_latency_on_this_client": 444,
          "put_latency_on_this_client": 666
        },
        "5": {
          "Q1": [
            5,
            7,
            8
          ],
          "Q2": [
            0,
            2,
            3,
            5,
            7,
            8
          ],
          "Q3": [
            0,
            2,
            3,
            5,
            7,
            8
          ],
          "Q4": [
            0,
            2,
            3,
            5,
            7,
            8
          ],
          "get_cost_on_this_client": 6.440375000238419e-07,
          "put_cost_on_this_client": 6.468035280704498e-07,
          "get_latency_on_this_client": 281.99,
          "put_latency_on_this_client": 495.99
        },
        "6": {
          "Q1": [
            0,
            2,
            6
          ],
          "Q2": [
            0,
            2,
            3,
            5,
            6,
            7
          ],
          "Q3": [
            0,
            2,
            3,
            5,
            6,
            7
          ],
          "Q4": [
            0,
            2,
            3,
            5,
            6,
            7
          ],
          "get_cost_on_this_client": 9.792577475309372e-07,
          "put_cost_on_this_client": 9.834580123424532e-07,
          "get_latency_on_this_client": 634.2,
          "put_latency_on_this_client": 951.3000000000001
        },
        "7": {
          "Q1": [
            5,
            7,
            8
          ],
          "Q2": [
            0,
            2,
            3,
            5,
            7,
            8
          ],
          "Q3": [
            0,
            2,
            3,
            5,
            7,
            8
          ],
          "Q4": [
            0,
            2,
            3,
            5,
            7,
            8
          ],
          "get_cost_on_this_client": 6.440375000238419e-07,
          "put_cost_on_this_client": 6.468035280704498e-07,
          "get_latency_on_this_client": 247.35000000000002,
          "put_latency_on_this_client": 427.25
        },
        "8": {
          "Q1": [
            5,
            7,
            8
          ],
          "Q2": [
            0,
            2,
            3,
            5,
            7,
            8
          ],
          "Q3": [
            0,
            2,
            3,
            5,
            7,
            8
          ],
          "Q4": [
            0,
            2,
            3,
            5,
            7,
            8
          ],
          "get_cost_on_this_client": 6.440375000238419e-07,
          "put_cost_on_this_client": 6.468035280704498e-07,
          "get_latency_on_this_client": 223.24,
          "put_latency_on_this_client": 388.14
        }
      }
    }
  ],
  "overall_cost": 3.257495240825071,
  "get_cost": 2.775076604448259,
  "put_cost": 0.3096644673496485,
  "storage_cost": 0.0012737430938302657,
  "vm_cost": 0.17148042593333335,
  "time_period_hrs": 1.0
}