{
  "output": [
    {
      "id": 8,
      "protocol": "replication",
      "m": 5,
      "k": 1,
      "selected_dcs": [
        2,
        5,
        6,
        7,
        8
      ],
      "get_cost": 0.11991016566753387,
      "put_cost": 1.0803495347499847,
      "storage_cost": 0.003083111488655822,
      "vm_cost": 0.04174268148333333,
      "total_cost": 1.2450854933895077,
      "get_latency": 332,
      "put_latency": 498,
      "client_placement_info": {
        "0": {
          "Q1": [
            2,
            7,
            8
          ],
          "Q2": [
            2,
            7,
            8
          ],
          "Q3": [
            2,
            7,
            8
          ],
          "Q4": [
            2,
            7,
            8
          ],
          "get_cost_on_this_client": 2.004867419600487e-06,
          "put_cost_on_this_client": 2.0070187747478485e-06,
          "get_latency_on_this_client": 199.6,
          "put_latency_on_this_client": 299.4
        },
        "1": {
          "Q1": [
            2,
            7,
            8
          ],
          "Q2": [
            2,
            7,
            8
          ],
          "Q3": [
            2,
            7,
            8
          ],
          "Q4": [
            2,
            7,
            8
          ],
          "get_cost_on_this_client": 4.2961444705724714e-06,
          "put_cost_on_this_client": 4.300754517316818e-06,
          "get_latency_on_this_client": 324,
          "put_latency_on_this_client": 486
        },
        "2": {
          "Q1": [
            2,
            7,
            8
          ],
          "Q2": [
            2,
            7,
            8
          ],
          "Q3": [
            2,
            7,
            8
          ],
          "Q4": [
            2,
            7,
            8
          ],
          "get_cost_on_this_client": 1.6229879111051556e-06,
          "put_cost_on_this_client": 1.6247294843196866e-06,
          "get_latency_on_this_client": 332,
          "put_latency_on_this_client": 498
        },
        "3": {
          "Q1": [
            5,
            7,
            8
          ],
          "Q2": [
            5,
            7,
            8
          ],
          "Q3": [
            5,
            7,
            8
          ],
          "Q4": [
            5,
            7,
            8
          ],
          "get_cost_on_this_client": 2.2912770509719847e-06,
          "put_cost_on_this_client": 2.29373574256897e-06,
          "get_latency_on_this_client": 306.2,
          "put_latency_on_this_client": 459.29999999999995
        },
        "4": {
          "Q1": [
            5,
            7,
            8
          ],
          "Q2": [
            5,
            7,
            8
          ],
          "Q3": [
            5,
            7,
            8
          ],
          "Q4": [
            5,
            7,
            8
          ],
          "get_cost_on_this_client": 2.2912770509719847e-06,
          "put_cost_on_this_client": 2.29373574256897e-06,
          "get_latency_on_this_client": 281.8,
          "put_latency_on_this_client": 422.70000000000005
        },
        "5": {
          "Q1": [
            5,
            7,
            8
          ],
          "Q2": [
            5,
            7,
            8
          ],
          "Q3": [
            5,
            7,
            8
          ],
          "Q4": [
            5,
            7,
            8
          ],
          "get_cost_on_this_client": 2.864096313714981e-07,
          "put_cost_on_this_client": 2.8671696782112123e-07,
          "get_latency_on_this_client": 135.98,
          "put_latency_on_this_client": 203.96999999999997
        },
        "6": {
          "Q1": [
            5,
            6,
            7
          ],
          "Q2": [
            5,
            6,
            7
          ],
          "Q3": [
            5,
            6,
            7
          ],
          "Q4": [
            5,
            6,
            7
          ],
          "get_cost_on_this_client": 1.6229879111051556e-06,
          "put_cost_on_this_client": 1.6247294843196866e-06,
          "get_latency_on_this_client": 310.2,
          "put_latency_on_this_client": 465.29999999999995
        },
        "7": {
          "Q1": [
            5,
            7,
            8
          ],
          "Q2": [
            5,
            7,
            8
          ],
          "Q3": [
            5,
            7,
            8
          ],
          "Q4": [
            5,
            7,
            8
          ],
          "get_cost_on_this_client": 2.864096313714981e-07,
          "put_cost_on_this_client": 2.8671696782112123e-07,
          "get_latency_on_this_client": 134.9,
          "put_latency_on_this_client": 202.35000000000002
        },
        "8": {
          "Q1": [
            5,
            7,
            8
          ],
          "Q2": [
            5,
            7,
            8
          ],
          "Q3": [
            5,
            7,
            8
          ],
          "Q4": [
            5,
            7,
            8
          ],
          "get_cost_on_this_client": 2.864096313714981e-07,
          "put_cost_on_this_client": 2.8671696782112123e-07,
          "get_latency_on_this_client": 116.68,
          "put_latency_on_this_client": 175.02
        }
      }
    }
  ],
  "overall_cost": 1.2450854933895077,
  "get_cost": 0.11991016566753387,
  "put_cost": 1.0803495347499847,
  "storage_cost": 0.003083111488655822,
  "vm_cost": 0.04174268148333333,
  "time_period_hrs": 1.0
}