{
  "output": [
    {
      "id": 8,
      "protocol": "replication",
      "m": 7,
      "k": 1,
      "selected_dcs": [
        1,
        2,
        3,
        4,
        5,
        7,
        8
      ],
      "get_cost": 0.8535204827785492,
      "put_cost": 0.21548166871070862,
      "storage_cost": 0.004258874344499144,
      "vm_cost": 0.05827444074333334,
      "total_cost": 1.1315354665770903,
      "get_latency": 634.2,
      "put_latency": 951.3000000000001,
      "client_placement_info": {
        "0": {
          "Q1": [
            2,
            3,
            4,
            5,
            7
          ],
          "Q2": [
            2,
            3,
            4,
            5,
            7
          ],
          "Q3": [
            2,
            3,
            4
          ],
          "Q4": [
            2,
            3,
            4
          ],
          "get_cost_on_this_client": 2.0065065473318102e-06,
          "put_cost_on_this_client": 3.5345368087291724e-06,
          "get_latency_on_this_client": 452.2,
          "put_latency_on_this_client": 678.3
        },
        "1": {
          "Q1": [
            1,
            2,
            3,
            4,
            5
          ],
          "Q2": [
            1,
            2,
            3,
            4,
            5
          ],
          "Q3": [
            1,
            2,
            3
          ],
          "Q4": [
            1,
            2,
            3
          ],
          "get_cost_on_this_client": 2.962639555335045e-06,
          "put_cost_on_this_client": 5.826838314533233e-06,
          "get_latency_on_this_client": 578,
          "put_latency_on_this_client": 867
        },
        "2": {
          "Q1": [
            2,
            3,
            4,
            5,
            7
          ],
          "Q2": [
            2,
            3,
            4,
            5,
            7
          ],
          "Q3": [
            2,
            3,
            4
          ],
          "Q4": [
            2,
            3,
            4
          ],
          "get_cost_on_this_client": 1.624627038836479e-06,
          "put_cost_on_this_client": 3.1522475183010104e-06,
          "get_latency_on_this_client": 417.3,
          "put_latency_on_this_client": 631.3
        },
        "3": {
          "Q1": [
            2,
            3,
            4,
            5,
            7
          ],
          "Q2": [
            2,
            3,
            4,
            5,
            7
          ],
          "Q3": [
            2,
            3,
            4
          ],
          "Q4": [
            2,
            3,
            4
          ],
          "get_cost_on_this_client": 1.051807776093483e-06,
          "put_cost_on_this_client": 2.5788135826587677e-06,
          "get_latency_on_this_client": 401.2,
          "put_latency_on_this_client": 601.8
        },
        "4": {
          "Q1": [
            2,
            3,
            4,
            5,
            7
          ],
          "Q2": [
            2,
            3,
            4,
            5,
            7
          ],
          "Q3": [
            2,
            3,
            4
          ],
          "Q4": [
            2,
            3,
            4
          ],
          "get_cost_on_this_client": 1.051807776093483e-06,
          "put_cost_on_this_client": 2.5788135826587677e-06,
          "get_latency_on_this_client": 407.2,
          "put_latency_on_this_client": 610.8
        },
        "5": {
          "Q1": [
            2,
            3,
            5,
            7,
            8
          ],
          "Q2": [
            2,
            3,
            5,
            7,
            8
          ],
          "Q3": [
            5,
            7,
            8
          ],
          "Q4": [
            5,
            7,
            8
          ],
          "get_cost_on_this_client": 2.880487591028213e-07,
          "put_cost_on_this_client": 1.8142350018024444e-06,
          "get_latency_on_this_client": 281.99,
          "put_latency_on_this_client": 495.99
        },
        "6": {
          "Q1": [
            2,
            3,
            4,
            5,
            7
          ],
          "Q2": [
            2,
            3,
            4,
            5,
            7
          ],
          "Q3": [
            2,
            3,
            4
          ],
          "Q4": [
            2,
            3,
            4
          ],
          "get_cost_on_this_client": 2.292916178703308e-06,
          "put_cost_on_this_client": 3.821253776550293e-06,
          "get_latency_on_this_client": 634.2,
          "put_latency_on_this_client": 951.3000000000001
        },
        "7": {
          "Q1": [
            2,
            3,
            5,
            7,
            8
          ],
          "Q2": [
            2,
            3,
            5,
            7,
            8
          ],
          "Q3": [
            5,
            7,
            8
          ],
          "Q4": [
            5,
            7,
            8
          ],
          "get_cost_on_this_client": 2.880487591028213e-07,
          "put_cost_on_this_client": 1.8142350018024444e-06,
          "get_latency_on_this_client": 247.35000000000002,
          "put_latency_on_this_client": 427.25
        },
        "8": {
          "Q1": [
            2,
            3,
            5,
            7,
            8
          ],
          "Q2": [
            2,
            3,
            5,
            7,
            8
          ],
          "Q3": [
            5,
            7,
            8
          ],
          "Q4": [
            5,
            7,
            8
          ],
          "get_cost_on_this_client": 2.880487591028213e-07,
          "put_cost_on_this_client": 1.8142350018024444e-06,
          "get_latency_on_this_client": 223.24,
          "put_latency_on_this_client": 388.14
        }
      }
    }
  ],
  "overall_cost": 1.1315354665770903,
  "get_cost": 0.8535204827785492,
  "put_cost": 0.21548166871070862,
  "storage_cost": 0.004258874344499144,
  "vm_cost": 0.05827444074333334,
  "time_period_hrs": 1.0
}