{
  "output": [
    {
      "id": 0,
      "protocol": "cas",
      "m": 6,
      "k": 2,
      "selected_dcs": [
        0,
        1,
        5,
        6,
        7,
        8
      ],
      "get_cost": 0.21602645516395572,
      "put_cost": 0.21649022586643699,
      "storage_cost": 0.0019465407280072774,
      "vm_cost": 0.05144447778,
      "total_cost": 0.48590769953839996,
      "get_latency": 506.4,
      "put_latency": 785.6,
      "client_placement_info": {
        "0": {
          "Q1": [
            0,
            5,
            6
          ],
          "Q2": [
            0,
            5,
            6,
            7
          ],
          "Q3": [
            0,
            5,
            6,
            7
          ],
          "Q4": [
            0,
            5,
            6,
            7
          ],
          "get_cost_on_this_client": 1.1938344687223433e-06,
          "put_cost_on_this_client": 1.196395605802536e-06,
          "get_latency_on_this_client": 506.4,
          "put_latency_on_this_client": 759.5999999999999
        },
        "1": {
          "Q1": [
            0,
            1,
            5
          ],
          "Q2": [
            0,
            1,
            5,
            6
          ],
          "Q3": [
            0,
            1,
            5,
            6
          ],
          "Q4": [
            0,
            1,
            5,
            6
          ],
          "get_cost_on_this_client": 2.1966267377138135e-06,
          "put_cost_on_this_client": 2.2013392299413677e-06,
          "get_latency_on_this_client": 494.8,
          "put_latency_on_this_client": 785.6
        },
        "2": {
          "Q1": [
            0,
            5,
            6
          ],
          "Q2": [
            0,
            5,
            6,
            7
          ],
          "Q3": [
            0,
            5,
            6,
            7
          ],
          "Q4": [
            0,
            5,
            6,
            7
          ],
          "get_cost_on_this_client": 1.3849791139364244e-06,
          "put_cost_on_this_client": 1.3879500329494478e-06,
          "get_latency_on_this_client": 638.6,
          "put_latency_on_this_client": 957.9000000000001
        },
        "3": {
          "Q1": [
            0,
            5,
            6
          ],
          "Q2": [
            0,
            5,
            6,
            7
          ],
          "Q3": [
            0,
            5,
            6,
            7
          ],
          "Q4": [
            0,
            5,
            6,
            7
          ],
          "get_cost_on_this_client": 1.528337597846985e-06,
          "put_cost_on_this_client": 1.5316158533096315e-06,
          "get_latency_on_this_client": 458,
          "put_latency_on_this_client": 687
        },
        "4": {
          "Q1": [
            0,
            5,
            6
          ],
          "Q2": [
            0,
            5,
            6,
            7
          ],
          "Q3": [
            0,
            5,
            6,
            7
          ],
          "Q4": [
            0,
            5,
            6,
            7
          ],
          "get_cost_on_this_client": 1.528337597846985e-06,
          "put_cost_on_this_client": 1.5316158533096315e-06,
          "get_latency_on_this_client": 444,
          "put_latency_on_this_client": 666
        },
        "5": {
          "Q1": [
            5,
            7,
            8
          ],
          "Q2": [
            0,
            5,
            7,
            8
          ],
          "Q3": [
            0,
            5,
            7,
            8
          ],
          "Q4": [
            0,
            5,
            7,
            8
          ],
          "get_cost_on_this_client": 5.248282104730607e-07,
          "put_cost_on_this_client": 5.259551107883453e-07,
          "get_latency_on_this_client": 213.99,
          "put_latency_on_this_client": 359.99
        },
        "6": {
          "Q1": [
            0,
            5,
            6
          ],
          "Q2": [
            0,
            5,
            6,
            7
          ],
          "Q3": [
            0,
            5,
            6,
            7
          ],
          "Q4": [
            0,
            5,
            6,
            7
          ],
          "get_cost_on_this_client": 1.1938344687223433e-06,
          "put_cost_on_this_client": 1.196395605802536e-06,
          "get_latency_on_this_client": 504.2,
          "put_latency_on_this_client": 756.3
        },
        "7": {
          "Q1": [
            5,
            7,
            8
          ],
          "Q2": [
            0,
            5,
            7,
            8
          ],
          "Q3": [
            0,
            5,
            7,
            8
          ],
          "Q4": [
            0,
            5,
            7,
            8
          ],
          "get_cost_on_this_client": 5.248282104730607e-07,
          "put_cost_on_this_client": 5.259551107883453e-07,
          "get_latency_on_this_client": 168.65,
          "put_latency_on_this_client": 269.85
        },
        "8": {
          "Q1": [
            5,
            7,
            8
          ],
          "Q2": [
            0,
            5,
            7,
            8
          ],
          "Q3": [
            0,
            5,
            7,
            8
          ],
          "Q4": [
            0,
            5,
            7,
            8
          ],
          "get_cost_on_this_client": 5.248282104730607e-07,
          "put_cost_on_this_client": 5.259551107883453e-07,
          "get_latency_on_this_client": 153.3,
          "put_latency_on_this_client": 248.26
        }
      }
    }
  ],
  "overall_cost": 0.48590769953839996,
  "get_cost": 0.21602645516395572,
  "put_cost": 0.21649022586643699,
  "storage_cost": 0.0019465407280072774,
  "vm_cost": 0.05144447778,
  "time_period_hrs": 1.0
}