{
  "output": [
    {
      "id": 0,
      "protocol": "abd",
      "m": 5,
      "selected_dcs": [
        1,
        3,
        5,
        7,
        8
      ],
      "get_cost": 5.607604980468749,
      "put_cost": 25.236933119595047,
      "storage_cost": 0.030569834251926366,
      "vm_cost": 0.10281687037500001,
      "total_cost": 30.977924804690726,
      "get_latency": 578,
      "put_latency": 578,
      "client_placement_info": {
        "0": {
          "Q1": [
            3,
            5,
            7
          ],
          "Q2": [
            3,
            5,
            7
          ],
          "get_cost_on_this_client": 4.57763671875e-05,
          "put_cost_on_this_client": 2.2890642285346984e-05,
          "get_latency_on_this_client": 452.2,
          "put_latency_on_this_client": 452.2
        },
        "1": {
          "Q1": [
            1,
            3,
            5
          ],
          "Q2": [
            1,
            3,
            5
          ],
          "get_cost_on_this_client": 5.91278076171875e-05,
          "put_cost_on_this_client": 2.956707961857319e-05,
          "get_latency_on_this_client": 578,
          "put_latency_on_this_client": 578
        },
        "2": {
          "Q1": [
            3,
            5,
            7
          ],
          "Q2": [
            3,
            5,
            7
          ],
          "get_cost_on_this_client": 4.57763671875e-05,
          "put_cost_on_this_client": 2.2890642285346984e-05,
          "get_latency_on_this_client": 428,
          "put_latency_on_this_client": 428
        },
        "3": {
          "Q1": [
            3,
            5,
            7
          ],
          "Q2": [
            3,
            5,
            7
          ],
          "get_cost_on_this_client": 3.24249267578125e-05,
          "put_cost_on_this_client": 1.621420495212078e-05,
          "get_latency_on_this_client": 306.2,
          "put_latency_on_this_client": 306.2
        },
        "4": {
          "Q1": [
            3,
            5,
            7
          ],
          "Q2": [
            3,
            5,
            7
          ],
          "get_cost_on_this_client": 3.4332275390625e-05,
          "put_cost_on_this_client": 1.7167981714010238e-05,
          "get_latency_on_this_client": 281.8,
          "put_latency_on_this_client": 281.8
        },
        "5": {
          "Q1": [
            5,
            7,
            8
          ],
          "Q2": [
            5,
            7,
            8
          ],
          "get_cost_on_this_client": 5.7220458984375e-06,
          "put_cost_on_this_client": 2.861330285668373e-06,
          "get_latency_on_this_client": 135.98,
          "put_latency_on_this_client": 135.98
        },
        "6": {
          "Q1": [
            3,
            5,
            7
          ],
          "Q2": [
            3,
            5,
            7
          ],
          "get_cost_on_this_client": 4.57763671875e-05,
          "put_cost_on_this_client": 2.2890642285346984e-05,
          "get_latency_on_this_client": 404.2,
          "put_latency_on_this_client": 404.2
        },
        "7": {
          "Q1": [
            5,
            7,
            8
          ],
          "Q2": [
            5,
            7,
            8
          ],
          "get_cost_on_this_client": 5.7220458984375e-06,
          "put_cost_on_this_client": 2.861330285668373e-06,
          "get_latency_on_this_client": 134.9,
          "put_latency_on_this_client": 134.9
        },
        "8": {
          "Q1": [
            5,
            7,
            8
          ],
          "Q2": [
            5,
            7,
            8
          ],
          "get_cost_on_this_client": 5.7220458984375e-06,
          "put_cost_on_this_client": 2.861330285668373e-06,
          "get_latency_on_this_client": 116.68,
          "put_latency_on_this_client": 116.68
        }
      }
    }
  ],
  "overall_cost": 30.977924804690726,
  "get_cost": 5.607604980468749,
  "put_cost": 25.236933119595047,
  "storage_cost": 0.030569834251926366,
  "vm_cost": 0.10281687037500001,
  "time_period_hrs": 1.0
}