{
  "output": [
    {
      "id": 0,
      "protocol": "abd",
      "m": 5,
      "selected_dcs": [
        0,
        5,
        6,
        7,
        8
      ],
      "get_cost": 5.989074707031249,
      "put_cost": 26.953731290996068,
      "storage_cost": 0.031876237425085614,
      "vm_cost": 0.10503670370833335,
      "total_cost": 33.07971893916074,
      "get_latency": 332,
      "put_latency": 332,
      "client_placement_info": {
        "0": {
          "Q1": [
            0,
            7,
            8
          ],
          "Q2": [
            0,
            7,
            8
          ],
          "get_cost_on_this_client": 3.24249267578125e-05,
          "put_cost_on_this_client": 1.621420495212078e-05,
          "get_latency_on_this_client": 199.6,
          "put_latency_on_this_client": 199.6
        },
        "1": {
          "Q1": [
            0,
            7,
            8
          ],
          "Q2": [
            0,
            7,
            8
          ],
          "get_cost_on_this_client": 8.583068847656249e-05,
          "put_cost_on_this_client": 4.291995428502559e-05,
          "get_latency_on_this_client": 324,
          "put_latency_on_this_client": 324
        },
        "2": {
          "Q1": [
            0,
            7,
            8
          ],
          "Q2": [
            0,
            7,
            8
          ],
          "get_cost_on_this_client": 4.005432128906251e-05,
          "put_cost_on_this_client": 2.0029311999678616e-05,
          "get_latency_on_this_client": 332,
          "put_latency_on_this_client": 332
        },
        "3": {
          "Q1": [
            5,
            7,
            8
          ],
          "Q2": [
            5,
            7,
            8
          ],
          "get_cost_on_this_client": 4.57763671875e-05,
          "put_cost_on_this_client": 2.2890642285346984e-05,
          "get_latency_on_this_client": 306.2,
          "put_latency_on_this_client": 306.2
        },
        "4": {
          "Q1": [
            5,
            7,
            8
          ],
          "Q2": [
            5,
            7,
            8
          ],
          "get_cost_on_this_client": 4.57763671875e-05,
          "put_cost_on_this_client": 2.2890642285346984e-05,
          "get_latency_on_this_client": 281.8,
          "put_latency_on_this_client": 281.8
        },
        "5": {
          "Q1": [
            5,
            7,
            8
          ],
          "Q2": [
            5,
            7,
            8
          ],
          "get_cost_on_this_client": 5.7220458984375e-06,
          "put_cost_on_this_client": 2.861330285668373e-06,
          "get_latency_on_this_client": 135.98,
          "put_latency_on_this_client": 135.98
        },
        "6": {
          "Q1": [
            5,
            6,
            7
          ],
          "Q2": [
            5,
            6,
            7
          ],
          "get_cost_on_this_client": 3.24249267578125e-05,
          "put_cost_on_this_client": 1.621420495212078e-05,
          "get_latency_on_this_client": 310.2,
          "put_latency_on_this_client": 310.2
        },
        "7": {
          "Q1": [
            5,
            7,
            8
          ],
          "Q2": [
            5,
            7,
            8
          ],
          "get_cost_on_this_client": 5.7220458984375e-06,
          "put_cost_on_this_client": 2.861330285668373e-06,
          "get_latency_on_this_client": 134.9,
          "put_latency_on_this_client": 134.9
        },
        "8": {
          "Q1": [
            5,
            7,
            8
          ],
          "Q2": [
            5,
            7,
            8
          ],
          "get_cost_on_this_client": 5.7220458984375e-06,
          "put_cost_on_this_client": 2.861330285668373e-06,
          "get_latency_on_this_client": 116.68,
          "put_latency_on_this_client": 116.68
        }
      }
    }
  ],
  "overall_cost": 33.07971893916074,
  "get_cost": 5.989074707031249,
  "put_cost": 26.953731290996068,
  "storage_cost": 0.031876237425085614,
  "vm_cost": 0.10503670370833335,
  "time_period_hrs": 1.0
}