{
  "output": [
    {
      "id": 0,
      "protocol": "cas",
      "m": 7,
      "k": 3,
      "selected_dcs": [
        0,
        1,
        2,
        3,
        5,
        7,
        8
      ],
      "get_cost": 0.023445624858140942,
      "put_cost": 0.21770219877362257,
      "storage_cost": 0.0001437043490475171,
      "vm_cost": 0.10195151296750002,
      "total_cost": 0.34324304094831104,
      "get_latency": 634.2,
      "put_latency": 951.3000000000001,
      "client_placement_info": {
        "0": {
          "Q1": [
            0,
            2,
            3
          ],
          "Q2": [
            0,
            2,
            3,
            5,
            7
          ],
          "Q3": [
            0,
            2,
            3,
            5,
            7
          ],
          "Q4": [
            0,
            2,
            3,
            5,
            7
          ],
          "get_cost_on_this_client": 9.680166840553285e-08,
          "put_cost_on_this_client": 9.987503290176392e-08,
          "get_latency_on_this_client": 452.2,
          "put_latency_on_this_client": 678.3
        },
        "1": {
          "Q1": [
            0,
            1,
            2
          ],
          "Q2": [
            0,
            1,
            2,
            3,
            5
          ],
          "Q3": [
            0,
            1,
            2,
            3,
            5
          ],
          "Q4": [
            0,
            1,
            2,
            3,
            5
          ],
          "get_cost_on_this_client": 1.970895876487096e-07,
          "put_cost_on_this_client": 2.0333876212437946e-07,
          "get_latency_on_this_client": 404.1,
          "put_latency_on_this_client": 693.1
        },
        "2": {
          "Q1": [
            0,
            2,
            3
          ],
          "Q2": [
            0,
            2,
            3,
            5,
            7
          ],
          "Q3": [
            0,
            2,
            3,
            5,
            7
          ],
          "Q4": [
            0,
            2,
            3,
            5,
            7
          ],
          "get_cost_on_this_client": 9.680166840553285e-08,
          "put_cost_on_this_client": 9.987503290176392e-08,
          "get_latency_on_this_client": 416,
          "put_latency_on_this_client": 630
        },
        "3": {
          "Q1": [
            0,
            2,
            3
          ],
          "Q2": [
            0,
            2,
            3,
            5,
            7
          ],
          "Q3": [
            0,
            2,
            3,
            5,
            7
          ],
          "Q4": [
            0,
            2,
            3,
            5,
            7
          ],
          "get_cost_on_this_client": 1.0664574801921845e-07,
          "put_cost_on_this_client": 1.1002644896507263e-07,
          "get_latency_on_this_client": 458,
          "put_latency_on_this_client": 687
        },
        "4": {
          "Q1": [
            0,
            2,
            3
          ],
          "Q2": [
            0,
            2,
            3,
            5,
            7
          ],
          "Q3": [
            0,
            2,
            3,
            5,
            7
          ],
          "Q4": [
            0,
            2,
            3,
            5,
            7
          ],
          "get_cost_on_this_client": 1.0992710789044699e-07,
          "put_cost_on_this_client": 1.1341025431950888e-07,
          "get_latency_on_this_client": 444,
          "put_latency_on_this_client": 666
        },
        "5": {
          "Q1": [
            5,
            7,
            8
          ],
          "Q2": [
            0,
            2,
            5,
            7,
            8
          ],
          "Q3": [
            0,
            2,
            5,
            7,
            8
          ],
          "Q4": [
            0,
            2,
            5,
            7,
            8
          ],
          "get_cost_on_this_client": 6.070670982201893e-08,
          "put_cost_on_this_client": 6.265317400296528e-08,
          "get_latency_on_this_client": 281.99,
          "put_latency_on_this_client": 495.99
        },
        "6": {
          "Q1": [
            0,
            2,
            3
          ],
          "Q2": [
            0,
            2,
            3,
            5,
            7
          ],
          "Q3": [
            0,
            2,
            3,
            5,
            7
          ],
          "Q4": [
            0,
            2,
            3,
            5,
            7
          ],
          "get_cost_on_this_client": 1.2961526711781818e-07,
          "put_cost_on_this_client": 1.337130864461263e-07,
          "get_latency_on_this_client": 634.2,
          "put_latency_on_this_client": 951.3000000000001
        },
        "7": {
          "Q1": [
            5,
            7,
            8
          ],
          "Q2": [
            0,
            2,
            5,
            7,
            8
          ],
          "Q3": [
            0,
            2,
            5,
            7,
            8
          ],
          "Q4": [
            0,
            2,
            5,
            7,
            8
          ],
          "get_cost_on_this_client": 6.070670982201893e-08,
          "put_cost_on_this_client": 6.265317400296528e-08,
          "get_latency_on_this_client": 247.35000000000002,
          "put_latency_on_this_client": 427.25
        },
        "8": {
          "Q1": [
            5,
            7,
            8
          ],
          "Q2": [
            0,
            2,
            5,
            7,
            8
          ],
          "Q3": [
            0,
            2,
            5,
            7,
            8
          ],
          "Q4": [
            0,
            2,
            5,
            7,
            8
          ],
          "get_cost_on_this_client": 6.070670982201893e-08,
          "put_cost_on_this_client": 6.265317400296528e-08,
          "get_latency_on_this_client": 223.24,
          "put_latency_on_this_client": 388.14
        }
      }
    }
  ],
  "overall_cost": 0.34324304094831104,
  "get_cost": 0.023445624858140942,
  "put_cost": 0.21770219877362257,
  "storage_cost": 0.0001437043490475171,
  "vm_cost": 0.10195151296750002,
  "time_period_hrs": 1.0
}