{
  "output": [
    {
      "id": 0,
      "protocol": "replication",
      "m": 5,
      "k": 1,
      "selected_dcs": [
        2,
        5,
        6,
        7,
        8
      ],
      "get_cost": 0.003868918865919112,
      "put_cost": 0.0006550550460815429,
      "storage_cost": 3.010851063140451e-06,
      "vm_cost": 0.07304969259583333,
      "total_cost": 0.07757667735889712,
      "get_latency": 332,
      "put_latency": 498,
      "client_placement_info": {
        "0": {
          "Q1": [
            2,
            7,
            8
          ],
          "Q2": [
            2,
            7,
            8
          ],
          "Q3": [
            2,
            7,
            8
          ],
          "Q4": [
            2,
            7,
            8
          ],
          "get_cost_on_this_client": 4.10713255405426e-09,
          "put_cost_on_this_client": 6.258487701416016e-09,
          "get_latency_on_this_client": 199.6,
          "put_latency_on_this_client": 299.4
        },
        "1": {
          "Q1": [
            2,
            7,
            8
          ],
          "Q2": [
            2,
            7,
            8
          ],
          "Q3": [
            2,
            7,
            8
          ],
          "Q4": [
            2,
            7,
            8
          ],
          "get_cost_on_this_client": 8.800998330116271e-09,
          "put_cost_on_this_client": 1.341104507446289e-08,
          "get_latency_on_this_client": 324,
          "put_latency_on_this_client": 486
        },
        "2": {
          "Q1": [
            2,
            7,
            8
          ],
          "Q2": [
            2,
            7,
            8
          ],
          "Q3": [
            2,
            7,
            8
          ],
          "Q4": [
            2,
            7,
            8
          ],
          "get_cost_on_this_client": 3.3248215913772577e-09,
          "put_cost_on_this_client": 5.066394805908203e-09,
          "get_latency_on_this_client": 332,
          "put_latency_on_this_client": 498
        },
        "3": {
          "Q1": [
            5,
            7,
            8
          ],
          "Q2": [
            5,
            7,
            8
          ],
          "Q3": [
            5,
            7,
            8
          ],
          "Q4": [
            5,
            7,
            8
          ],
          "get_cost_on_this_client": 4.693865776062011e-09,
          "put_cost_on_this_client": 7.152557373046875e-09,
          "get_latency_on_this_client": 306.2,
          "put_latency_on_this_client": 459.29999999999995
        },
        "4": {
          "Q1": [
            5,
            7,
            8
          ],
          "Q2": [
            5,
            7,
            8
          ],
          "Q3": [
            5,
            7,
            8
          ],
          "Q4": [
            5,
            7,
            8
          ],
          "get_cost_on_this_client": 4.693865776062011e-09,
          "put_cost_on_this_client": 7.152557373046875e-09,
          "get_latency_on_this_client": 281.8,
          "put_latency_on_this_client": 422.70000000000005
        },
        "5": {
          "Q1": [
            5,
            7,
            8
          ],
          "Q2": [
            5,
            7,
            8
          ],
          "Q3": [
            5,
            7,
            8
          ],
          "Q4": [
            5,
            7,
            8
          ],
          "get_cost_on_this_client": 5.867332220077514e-10,
          "put_cost_on_this_client": 8.940696716308593e-10,
          "get_latency_on_this_client": 135.98,
          "put_latency_on_this_client": 203.96999999999997
        },
        "6": {
          "Q1": [
            5,
            6,
            7
          ],
          "Q2": [
            5,
            6,
            7
          ],
          "Q3": [
            5,
            6,
            7
          ],
          "Q4": [
            5,
            6,
            7
          ],
          "get_cost_on_this_client": 3.3248215913772577e-09,
          "put_cost_on_this_client": 5.066394805908203e-09,
          "get_latency_on_this_client": 310.2,
          "put_latency_on_this_client": 465.29999999999995
        },
        "7": {
          "Q1": [
            5,
            7,
            8
          ],
          "Q2": [
            5,
            7,
            8
          ],
          "Q3": [
            5,
            7,
            8
          ],
          "Q4": [
            5,
            7,
            8
          ],
          "get_cost_on_this_client": 5.867332220077514e-10,
          "put_cost_on_this_client": 8.940696716308593e-10,
          "get_latency_on_this_client": 134.9,
          "put_latency_on_this_client": 202.35000000000002
        },
        "8": {
          "Q1": [
            5,
            7,
            8
          ],
          "Q2": [
            5,
            7,
            8
          ],
          "Q3": [
            5,
            7,
            8
          ],
          "Q4": [
            5,
            7,
            8
          ],
          "get_cost_on_this_client": 5.867332220077514e-10,
          "put_cost_on_this_client": 8.940696716308593e-10,
          "get_latency_on_this_client": 116.68,
          "put_latency_on_this_client": 175.02
        }
      }
    }
  ],
  "overall_cost": 0.07757667735889712,
  "get_cost": 0.003868918865919112,
  "put_cost": 0.0006550550460815429,
  "storage_cost": 3.010851063140451e-06,
  "vm_cost": 0.07304969259583333,
  "time_period_hrs": 1.0
}