{
  "output": [
    {
      "id": 0,
      "protocol": "replication",
      "m": 8,
      "k": 1,
      "selected_dcs": [
        0,
        1,
        2,
        4,
        5,
        6,
        7,
        8
      ],
      "get_cost": 0.25280398316681385,
      "put_cost": 1.355728049296886,
      "storage_cost": 0.005094972375321063,
      "vm_cost": 0.12003629815333336,
      "total_cost": 1.7336633029923543,
      "get_latency": 363.9,
      "put_latency": 535.9,
      "client_placement_info": {
        "0": {
          "Q1": [
            0,
            2,
            7,
            8
          ],
          "Q2": [
            0,
            2,
            7,
            8
          ],
          "Q3": [
            0,
            1,
            2,
            7,
            8
          ],
          "Q4": [
            0,
            1,
            2,
            7,
            8
          ],
          "get_cost_on_this_client": 3.5308487713336947e-06,
          "put_cost_on_this_client": 2.1041277796030044e-06,
          "get_latency_on_this_client": 214.8,
          "put_latency_on_this_client": 314.6
        },
        "1": {
          "Q1": [
            0,
            1,
            2,
            7
          ],
          "Q2": [
            0,
            1,
            2,
            7
          ],
          "Q3": [
            0,
            1,
            2,
            7,
            8
          ],
          "Q4": [
            0,
            1,
            2,
            7,
            8
          ],
          "get_cost_on_this_client": 5.822125822305679e-06,
          "put_cost_on_this_client": 4.397863522171974e-06,
          "get_latency_on_this_client": 301,
          "put_latency_on_this_client": 440
        },
        "2": {
          "Q1": [
            0,
            1,
            2,
            7
          ],
          "Q2": [
            0,
            1,
            2,
            7
          ],
          "Q3": [
            0,
            1,
            2,
            7,
            8
          ],
          "Q4": [
            0,
            1,
            2,
            7,
            8
          ],
          "get_cost_on_this_client": 3.5315658897161486e-06,
          "put_cost_on_this_client": 2.7724169194698335e-06,
          "get_latency_on_this_client": 330.8,
          "put_latency_on_this_client": 495.6
        },
        "3": {
          "Q1": [
            4,
            5,
            7,
            8
          ],
          "Q2": [
            4,
            5,
            7,
            8
          ],
          "Q3": [
            2,
            4,
            5,
            7,
            8
          ],
          "Q4": [
            2,
            4,
            5,
            7,
            8
          ],
          "get_cost_on_this_client": 3.2451562583446507e-06,
          "put_cost_on_this_client": 2.485699951648712e-06,
          "get_latency_on_this_client": 353.7,
          "put_latency_on_this_client": 506.79999999999995
        },
        "4": {
          "Q1": [
            4,
            5,
            7,
            8
          ],
          "Q2": [
            4,
            5,
            7,
            8
          ],
          "Q3": [
            4,
            5,
            6,
            7,
            8
          ],
          "Q4": [
            4,
            5,
            6,
            7,
            8
          ],
          "get_cost_on_this_client": 3.149686381220818e-06,
          "put_cost_on_this_client": 2.390127629041672e-06,
          "get_latency_on_this_client": 333.0,
          "put_latency_on_this_client": 473.9
        },
        "5": {
          "Q1": [
            4,
            5,
            7,
            8
          ],
          "Q2": [
            4,
            5,
            7,
            8
          ],
          "Q3": [
            4,
            5,
            6,
            7,
            8
          ],
          "Q4": [
            4,
            5,
            6,
            7,
            8
          ],
          "get_cost_on_this_client": 1.8131081014871597e-06,
          "put_cost_on_this_client": 1.0521151125431061e-06,
          "get_latency_on_this_client": 195.07,
          "put_latency_on_this_client": 274.03999999999996
        },
        "6": {
          "Q1": [
            5,
            6,
            7,
            8
          ],
          "Q2": [
            5,
            6,
            7,
            8
          ],
          "Q3": [
            4,
            5,
            6,
            7,
            8
          ],
          "Q4": [
            4,
            5,
            6,
            7,
            8
          ],
          "get_cost_on_this_client": 3.149686381220818e-06,
          "put_cost_on_this_client": 2.390127629041672e-06,
          "get_latency_on_this_client": 363.9,
          "put_latency_on_this_client": 535.9
        },
        "7": {
          "Q1": [
            0,
            5,
            7,
            8
          ],
          "Q2": [
            0,
            5,
            7,
            8
          ],
          "Q3": [
            0,
            1,
            5,
            7,
            8
          ],
          "Q4": [
            0,
            1,
            5,
            7,
            8
          ],
          "get_cost_on_this_client": 2.480680122971535e-06,
          "put_cost_on_this_client": 1.05283223092556e-06,
          "get_latency_on_this_client": 240.3,
          "put_latency_on_this_client": 341.5
        },
        "8": {
          "Q1": [
            0,
            5,
            7,
            8
          ],
          "Q2": [
            0,
            5,
            7,
            8
          ],
          "Q3": [
            0,
            4,
            5,
            7,
            8
          ],
          "Q4": [
            0,
            4,
            5,
            7,
            8
          ],
          "get_cost_on_this_client": 1.8131081014871597e-06,
          "put_cost_on_this_client": 1.0521151125431061e-06,
          "get_latency_on_this_client": 225.95999999999998,
          "put_latency_on_this_client": 320.91999999999996
        }
      }
    }
  ],
  "overall_cost": 1.7336633029923543,
  "get_cost": 0.25280398316681385,
  "put_cost": 1.355728049296886,
  "storage_cost": 0.005094972375321063,
  "vm_cost": 0.12003629815333336,
  "time_period_hrs": 1.0
}