{
  "output": [
    {
      "id": 0,
      "protocol": "cas",
      "m": 8,
      "k": 4,
      "selected_dcs": [
        0,
        1,
        2,
        3,
        4,
        5,
        7,
        8
      ],
      "get_cost": 0.6033723056316377,
      "put_cost": 0.06732903420925139,
      "storage_cost": 0.001234550998635488,
      "vm_cost": 0.06697607037333334,
      "total_cost": 0.7389119612128578,
      "get_latency": 634.2,
      "put_latency": 951.3000000000001,
      "client_placement_info": {
        "0": {
          "Q1": [
            0,
            2,
            3
          ],
          "Q2": [
            0,
            2,
            3,
            4,
            5,
            7
          ],
          "Q3": [
            0,
            2,
            3,
            4,
            5,
            7
          ],
          "Q4": [
            0,
            2,
            3,
            4,
            5,
            7
          ],
          "get_cost_on_this_client": 9.074248373508455e-07,
          "put_cost_on_this_client": 9.113177657127382e-07,
          "get_latency_on_this_client": 452.2,
          "put_latency_on_this_client": 678.3
        },
        "1": {
          "Q1": [
            0,
            1,
            2
          ],
          "Q2": [
            0,
            1,
            2,
            3,
            4,
            5
          ],
          "Q3": [
            0,
            1,
            2,
            3,
            4,
            5
          ],
          "Q4": [
            0,
            1,
            2,
            3,
            4,
            5
          ],
          "get_cost_on_this_client": 1.8151570111513138e-06,
          "put_cost_on_this_client": 1.822942867875099e-06,
          "get_latency_on_this_client": 404.1,
          "put_latency_on_this_client": 693.1
        },
        "2": {
          "Q1": [
            0,
            2,
            3
          ],
          "Q2": [
            0,
            2,
            3,
            4,
            5,
            7
          ],
          "Q3": [
            0,
            2,
            3,
            4,
            5,
            7
          ],
          "Q4": [
            0,
            2,
            3,
            4,
            5,
            7
          ],
          "get_cost_on_this_client": 9.074248373508455e-07,
          "put_cost_on_this_client": 9.113177657127382e-07,
          "get_latency_on_this_client": 416,
          "put_latency_on_this_client": 630
        },
        "3": {
          "Q1": [
            0,
            3,
            4
          ],
          "Q2": [
            0,
            2,
            3,
            4,
            5,
            7
          ],
          "Q3": [
            0,
            2,
            3,
            4,
            5,
            7
          ],
          "Q4": [
            0,
            2,
            3,
            4,
            5,
            7
          ],
          "get_cost_on_this_client": 8.355919271707536e-07,
          "put_cost_on_this_client": 8.391775190830231e-07,
          "get_latency_on_this_client": 458,
          "put_latency_on_this_client": 687
        },
        "4": {
          "Q1": [
            0,
            3,
            4
          ],
          "Q2": [
            0,
            2,
            3,
            4,
            5,
            7
          ],
          "Q3": [
            0,
            2,
            3,
            4,
            5,
            7
          ],
          "Q4": [
            0,
            2,
            3,
            4,
            5,
            7
          ],
          "get_cost_on_this_client": 8.355919271707536e-07,
          "put_cost_on_this_client": 8.391775190830231e-07,
          "get_latency_on_this_client": 444,
          "put_latency_on_this_client": 666
        },
        "5": {
          "Q1": [
            5,
            7,
            8
          ],
          "Q2": [
            0,
            2,
            3,
            5,
            7,
            8
          ],
          "Q3": [
            0,
            2,
            3,
            5,
            7,
            8
          ],
          "Q4": [
            0,
            2,
            3,
            5,
            7,
            8
          ],
          "get_cost_on_this_client": 6.440375000238419e-07,
          "put_cost_on_this_client": 6.468035280704498e-07,
          "get_latency_on_this_client": 281.99,
          "put_latency_on_this_client": 495.99
        },
        "6": {
          "Q1": [
            0,
            2,
            3
          ],
          "Q2": [
            0,
            2,
            3,
            4,
            5,
            7
          ],
          "Q3": [
            0,
            2,
            3,
            4,
            5,
            7
          ],
          "Q4": [
            0,
            2,
            3,
            4,
            5,
            7
          ],
          "get_cost_on_this_client": 1.1468678712844851e-06,
          "put_cost_on_this_client": 1.1517852544784548e-06,
          "get_latency_on_this_client": 634.2,
          "put_latency_on_this_client": 951.3000000000001
        },
        "7": {
          "Q1": [
            5,
            7,
            8
          ],
          "Q2": [
            0,
            2,
            3,
            5,
            7,
            8
          ],
          "Q3": [
            0,
            2,
            3,
            5,
            7,
            8
          ],
          "Q4": [
            0,
            2,
            3,
            5,
            7,
            8
          ],
          "get_cost_on_this_client": 6.440375000238419e-07,
          "put_cost_on_this_client": 6.468035280704498e-07,
          "get_latency_on_this_client": 247.35000000000002,
          "put_latency_on_this_client": 427.25
        },
        "8": {
          "Q1": [
            5,
            7,
            8
          ],
          "Q2": [
            0,
            2,
            3,
            5,
            7,
            8
          ],
          "Q3": [
            0,
            2,
            3,
            5,
            7,
            8
          ],
          "Q4": [
            0,
            2,
            3,
            5,
            7,
            8
          ],
          "get_cost_on_this_client": 6.440375000238419e-07,
          "put_cost_on_this_client": 6.468035280704498e-07,
          "get_latency_on_this_client": 223.24,
          "put_latency_on_this_client": 388.14
        }
      }
    }
  ],
  "overall_cost": 0.7389119612128578,
  "get_cost": 0.6033723056316377,
  "put_cost": 0.06732903420925139,
  "storage_cost": 0.001234550998635488,
  "vm_cost": 0.06697607037333334,
  "time_period_hrs": 1.0
}