{
  "output": [
    {
      "id": 8,
      "protocol": "replication",
      "m": 5,
      "k": 1,
      "selected_dcs": [
        1,
        4,
        5,
        7,
        8
      ],
      "get_cost": 0.25505293160676945,
      "put_cost": 0.028640404343605045,
      "storage_cost": 0.0003056983425192637,
      "vm_cost": 0.10281687037500001,
      "total_cost": 0.38681590466789373,
      "get_latency": 554,
      "put_latency": 831,
      "client_placement_info": {
        "0": {
          "Q1": [
            4,
            5,
            7
          ],
          "Q2": [
            4,
            5,
            7
          ],
          "Q3": [
            4,
            5,
            7
          ],
          "Q4": [
            4,
            5,
            7
          ],
          "get_cost_on_this_client": 2.3134052753448484e-07,
          "put_cost_on_this_client": 2.3379921913146972e-07,
          "get_latency_on_this_client": 436.2,
          "put_latency_on_this_client": 654.3
        },
        "1": {
          "Q1": [
            1,
            4,
            5
          ],
          "Q2": [
            1,
            4,
            5
          ],
          "Q3": [
            1,
            4,
            5
          ],
          "Q4": [
            1,
            4,
            5
          ],
          "get_cost_on_this_client": 2.988148480653763e-07,
          "put_cost_on_this_client": 3.0199065804481506e-07,
          "get_latency_on_this_client": 554,
          "put_latency_on_this_client": 831
        },
        "2": {
          "Q1": [
            4,
            5,
            7
          ],
          "Q2": [
            4,
            5,
            7
          ],
          "Q3": [
            4,
            5,
            7
          ],
          "Q4": [
            4,
            5,
            7
          ],
          "get_cost_on_this_client": 2.3134052753448484e-07,
          "put_cost_on_this_client": 2.3379921913146972e-07,
          "get_latency_on_this_client": 428,
          "put_latency_on_this_client": 642
        },
        "3": {
          "Q1": [
            4,
            5,
            7
          ],
          "Q2": [
            4,
            5,
            7
          ],
          "Q3": [
            4,
            5,
            7
          ],
          "Q4": [
            4,
            5,
            7
          ],
          "get_cost_on_this_client": 1.7350539565086363e-07,
          "put_cost_on_this_client": 1.753494143486023e-07,
          "get_latency_on_this_client": 306.2,
          "put_latency_on_this_client": 459.29999999999995
        },
        "4": {
          "Q1": [
            4,
            5,
            7
          ],
          "Q2": [
            4,
            5,
            7
          ],
          "Q3": [
            4,
            5,
            7
          ],
          "Q4": [
            4,
            5,
            7
          ],
          "get_cost_on_this_client": 1.6386620700359343e-07,
          "put_cost_on_this_client": 1.6560778021812438e-07,
          "get_latency_on_this_client": 281.8,
          "put_latency_on_this_client": 422.70000000000005
        },
        "5": {
          "Q1": [
            5,
            7,
            8
          ],
          "Q2": [
            5,
            7,
            8
          ],
          "Q3": [
            5,
            7,
            8
          ],
          "Q4": [
            5,
            7,
            8
          ],
          "get_cost_on_this_client": 2.8917565941810605e-08,
          "put_cost_on_this_client": 2.9224902391433715e-08,
          "get_latency_on_this_client": 135.98,
          "put_latency_on_this_client": 203.96999999999997
        },
        "6": {
          "Q1": [
            4,
            5,
            7
          ],
          "Q2": [
            4,
            5,
            7
          ],
          "Q3": [
            4,
            5,
            7
          ],
          "Q4": [
            4,
            5,
            7
          ],
          "get_cost_on_this_client": 2.3134052753448484e-07,
          "put_cost_on_this_client": 2.3379921913146972e-07,
          "get_latency_on_this_client": 383.8,
          "put_latency_on_this_client": 575.7
        },
        "7": {
          "Q1": [
            5,
            7,
            8
          ],
          "Q2": [
            5,
            7,
            8
          ],
          "Q3": [
            5,
            7,
            8
          ],
          "Q4": [
            5,
            7,
            8
          ],
          "get_cost_on_this_client": 2.8917565941810605e-08,
          "put_cost_on_this_client": 2.9224902391433715e-08,
          "get_latency_on_this_client": 134.9,
          "put_latency_on_this_client": 202.35000000000002
        },
        "8": {
          "Q1": [
            5,
            7,
            8
          ],
          "Q2": [
            5,
            7,
            8
          ],
          "Q3": [
            5,
            7,
            8
          ],
          "Q4": [
            5,
            7,
            8
          ],
          "get_cost_on_this_client": 2.8917565941810605e-08,
          "put_cost_on_this_client": 2.9224902391433715e-08,
          "get_latency_on_this_client": 116.68,
          "put_latency_on_this_client": 175.02
        }
      }
    }
  ],
  "overall_cost": 0.38681590466789373,
  "get_cost": 0.25505293160676945,
  "put_cost": 0.028640404343605045,
  "storage_cost": 0.0003056983425192637,
  "vm_cost": 0.10281687037500001,
  "time_period_hrs": 1.0
}