{
  "output": [
    {
      "id": 0,
      "protocol": "cas",
      "m": 8,
      "k": 2,
      "selected_dcs": [
        0,
        1,
        2,
        3,
        5,
        6,
        7,
        8
      ],
      "get_cost": 0.9905180465430021,
      "put_cost": 3.8645832929760218,
      "storage_cost": 0.02547486187660531,
      "vm_cost": 0.06859217037333333,
      "total_cost": 4.9491683717689625,
      "get_latency": 634.2,
      "put_latency": 951.3000000000001,
      "client_placement_info": {
        "0": {
          "Q1": [
            0,
            2,
            3
          ],
          "Q2": [
            0,
            2,
            3,
            5
          ],
          "Q3": [
            0,
            2,
            3,
            5,
            6,
            7
          ],
          "Q4": [
            0,
            2,
            3,
            5,
            6,
            7
          ],
          "get_cost_on_this_client": 1.8121246248483662e-05,
          "put_cost_on_this_client": 1.0495744645595552e-05,
          "get_latency_on_this_client": 479.29999999999995,
          "put_latency_on_this_client": 705.4
        },
        "1": {
          "Q1": [
            0,
            1,
            2
          ],
          "Q2": [
            0,
            1,
            2,
            3
          ],
          "Q3": [
            0,
            1,
            2,
            3,
            5,
            6
          ],
          "Q4": [
            0,
            1,
            2,
            3,
            5,
            6
          ],
          "get_cost_on_this_client": 3.624279983341694e-05,
          "put_cost_on_this_client": 2.1945470944046975e-05,
          "get_latency_on_this_client": 405.9,
          "put_latency_on_this_client": 694.9000000000001
        },
        "2": {
          "Q1": [
            0,
            2,
            3
          ],
          "Q2": [
            0,
            2,
            3,
            5
          ],
          "Q3": [
            0,
            2,
            3,
            5,
            6,
            7
          ],
          "Q4": [
            0,
            2,
            3,
            5,
            6,
            7
          ],
          "get_cost_on_this_client": 1.8121246248483662e-05,
          "put_cost_on_this_client": 1.0495744645595552e-05,
          "get_latency_on_this_client": 521.3,
          "put_latency_on_this_client": 735.3
        },
        "3": {
          "Q1": [
            0,
            2,
            3
          ],
          "Q2": [
            0,
            2,
            3,
            5
          ],
          "Q3": [
            0,
            2,
            3,
            5,
            6,
            7
          ],
          "Q4": [
            0,
            2,
            3,
            5,
            6,
            7
          ],
          "get_cost_on_this_client": 1.9552065059542655e-05,
          "put_cost_on_this_client": 1.1926870793104171e-05,
          "get_latency_on_this_client": 458,
          "put_latency_on_this_client": 687
        },
        "4": {
          "Q1": [
            0,
            2,
            3
          ],
          "Q2": [
            0,
            2,
            3,
            5
          ],
          "Q3": [
            0,
            2,
            3,
            5,
            6,
            7
          ],
          "Q4": [
            0,
            2,
            3,
            5,
            6,
            7
          ],
          "get_cost_on_this_client": 2.002900466322899e-05,
          "put_cost_on_this_client": 1.2403912842273712e-05,
          "get_latency_on_this_client": 444,
          "put_latency_on_this_client": 666
        },
        "5": {
          "Q1": [
            5,
            7,
            8
          ],
          "Q2": [
            0,
            5,
            7,
            8
          ],
          "Q3": [
            0,
            2,
            3,
            5,
            7,
            8
          ],
          "Q4": [
            0,
            2,
            3,
            5,
            7,
            8
          ],
          "get_cost_on_this_client": 1.2874910607933998e-05,
          "put_cost_on_this_client": 5.248282104730606e-06,
          "get_latency_on_this_client": 281.99,
          "put_latency_on_this_client": 427.99
        },
        "6": {
          "Q1": [
            0,
            2,
            6
          ],
          "Q2": [
            0,
            2,
            3,
            6
          ],
          "Q3": [
            0,
            2,
            3,
            5,
            6,
            7
          ],
          "Q4": [
            0,
            2,
            3,
            5,
            6,
            7
          ],
          "get_cost_on_this_client": 1.9552065059542655e-05,
          "put_cost_on_this_client": 1.1926870793104171e-05,
          "get_latency_on_this_client": 634.2,
          "put_latency_on_this_client": 951.3000000000001
        },
        "7": {
          "Q1": [
            5,
            7,
            8
          ],
          "Q2": [
            0,
            5,
            7,
            8
          ],
          "Q3": [
            0,
            2,
            3,
            5,
            7,
            8
          ],
          "Q4": [
            0,
            2,
            3,
            5,
            7,
            8
          ],
          "get_cost_on_this_client": 1.2874910607933998e-05,
          "put_cost_on_this_client": 5.248282104730606e-06,
          "get_latency_on_this_client": 247.35000000000002,
          "put_latency_on_this_client": 348.55
        },
        "8": {
          "Q1": [
            5,
            7,
            8
          ],
          "Q2": [
            0,
            5,
            7,
            8
          ],
          "Q3": [
            0,
            2,
            3,
            5,
            7,
            8
          ],
          "Q4": [
            0,
            2,
            3,
            5,
            7,
            8
          ],
          "get_cost_on_this_client": 1.2874910607933998e-05,
          "put_cost_on_this_client": 5.248282104730606e-06,
          "get_latency_on_this_client": 223.24,
          "put_latency_on_this_client": 318.20000000000005
        }
      }
    }
  ],
  "overall_cost": 4.9491683717689625,
  "get_cost": 0.9905180465430021,
  "put_cost": 3.8645832929760218,
  "storage_cost": 0.02547486187660531,
  "vm_cost": 0.06859217037333333,
  "time_period_hrs": 1.0
}