{
  "output": [
    {
      "id": 0,
      "protocol": "replication",
      "m": 5,
      "k": 1,
      "selected_dcs": [
        0,
        2,
        4,
        5,
        8
      ],
      "get_cost": 0.25429596192000004,
      "put_cost": 0.045341109504000006,
      "storage_cost": 0.0009856164383561642,
      "vm_cost": 0.916,
      "total_cost": 1.2166226878623563,
      "get_latency": 528.18,
      "put_latency": 792.27
    }
  ],
  "overall_cost": 1.2166226878623563,
  "get_cost": 0.25429596192000004,
  "put_cost": 0.045341109504000006,
  "storage_cost": 0.0009856164383561642,
  "vm_cost": 0.916,
  "time_period_hrs": 1.0
}