{
  "output": [
    {
      "protocol": "abd",
      "m": 6,
      "k": 1,
      "selected_dcs": [
        3,
        4,
        5,
        6,
        7,
        8
      ],
      "get_cost": 40.536288,
      "put_cost": 3.640895999999999,
      "storage_cost": 6.657534246575343e-05,
      "vm_cost": 3.9168000000000003,
      "total_cost": 48.094050575342465,
      "get_latency": 528.18,
      "put_latency": 528.18,
      "iq1": [
        [
          0,
          0,
          0,
          0,
          1,
          1,
          0,
          1,
          1
        ],
        [
          0,
          0,
          0,
          0,
          1,
          1,
          0,
          1,
          1
        ],
        [
          0,
          0,
          0,
          1,
          1,
          1,
          0,
          0,
          1
        ],
        [
          0,
          0,
          0,
          1,
          1,
          1,
          0,
          1,
          0
        ],
        [
          0,
          0,
          0,
          1,
          1,
          1,
          0,
          0,
          1
        ],
        [
          0,
          0,
          0,
          0,
          1,
          1,
          0,
          1,
          1
        ],
        [
          0,
          0,
          0,
          1,
          1,
          1,
          1,
          0,
          0
        ],
        [
          0,
          0,
          0,
          0,
          1,
          1,
          0,
          1,
          1
        ],
        [
          0,
          0,
          0,
          0,
          1,
          1,
          0,
          1,
          1
        ]
      ],
      "iq2": [
        [
          0,
          0,
          0,
          0,
          1,
          1,
          0,
          1,
          1
        ],
        [
          0,
          0,
          0,
          0,
          1,
          1,
          0,
          1,
          1
        ],
        [
          0,
          0,
          0,
          1,
          1,
          1,
          0,
          0,
          1
        ],
        [
          0,
          0,
          0,
          1,
          1,
          1,
          0,
          1,
          0
        ],
        [
          0,
          0,
          0,
          1,
          1,
          1,
          0,
          0,
          1
        ],
        [
          0,
          0,
          0,
          0,
          1,
          1,
          0,
          1,
          1
        ],
        [
          0,
          0,
          0,
          1,
          1,
          1,
          1,
          0,
          0
        ],
        [
          0,
          0,
          0,
          0,
          1,
          1,
          0,
          1,
          1
        ],
        [
          0,
          0,
          0,
          0,
          1,
          1,
          0,
          1,
          1
        ]
      ]
    }
  ],
  "overall_cost": 48.094050575342465,
  "time_period_hrs": 3
}