{
  "output": [
    {
      "id": 0,
      "protocol": "cas",
      "m": 6,
      "k": 2,
      "selected_dcs": [
        0,
        2,
        3,
        5,
        7,
        8
      ],
      "get_cost": 0.8568374577840001,
      "put_cost": 0.10894722410880002,
      "storage_cost": 0.04582191780821918,
      "vm_cost": 1.13,
      "total_cost": 2.141606599701019,
      "get_latency": 572.44,
      "put_latency": 858.6600000000001
    },
    {
      "id": 1,
      "protocol": "cas",
      "m": 4,
      "k": 2,
      "selected_dcs": [
        0,
        2,
        5,
        8
      ],
      "get_cost": 0.022357887148800003,
      "put_cost": 2.2479077085696,
      "storage_cost": 0.03006849315068494,
      "vm_cost": 0.7240000000000001,
      "total_cost": 3.024334088869085,
      "get_latency": 678.16,
      "put_latency": 930.16
    }
  ],
  "overall_cost": 5.165940688570104,
  "get_cost": 0.8791953449328002,
  "put_cost": 2.3568549326784,
  "storage_cost": 0.07589041095890411,
  "vm_cost": 1.854,
  "time_period_hrs": 2.0
}