{
  "output": [
    {
      "id": 0,
      "protocol": "cas",
      "m": 6,
      "k": 2,
      "selected_dcs": [
        0,
        2,
        3,
        5,
        7,
        8
      ],
      "get_cost": 0.8568374577840001,
      "put_cost": 0.10894722410880002,
      "storage_cost": 0.04582191780821918,
      "vm_cost": 1.13,
      "total_cost": 2.141606599701019,
      "get_latency": 572.44,
      "put_latency": 858.6600000000001
    },
    {
      "id": 1,
      "protocol": "cas",
      "m": 7,
      "k": 3,
      "selected_dcs": [
        0,
        1,
        2,
        3,
        5,
        7,
        8
      ],
      "get_cost": 0.024999149952000005,
      "put_cost": 2.8833906755807996,
      "storage_cost": 0.03575342465753425,
      "vm_cost": 1.3219999999999998,
      "total_cost": 4.266143250190334,
      "get_latency": 629.62,
      "put_latency": 882.5699999999999
    }
  ],
  "overall_cost": 6.407749849891353,
  "get_cost": 0.8818366077360001,
  "put_cost": 2.9923378996895997,
  "storage_cost": 0.08157534246575343,
  "vm_cost": 2.452,
  "time_period_hrs": 2.0
}