{
  "output": [
    {
      "protocol": "replication",
      "m": 6,
      "k": 1,
      "selected_dcs": [
        0,
        1,
        3,
        5,
        7,
        8
      ],
      "get_cost": 0.017153640503999992,
      "put_cost": 0.000323449056,
      "storage_cost": 0.0009095890410958904,
      "vm_cost": 1.152,
      "total_cost": 1.1703866786010957,
      "get_latency": 572.44,
      "put_latency": 858.6600000000001
    }
  ],
  "overall_cost": 1.1703866786010957,
  "get_cost": 0.017153640503999992,
  "put_cost": 0.000323449056,
  "storage_cost": 0.0009095890410958904,
  "vm_cost": 1.152,
  "time_period_hrs": 1.0
}