{
    "input_groups": [
        {
            "availability_target": 2,
            "client_dist": [
                0.1111111111111111,
                0.1111111111111111,
                0.1111111111111111,
                0.1111111111111111,
                0.1111111111111111,
                0.1111111111111111,
                0.1111111111111111,
                0.1111111111111111,
                0.1111111111111111
            ],
            "object_size": 9.313225746154785e-09,
            "metadata_size": 9.313225746154785e-10,
            "num_objects": 1000000,
            "arrival_rate": 200,
            "read_ratio": 0.1,
            "write_ratio": 0.9,
            "SLO_read": 255,
            "SLO_write": 255,
            "duration": 3600,
            "time_to_decode": 0.00028
        }
    ]
}