{
  "output": [
    {
      "id": 0,
      "protocol": "cas",
      "m": 4,
      "k": 2,
      "selected_dcs": [
        0,
        1,
        5,
        8
      ],
      "get_cost": 0.005591660737991334,
      "put_cost": 0.005591660737991334,
      "storage_cost": 0.0074033485540334855,
      "vm_cost": 0.009822717695925926,
      "total_cost": 0.02840938772594208,
      "get_latency": 380,
      "put_latency": 596.6,
      "client_placement_info": {
        "0": {
          "Q1": [
            0,
            8
          ],
          "Q2": [
            0,
            5,
            8
          ],
          "Q3": [
            0,
            5,
            8
          ],
          "Q4": [
            0,
            5,
            8
          ],
          "get_cost_on_this_client": 9.864568710327149e-08,
          "put_cost_on_this_client": 9.864568710327149e-08,
          "get_latency_on_this_client": 238.13,
          "put_latency_on_this_client": 386.23
        },
        "1": {
          "Q1": [
            0,
            1
          ],
          "Q2": [
            0,
            1,
            8
          ],
          "Q3": [
            0,
            1,
            8
          ],
          "Q4": [
            0,
            1,
            8
          ],
          "get_cost_on_this_client": 1.8496066331863403e-07,
          "put_cost_on_this_client": 1.8496066331863403e-07,
          "get_latency_on_this_client": 277.1,
          "put_latency_on_this_client": 439.1
        },
        "2": {
          "Q1": [
            0,
            8
          ],
          "Q2": [
            0,
            5,
            8
          ],
          "Q3": [
            0,
            5,
            8
          ],
          "Q4": [
            0,
            5,
            8
          ],
          "get_cost_on_this_client": 1.3180077075958253e-07,
          "put_cost_on_this_client": 1.3180077075958253e-07,
          "get_latency_on_this_client": 380,
          "put_latency_on_this_client": 594
        },
        "3": {
          "Q1": [
            5,
            8
          ],
          "Q2": [
            0,
            5,
            8
          ],
          "Q3": [
            0,
            5,
            8
          ],
          "Q4": [
            0,
            5,
            8
          ],
          "get_cost_on_this_client": 1.5169382095336914e-07,
          "put_cost_on_this_client": 1.5169382095336914e-07,
          "get_latency_on_this_client": 367.6,
          "put_latency_on_this_client": 596.6
        },
        "4": {
          "Q1": [
            5,
            8
          ],
          "Q2": [
            0,
            5,
            8
          ],
          "Q3": [
            0,
            5,
            8
          ],
          "Q4": [
            0,
            5,
            8
          ],
          "get_cost_on_this_client": 1.5169382095336914e-07,
          "put_cost_on_this_client": 1.5169382095336914e-07,
          "get_latency_on_this_client": 353.1,
          "put_latency_on_this_client": 575.1
        },
        "5": {
          "Q1": [
            5,
            8
          ],
          "Q2": [
            0,
            5,
            8
          ],
          "Q3": [
            0,
            5,
            8
          ],
          "Q4": [
            0,
            5,
            8
          ],
          "get_cost_on_this_client": 5.2228569984436034e-08,
          "put_cost_on_this_client": 5.2228569984436034e-08,
          "get_latency_on_this_client": 203.91,
          "put_latency_on_this_client": 349.90999999999997
        },
        "6": {
          "Q1": [
            5,
            8
          ],
          "Q2": [
            0,
            5,
            8
          ],
          "Q3": [
            0,
            5,
            8
          ],
          "Q4": [
            0,
            5,
            8
          ],
          "get_cost_on_this_client": 1.5169382095336914e-07,
          "put_cost_on_this_client": 1.5169382095336914e-07,
          "get_latency_on_this_client": 424.1,
          "put_latency_on_this_client": 676.2
        },
        "7": {
          "Q1": [
            5,
            8
          ],
          "Q2": [
            0,
            5,
            8
          ],
          "Q3": [
            0,
            5,
            8
          ],
          "Q4": [
            0,
            5,
            8
          ],
          "get_cost_on_this_client": 5.8859586715698245e-08,
          "put_cost_on_this_client": 5.8859586715698245e-08,
          "get_latency_on_this_client": 168.65,
          "put_latency_on_this_client": 269.85
        },
        "8": {
          "Q1": [
            5,
            8
          ],
          "Q2": [
            0,
            5,
            8
          ],
          "Q3": [
            0,
            5,
            8
          ],
          "Q4": [
            0,
            5,
            8
          ],
          "get_cost_on_this_client": 5.2228569984436034e-08,
          "put_cost_on_this_client": 5.2228569984436034e-08,
          "get_latency_on_this_client": 153.3,
          "put_latency_on_this_client": 248.26
        }
      }
    }
  ],
  "overall_cost": 0.02840938772594208,
  "get_cost": 0.005591660737991334,
  "put_cost": 0.005591660737991334,
  "storage_cost": 0.0074033485540334855,
  "vm_cost": 0.009822717695925926,
  "time_period_hrs": 0.05555555555555555
}