{
  "workload_config": [
    {
      "timestamp": 2,
      "id": 1,
      "grp_workload": [
        {
          "id": 0,
          "availability_target": 1,
          "client_dist": [
              0.1111111111111111,
              0.1111111111111111,
              0.1111111111111111,
              0.1111111111111111,
              0.1111111111111111,
              0.1111111111111111,
              0.1111111111111111,
              0.1111111111111111,
              0.1111111111111111
          ],
          "object_size": 1024,
          "metadata_size": 9.313225746154785e-08,
          "num_objects": 1073741824.0,
          "arrival_rate": 200,
          "read_ratio": 0.03,
          "write_ratio": 0.97,
          "SLO_read": 1000,
          "SLO_write": 1000,
          "duration": 600,
          "time_to_decode": 0.00028,
          "keys": [
            "20", "21", "22", "23", "24", "25", "26", "27", "28", "29", "210", "211", "212", "213", "214", "215", "216", "217", "218", "219", "220", "221", "222", "223", "224", "225", "226", "227", "228", "229", "230", "231", "232", "233", "234", "235", "236", "237", "238", "239", "240", "241", "242", "243", "244", "245", "246", "247", "248", "249", "250", "251", "252", "253", "254", "255", "256", "257", "258", "259", "260", "261", "262", "263", "264", "265", "266", "267", "268", "269", "270", "271", "272", "273", "274", "275", "276", "277", "278", "279", "280", "281", "282", "283", "284", "285", "286", "287", "288", "289", "290", "291", "292", "293", "294", "295", "296", "297", "298", "299"
          ]
        }
      ]
    }
  ]
}
