{
  "output": [
    {
      "id": 0,
      "protocol": "cas",
      "m": 6,
      "k": 2,
      "selected_dcs": [
        0,
        1,
        2,
        5,
        7,
        8
      ],
      "get_cost": 3.5477109253406525,
      "put_cost": 3.5477802157402034,
      "storage_cost": 0.01828964442422945,
      "vm_cost": 0.50154,
      "total_cost": 7.615320785505086,
      "get_latency": 656.2,
      "put_latency": 984.3000000000001,
      "client_placement_info": {
        "0": {
          "Q1": [
            0,
            1,
            2
          ],
          "Q2": [
            0,
            1,
            2,
            5
          ],
          "Q3": [
            0,
            1,
            2,
            5
          ],
          "Q4": [
            0,
            1,
            2,
            5
          ],
          "get_cost_on_this_client": 9.060008451342583e-06,
          "put_cost_on_this_client": 9.060185402631759e-06
        },
        "1": {
          "Q1": [
            0,
            1,
            2
          ],
          "Q2": [
            0,
            1,
            2,
            5
          ],
          "Q3": [
            0,
            1,
            2,
            5
          ],
          "Q4": [
            0,
            1,
            2,
            5
          ],
          "get_cost_on_this_client": 9.060008451342583e-06,
          "put_cost_on_this_client": 9.060185402631759e-06
        },
        "2": {
          "Q1": [
            0,
            1,
            2
          ],
          "Q2": [
            0,
            1,
            2,
            5
          ],
          "Q3": [
            0,
            1,
            2,
            5
          ],
          "Q4": [
            0,
            1,
            2,
            5
          ],
          "get_cost_on_this_client": 9.060008451342583e-06,
          "put_cost_on_this_client": 9.060185402631759e-06
        },
        "3": {
          "Q1": [
            0,
            1,
            2
          ],
          "Q2": [
            0,
            1,
            2,
            5
          ],
          "Q3": [
            0,
            1,
            2,
            5
          ],
          "Q4": [
            0,
            1,
            2,
            5
          ],
          "get_cost_on_this_client": 1.525901257991791e-05,
          "put_cost_on_this_client": 1.5259310603141786e-05
        },
        "4": {
          "Q1": [
            0,
            1,
            2
          ],
          "Q2": [
            0,
            1,
            2,
            5
          ],
          "Q3": [
            0,
            1,
            2,
            5
          ],
          "Q4": [
            0,
            1,
            2,
            5
          ],
          "get_cost_on_this_client": 1.525901257991791e-05,
          "put_cost_on_this_client": 1.5259310603141786e-05
        },
        "5": {
          "Q1": [
            5,
            7,
            8
          ],
          "Q2": [
            0,
            5,
            7,
            8
          ],
          "Q3": [
            0,
            5,
            7,
            8
          ],
          "Q4": [
            0,
            5,
            7,
            8
          ],
          "get_cost_on_this_client": 5.245236679911613e-06,
          "put_cost_on_this_client": 5.2453391253948215e-06
        },
        "6": {
          "Q1": [
            0,
            1,
            2
          ],
          "Q2": [
            0,
            1,
            2,
            5
          ],
          "Q3": [
            0,
            1,
            2,
            5
          ],
          "Q4": [
            0,
            1,
            2,
            5
          ],
          "get_cost_on_this_client": 1.525901257991791e-05,
          "put_cost_on_this_client": 1.5259310603141786e-05
        },
        "7": {
          "Q1": [
            5,
            7,
            8
          ],
          "Q2": [
            0,
            5,
            7,
            8
          ],
          "Q3": [
            0,
            5,
            7,
            8
          ],
          "Q4": [
            0,
            5,
            7,
            8
          ],
          "get_cost_on_this_client": 5.245236679911613e-06,
          "put_cost_on_this_client": 5.2453391253948215e-06
        },
        "8": {
          "Q1": [
            5,
            7,
            8
          ],
          "Q2": [
            0,
            5,
            7,
            8
          ],
          "Q3": [
            0,
            5,
            7,
            8
          ],
          "Q4": [
            0,
            5,
            7,
            8
          ],
          "get_cost_on_this_client": 5.245236679911613e-06,
          "put_cost_on_this_client": 5.2453391253948215e-06
        }
      }
    },
    {
      "id": 1,
      "protocol": "cas",
      "m": 6,
      "k": 2,
      "selected_dcs": [
        0,
        1,
        2,
        5,
        7,
        8
      ],
      "get_cost": 2.047075079753995,
      "put_cost": 2.047115061432123,
      "storage_cost": 0.01828964442422945,
      "vm_cost": 0.50154,
      "total_cost": 4.614019785610348,
      "get_latency": 656.2,
      "put_latency": 984.3000000000001,
      "client_placement_info": {
        "0": {
          "Q1": [
            0,
            1,
            2
          ],
          "Q2": [
            0,
            1,
            2,
            5
          ],
          "Q3": [
            0,
            1,
            2,
            5
          ],
          "Q4": [
            0,
            1,
            2,
            5
          ],
          "get_cost_on_this_client": 9.060008451342583e-06,
          "put_cost_on_this_client": 9.060185402631759e-06
        },
        "1": {
          "Q1": [
            0,
            1,
            2
          ],
          "Q2": [
            0,
            1,
            2,
            5
          ],
          "Q3": [
            0,
            1,
            2,
            5
          ],
          "Q4": [
            0,
            1,
            2,
            5
          ],
          "get_cost_on_this_client": 9.060008451342583e-06,
          "put_cost_on_this_client": 9.060185402631759e-06
        },
        "2": {
          "Q1": [
            0,
            1,
            2
          ],
          "Q2": [
            0,
            1,
            2,
            5
          ],
          "Q3": [
            0,
            1,
            2,
            5
          ],
          "Q4": [
            0,
            1,
            2,
            5
          ],
          "get_cost_on_this_client": 1.525901257991791e-05,
          "put_cost_on_this_client": 1.5259310603141786e-05
        },
        "3": {
          "Q1": [
            5,
            7,
            8
          ],
          "Q2": [
            0,
            5,
            7,
            8
          ],
          "Q3": [
            0,
            5,
            7,
            8
          ],
          "Q4": [
            0,
            5,
            7,
            8
          ],
          "get_cost_on_this_client": 5.245236679911613e-06,
          "put_cost_on_this_client": 5.2453391253948215e-06
        },
        "4": {
          "Q1": [
            5,
            7,
            8
          ],
          "Q2": [
            0,
            5,
            7,
            8
          ],
          "Q3": [
            0,
            5,
            7,
            8
          ],
          "Q4": [
            0,
            5,
            7,
            8
          ],
          "get_cost_on_this_client": 5.245236679911613e-06,
          "put_cost_on_this_client": 5.2453391253948215e-06
        }
      }
    },
    {
      "id": 2,
      "protocol": "cas",
      "m": 6,
      "k": 2,
      "selected_dcs": [
        0,
        1,
        5,
        6,
        7,
        8
      ],