{
  "output": [
    {
      "id": 0,
      "protocol": "abd",
      "m": 5,
      "selected_dcs": [
        2,
        3,
        5,
        7,
        8
      ],
      "get_cost": 9.6893310546875,
      "put_cost": 4.8447128385305405,
      "storage_cost": 0.02926343107876712,
      "vm_cost": 0.411946,
      "total_cost": 14.975253324296808,
      "get_latency": 656.2,
      "put_latency": 656.2,
      "client_placement_info": {
        "0": {
          "Q1": [
            2,
            3,
            5
          ],
          "Q2": [
            2,
            3,
            5
          ],
          "get_cost_on_this_client": 4.005432128906251e-05,
          "put_cost_on_this_client": 2.0027356222271922e-05
        },
        "1": {
          "Q1": [
            2,
            3,
            5
          ],
          "Q2": [
            2,
            3,
            5
          ],
          "get_cost_on_this_client": 4.005432128906251e-05,
          "put_cost_on_this_client": 2.0027356222271922e-05
        },
        "2": {
          "Q1": [
            2,
            3,
            5
          ],
          "Q2": [
            2,
            3,
            5
          ],
          "get_cost_on_this_client": 3.24249267578125e-05,
          "put_cost_on_this_client": 1.6212621703743933e-05
        },
        "3": {
          "Q1": [
            2,
            3,
            5
          ],
          "Q2": [
            2,
            3,
            5
          ],
          "get_cost_on_this_client": 3.24249267578125e-05,
          "put_cost_on_this_client": 1.6212621703743933e-05
        },
        "4": {
          "Q1": [
            2,
            3,
            5
          ],
          "Q2": [
            2,
            3,
            5
          ],
          "get_cost_on_this_client": 3.4332275390625e-05,
          "put_cost_on_this_client": 1.716630533337593e-05
        },
        "5": {
          "Q1": [
            5,
            7,
            8
          ],
          "Q2": [
            5,
            7,
            8
          ],
          "get_cost_on_this_client": 5.7220458984375e-06,
          "put_cost_on_this_client": 2.8610508888959887e-06
        },
        "6": {
          "Q1": [
            2,
            3,
            5
          ],
          "Q2": [
            2,
            3,
            5
          ],
          "get_cost_on_this_client": 4.57763671875e-05,
          "put_cost_on_this_client": 2.288840711116791e-05
        },
        "7": {
          "Q1": [
            5,
            7,
            8
          ],
          "Q2": [
            5,
            7,
            8
          ],
          "get_cost_on_this_client": 5.7220458984375e-06,
          "put_cost_on_this_client": 2.8610508888959887e-06
        },
        "8": {
          "Q1": [
            5,
            7,
            8
          ],
          "Q2": [
            5,
            7,
            8
          ],
          "get_cost_on_this_client": 5.7220458984375e-06,
          "put_cost_on_this_client": 2.8610508888959887e-06
        }
      }
    },
    {
      "id": 1,
      "protocol": "abd",
      "m": 5,
      "selected_dcs": [
        0,
        1,
        5,
        7,
        8
      ],
      "get_cost": 2.7980804443359375,
      "put_cost": 1.3990538846701384,
      "storage_cost": 0.03083111488655822,
      "vm_cost": 0.41488200000000003,
      "total_cost": 4.642847443892634,
      "get_latency": 551.0,
      "put_latency": 551.0,
      "client_placement_info": {
        "0": {
          "Q1": [
            0,
            1,
            5
          ],
          "Q2": [
            0,
            1,
            5
          ],
          "get_cost_on_this_client": 2.6702880859375003e-05,
          "put_cost_on_this_client": 1.3351570814847947e-05
        },
        "1": {
          "Q1": [
            0,
            1,
            5
          ],
          "Q2": [
            0,
            1,
            5
          ],
          "get_cost_on_this_client": 2.6702880859375003e-05,
          "put_cost_on_this_client": 1.3351570814847947e-05
        },
        "2": {
          "Q1": [
            0,
            1,
            5
          ],
          "Q2": [
            0,
            1,
            5
          ],
          "get_cost_on_this_client": 4.57763671875e-05,
          "put_cost_on_this_client": 2.288840711116791e-05
        },
        "3": {
          "Q1": [
            5,
            7,
            8
          ],
          "Q2": [
            5,
            7,
            8
          ],
          "get_cost_on_this_client": 5.7220458984375e-06,
          "put_cost_on_this_client": 2.8610508888959887e-06
        },
        "4": {
          "Q1": [
            5,
            7,
            8
          ],
          "Q2": [
            5,
            7,
            8
          ],
          "get_cost_on_this_client": 5.7220458984375e-06,
          "put_cost_on_this_client": 2.8610508888959887e-06
        }
      }
    },
    {
      "id": 2,
      "protocol": "abd",
      "m": 5,
      "selected_dcs": [
        0,
        5,
        6,
        7,
        8
      ],
      "get_cost": 11.260986328125,
      "put_cost": 5.6305481493473035,
      "storage_cost": 0.031876237425085614,
      "vm_cost": 0.435286,
      "total_cost": 17.35869671489739,
      "get_latency": 551.8,
      "put_latency": 551.8,
      "client_placement_info": {
        "0": {
          "Q1": [
            0,
            5,
            6
          ],
          "Q2": [
            0,
            5,
            6
          ],
          "get_cost_on_this_client": 3.24249267578125e-05,
          "put_cost_on_this_client": 1.6212621703743933e-05
        },
        "1": {
          "Q1": [
            0,
            5,
            6
          ],
          "Q2": [
            0,
            5,
            6
          ],
          "get_cost_on_this_client": 4.005432128906251e-05,
          "put_cost_on_this_client": 2.0027356222271922e-05
        },
        "2": {
          "Q1": [
            0,
            5,
            6
          ],
          "Q2": [
            0,
            5,
            6
          ],
          "get_cost_on_this_client": 3.24249267578125e-05,
          "put_cost_on_this_client": 1.6212621703743933e-05
        },
        "3": {
          "Q1": [
            5,
            7,
            8
          ],
          "Q2": [
            5,
            7,
            8
          ],
          "get_cost_on_this_client": 5.7220458984375e-06,
          "put_cost_on_this_client": 2.8610508888959887e-06
        },
        "4": {
          "Q1": [
            5,
            7,
            8
          ],
          "Q2": [
            5,
            7,
            8
          ],
          "get_cost_on_this_client": 5.7220458984375e-06,
          "put_cost_on_this_client": 2.8610508888959887e-06
        }
      }
    }
  ],
  "overall_cost": 36.976797483086834,
  "get_cost": 23.748397827148438,
  "put_cost": 11.874314872547982,
  "storage_cost": 0.09197078339041095,
  "vm_cost": 1.262114,
  "time_period_hrs": 3.0
}