{
  "output": [
    {
      "id": 0,
      "protocol": "replication",
      "m": 5,
      "k": 1,
      "selected_dcs": [
        0,
        2,
        5,
        7,
        8
      ],
      "get_cost": 0.04849396646022795,
      "put_cost": 0.04854127764701842,
      "storage_cost": 0.0002978599234803082,
      "vm_cost": 0.411576,
      "total_cost": 0.5089091040307266,
      "get_latency": 656.2,
      "put_latency": 984.3000000000001,
      "client_placement_info": {
        "0": {
          "Q1": [
            0,
            2,
            5
          ],
          "Q2": [
            0,
            2,
            5
          ],
          "Q3": [
            0,
            2,
            5
          ],
          "Q4": [
            0,
            2,
            5
          ],
          "get_cost_on_this_client": 1.3364478945732117e-07,
          "put_cost_on_this_client": 1.3377517461776735e-07
        },
        "1": {
          "Q1": [
            0,
            2,
            5
          ],
          "Q2": [
            0,
            2,
            5
          ],
          "Q3": [
            0,
            2,
            5
          ],
          "Q4": [
            0,
            2,
            5
          ],
          "get_cost_on_this_client": 1.7182901501655579e-07,
          "put_cost_on_this_client": 1.7199665307998658e-07
        },
        "2": {
          "Q1": [
            0,
            2,
            5
          ],
          "Q2": [
            0,
            2,
            5
          ],
          "Q3": [
            0,
            2,
            5
          ],
          "Q4": [
            0,
            2,
            5
          ],
          "get_cost_on_this_client": 1.3364478945732117e-07,
          "put_cost_on_this_client": 1.3377517461776735e-07
        },
        "3": {
          "Q1": [
            0,
            2,
            5
          ],
          "Q2": [
            0,
            2,
            5
          ],
          "Q3": [
            0,
            2,
            5
          ],
          "Q4": [
            0,
            2,
            5
          ],
          "get_cost_on_this_client": 2.2910535335540771e-07,
          "put_cost_on_this_client": 2.293288707733154e-07
        },
        "4": {
          "Q1": [
            0,
            2,
            5
          ],
          "Q2": [
            0,
            2,
            5
          ],
          "Q3": [
            0,
            2,
            5
          ],
          "Q4": [
            0,
            2,
            5
          ],
          "get_cost_on_this_client": 2.2910535335540771e-07,
          "put_cost_on_this_client": 2.293288707733154e-07
        },
        "5": {
          "Q1": [
            5,
            7,
            8
          ],
          "Q2": [
            5,
            7,
            8
          ],
          "Q3": [
            5,
            7,
            8
          ],
          "Q4": [
            5,
            7,
            8
          ],
          "get_cost_on_this_client": 2.8638169169425964e-08,
          "put_cost_on_this_client": 2.8666108846664426e-08
        },
        "6": {
          "Q1": [
            0,
            2,
            5
          ],
          "Q2": [
            0,
            2,
            5
          ],
          "Q3": [
            0,
            2,
            5
          ],
          "Q4": [
            0,
            2,
            5
          ],
          "get_cost_on_this_client": 2.2910535335540771e-07,
          "put_cost_on_this_client": 2.293288707733154e-07
        },
        "7": {
          "Q1": [
            5,
            7,
            8
          ],
          "Q2": [
            5,
            7,
            8
          ],
          "Q3": [
            5,
            7,
            8
          ],
          "Q4": [
            5,
            7,
            8
          ],
          "get_cost_on_this_client": 2.8638169169425964e-08,
          "put_cost_on_this_client": 2.8666108846664426e-08
        },
        "8": {
          "Q1": [
            5,
            7,
            8
          ],
          "Q2": [
            5,
            7,
            8
          ],
          "Q3": [
            5,
            7,
            8
          ],
          "Q4": [
            5,
            7,
            8
          ],
          "get_cost_on_this_client": 2.8638169169425964e-08,
          "put_cost_on_this_client": 2.8666108846664426e-08
        }
      }
    },
    {
      "id": 1,
      "protocol": "replication",
      "m": 5,
      "k": 1,
      "selected_dcs": [
        0,
        2,
        5,
        7,
        8
      ],
      "get_cost": 0.08486444130539893,
      "put_cost": 0.08494723588228224,
      "storage_cost": 0.0002978599234803082,
      "vm_cost": 0.411576,
      "total_cost": 0.5816855371111614,
      "get_latency": 656.2,
      "put_latency": 984.3000000000001,
      "client_placement_info": {
        "0": {
          "Q1": [
            0,
            2,
            5
          ],
          "Q2": [
            0,
            2,
            5
          ],
          "Q3": [
            0,
            2,
            5
          ],
          "Q4": [
            0,
            2,
            5
          ],
          "get_cost_on_this_client": 1.3364478945732117e-07,
          "put_cost_on_this_client": 1.3377517461776735e-07
        },
        "1": {
          "Q1": [
            0,
            2,
            5
          ],
          "Q2": [
            0,
            2,
            5
          ],
          "Q3": [
            0,
            2,
            5
          ],
          "Q4": [
            0,
            2,
            5
          ],
          "get_cost_on_this_client": 1.7182901501655579e-07,
          "put_cost_on_this_client": 1.7199665307998658e-07
        },
        "2": {
          "Q1": [
            0,
            2,
            5
          ],
          "Q2": [
            0,
            2,
            5
          ],
          "Q3": [
            0,
            2,
            5
          ],
          "Q4": [
            0,
            2,
            5
          ],
          "get_cost_on_this_client": 1.3364478945732117e-07,
          "put_cost_on_this_client": 1.3377517461776735e-07
        },
        "3": {
          "Q1": [
            0,
            2,
            5
          ],
          "Q2": [
            0,
            2,
            5
          ],
          "Q3": [
            0,
            2,
            5
          ],
          "Q4": [
            0,
            2,
            5
          ],
          "get_cost_on_this_client": 2.2910535335540771e-07,
          "put_cost_on_this_client": 2.293288707733154e-07
        },
        "4": {
          "Q1": [
            0,
            2,
            5
          ],
          "Q2": [
            0,
            2,
            5
          ],
          "Q3": [
            0,
            2,
            5
          ],
          "Q4": [
            0,
            2,
            5
          ],
          "get_cost_on_this_client": 2.2910535335540771e-07,
          "put_cost_on_this_client": 2.293288707733154e-07
        },
        "5": {
          "Q1": [
            5,
            7,
            8
          ],
          "Q2": [
            5,
            7,
            8
          ],
          "Q3": [
            5,
            7,
            8
          ],
          "Q4": [
            5,
            7,
            8
          ],
          "get_cost_on_this_client": 2.8638169169425964e-08,
          "put_cost_on_this_client": 2.8666108846664426e-08
        },
        "6": {
          "Q1": [
            0,
            2,
            5
          ],
          "Q2": [
            0,
            2,
            5
          ],
          "Q3": [
            0,
            2,
            5
          ],
          "Q4": [
            0,
            2,
            5
          ],