{
  "output": [
    {
      "id": 0,
      "protocol": "replication",
      "m": 5,
      "k": 1,
      "selected_dcs": [
        0,
        2,
        5,
        7,
        8
      ],
      "get_cost": 0.0005204230546951292,
      "put_cost": 0.0005677342414855957,
      "storage_cost": 2.908788315237385e-06,
      "vm_cost": 0.411576,
      "total_cost": 0.41266706608449594,
      "get_latency": 656.2,
      "put_latency": 984.3000000000001,
      "client_placement_info": {
        "0": {
          "Q1": [
            0,
            2,
            5
          ],
          "Q2": [
            0,
            2,
            5
          ],
          "Q3": [
            0,
            2,
            5
          ],
          "Q4": [
            0,
            2,
            5
          ],
          "get_cost_on_this_client": 1.434236764907837e-09,
          "put_cost_on_this_client": 1.564621925354004e-09
        },
        "1": {
          "Q1": [
            0,
            2,
            5
          ],
          "Q2": [
            0,
            2,
            5
          ],
          "Q3": [
            0,
            2,
            5
          ],
          "Q4": [
            0,
            2,
            5
          ],
          "get_cost_on_this_client": 1.8440186977386472e-09,
          "put_cost_on_this_client": 2.0116567611694333e-09
        },
        "2": {
          "Q1": [
            0,
            2,
            5
          ],
          "Q2": [
            0,
            2,
            5
          ],
          "Q3": [
            0,
            2,
            5
          ],
          "Q4": [
            0,
            2,
            5
          ],
          "get_cost_on_this_client": 1.434236764907837e-09,
          "put_cost_on_this_client": 1.564621925354004e-09
        },
        "3": {
          "Q1": [
            0,
            2,
            5
          ],
          "Q2": [
            0,
            2,
            5
          ],
          "Q3": [
            0,
            2,
            5
          ],
          "Q4": [
            0,
            2,
            5
          ],
          "get_cost_on_this_client": 2.458691596984863e-09,
          "put_cost_on_this_client": 2.682209014892578e-09
        },
        "4": {
          "Q1": [
            0,
            2,
            5
          ],
          "Q2": [
            0,
            2,
            5
          ],
          "Q3": [
            0,
            2,
            5
          ],
          "Q4": [
            0,
            2,
            5
          ],
          "get_cost_on_this_client": 2.458691596984863e-09,
          "put_cost_on_this_client": 2.682209014892578e-09
        },
        "5": {
          "Q1": [
            5,
            7,
            8
          ],
          "Q2": [
            5,
            7,
            8
          ],
          "Q3": [
            5,
            7,
            8
          ],
          "Q4": [
            5,
            7,
            8
          ],
          "get_cost_on_this_client": 3.0733644962310787e-10,
          "put_cost_on_this_client": 3.3527612686157225e-10
        },
        "6": {
          "Q1": [
            0,
            2,
            5
          ],
          "Q2": [
            0,
            2,
            5
          ],
          "Q3": [
            0,
            2,
            5
          ],
          "Q4": [
            0,
            2,
            5
          ],
          "get_cost_on_this_client": 2.458691596984863e-09,
          "put_cost_on_this_client": 2.682209014892578e-09
        },
        "7": {
          "Q1": [
            5,
            7,
            8
          ],
          "Q2": [
            5,
            7,
            8
          ],
          "Q3": [
            5,
            7,
            8
          ],
          "Q4": [
            5,
            7,
            8
          ],
          "get_cost_on_this_client": 3.0733644962310787e-10,
          "put_cost_on_this_client": 3.3527612686157225e-10
        },
        "8": {
          "Q1": [
            5,
            7,
            8
          ],
          "Q2": [
            5,
            7,
            8
          ],
          "Q3": [
            5,
            7,
            8
          ],
          "Q4": [
            5,
            7,
            8
          ],
          "get_cost_on_this_client": 3.0733644962310787e-10,
          "put_cost_on_this_client": 3.3527612686157225e-10
        }
      }
    },
    {
      "id": 1,
      "protocol": "replication",
      "m": 5,
      "k": 1,
      "selected_dcs": [
        0,
        2,
        5,
        7,
        8
      ],
      "get_cost": 0.04849396646022795,
      "put_cost": 0.04854127764701842,
      "storage_cost": 0.0002978599234803082,
      "vm_cost": 0.411576,
      "total_cost": 0.5089091040307266,
      "get_latency": 656.2,
      "put_latency": 984.3000000000001,
      "client_placement_info": {
        "0": {
          "Q1": [
            0,
            2,
            5
          ],
          "Q2": [
            0,
            2,
            5
          ],
          "Q3": [
            0,
            2,
            5
          ],
          "Q4": [
            0,
            2,
            5
          ],
          "get_cost_on_this_client": 1.3364478945732117e-07,
          "put_cost_on_this_client": 1.3377517461776735e-07
        },
        "1": {
          "Q1": [
            0,
            2,
            5
          ],
          "Q2": [
            0,
            2,
            5
          ],
          "Q3": [
            0,
            2,
            5
          ],
          "Q4": [
            0,
            2,
            5
          ],
          "get_cost_on_this_client": 1.7182901501655579e-07,
          "put_cost_on_this_client": 1.7199665307998658e-07
        },
        "2": {
          "Q1": [
            0,
            2,
            5
          ],
          "Q2": [
            0,
            2,
            5
          ],
          "Q3": [
            0,
            2,
            5
          ],
          "Q4": [
            0,
            2,
            5
          ],
          "get_cost_on_this_client": 1.3364478945732117e-07,
          "put_cost_on_this_client": 1.3377517461776735e-07
        },
        "3": {
          "Q1": [
            0,
            2,
            5
          ],
          "Q2": [
            0,
            2,
            5
          ],
          "Q3": [
            0,
            2,
            5
          ],
          "Q4": [
            0,
            2,
            5
          ],
          "get_cost_on_this_client": 2.2910535335540771e-07,
          "put_cost_on_this_client": 2.293288707733154e-07
        },
        "4": {
          "Q1": [
            0,
            2,
            5
          ],
          "Q2": [
            0,
            2,
            5
          ],
          "Q3": [
            0,
            2,
            5
          ],
          "Q4": [
            0,
            2,
            5
          ],
          "get_cost_on_this_client": 2.2910535335540771e-07,
          "put_cost_on_this_client": 2.293288707733154e-07
        },
        "5": {
          "Q1": [
            5,
            7,
            8
          ],
          "Q2": [
            5,
            7,
            8
          ],
          "Q3": [
            5,
            7,
            8
          ],
          "Q4": [
            5,
            7,
            8
          ],
          "get_cost_on_this_client": 2.8638169169425964e-08,
          "put_cost_on_this_client": 2.8666108846664426e-08
        },
        "6": {
          "Q1": [
            0,
            2,
            5
          ],
          "Q2": [
            0,
            2,
            5
          ],
          "Q3": [
            0,
            2,
            5
          ],
          "Q4": [
            0,
            2,
            5
          ],