{
  "output": [
    {
      "id": 0,
      "protocol": "abd",
      "m": 5,
      "selected_dcs": [
        0,
        2,
        5,
        7,
        8
      ],
      "get_cost": 0.096893310546875,
      "put_cost": 0.04849396646022795,
      "storage_cost": 0.0002978599234803082,
      "vm_cost": 0.411576,
      "total_cost": 0.5572611369305833,
      "get_latency": 656.2,
      "put_latency": 656.2,
      "client_placement_info": {
        "0": {
          "Q1": [
            0,
            2,
            5
          ],
          "Q2": [
            0,
            2,
            5
          ],
          "get_cost_on_this_client": 2.6702880859375e-07,
          "put_cost_on_this_client": 1.3364478945732117e-07
        },
        "1": {
          "Q1": [
            0,
            2,
            5
          ],
          "Q2": [
            0,
            2,
            5
          ],
          "get_cost_on_this_client": 3.4332275390625e-07,
          "put_cost_on_this_client": 1.7182901501655579e-07
        },
        "2": {
          "Q1": [
            0,
            2,
            5
          ],
          "Q2": [
            0,
            2,
            5
          ],
          "get_cost_on_this_client": 2.6702880859375e-07,
          "put_cost_on_this_client": 1.3364478945732117e-07
        },
        "3": {
          "Q1": [
            0,
            2,
            5
          ],
          "Q2": [
            0,
            2,
            5
          ],
          "get_cost_on_this_client": 4.57763671875e-07,
          "put_cost_on_this_client": 2.2910535335540771e-07
        },
        "4": {
          "Q1": [
            0,
            2,
            5
          ],
          "Q2": [
            0,
            2,
            5
          ],
          "get_cost_on_this_client": 4.57763671875e-07,
          "put_cost_on_this_client": 2.2910535335540771e-07
        },
        "5": {
          "Q1": [
            5,
            7,
            8
          ],
          "Q2": [
            5,
            7,
            8
          ],
          "get_cost_on_this_client": 5.7220458984375e-08,
          "put_cost_on_this_client": 2.8638169169425964e-08
        },
        "6": {
          "Q1": [
            0,
            2,
            5
          ],
          "Q2": [
            0,
            2,
            5
          ],
          "get_cost_on_this_client": 4.57763671875e-07,
          "put_cost_on_this_client": 2.2910535335540771e-07
        },
        "7": {
          "Q1": [
            5,
            7,
            8
          ],
          "Q2": [
            5,
            7,
            8
          ],
          "get_cost_on_this_client": 5.7220458984375e-08,
          "put_cost_on_this_client": 2.8638169169425964e-08
        },
        "8": {
          "Q1": [
            5,
            7,
            8
          ],
          "Q2": [
            5,
            7,
            8
          ],
          "get_cost_on_this_client": 5.7220458984375e-08,
          "put_cost_on_this_client": 2.8638169169425964e-08
        }
      }
    },
    {
      "id": 1,
      "protocol": "abd",
      "m": 5,
      "selected_dcs": [
        0,
        2,
        5,
        7,
        8
      ],
      "get_cost": 0.028667449951171875,
      "put_cost": 0.014347722753882408,
      "storage_cost": 0.0002978599234803082,
      "vm_cost": 0.411576,
      "total_cost": 0.4548890326285346,
      "get_latency": 656.2,
      "put_latency": 656.2,
      "client_placement_info": {
        "0": {
          "Q1": [
            0,
            2,
            5
          ],
          "Q2": [
            0,
            2,
            5
          ],
          "get_cost_on_this_client": 2.6702880859375e-07,
          "put_cost_on_this_client": 1.3364478945732117e-07
        },
        "1": {
          "Q1": [
            0,
            2,
            5
          ],
          "Q2": [
            0,
            2,
            5
          ],
          "get_cost_on_this_client": 3.4332275390625e-07,
          "put_cost_on_this_client": 1.7182901501655579e-07
        },
        "2": {
          "Q1": [
            0,
            2,
            5
          ],
          "Q2": [
            0,
            2,
            5
          ],
          "get_cost_on_this_client": 2.6702880859375e-07,
          "put_cost_on_this_client": 1.3364478945732117e-07
        },
        "3": {
          "Q1": [
            0,
            2,
            5
          ],
          "Q2": [
            0,
            2,
            5
          ],
          "get_cost_on_this_client": 4.57763671875e-07,
          "put_cost_on_this_client": 2.2910535335540771e-07
        },
        "4": {
          "Q1": [
            0,
            2,
            5
          ],
          "Q2": [
            0,
            2,
            5
          ],
          "get_cost_on_this_client": 4.57763671875e-07,
          "put_cost_on_this_client": 2.2910535335540771e-07
        },
        "5": {
          "Q1": [
            5,
            7,
            8
          ],
          "Q2": [
            5,
            7,
            8
          ],
          "get_cost_on_this_client": 5.7220458984375e-08,
          "put_cost_on_this_client": 2.8638169169425964e-08
        },
        "6": {
          "Q1": [
            0,
            2,
            5
          ],
          "Q2": [
            0,
            2,
            5
          ],
          "get_cost_on_this_client": 4.57763671875e-07,
          "put_cost_on_this_client": 2.2910535335540771e-07
        },
        "7": {
          "Q1": [
            5,
            7,
            8
          ],
          "Q2": [
            5,
            7,
            8
          ],
          "get_cost_on_this_client": 5.7220458984375e-08,
          "put_cost_on_this_client": 2.8638169169425964e-08
        },
        "8": {
          "Q1": [
            5,
            7,
            8
          ],
          "Q2": [
            5,
            7,
            8
          ],
          "get_cost_on_this_client": 5.7220458984375e-08,
          "put_cost_on_this_client": 2.8638169169425964e-08
        }
      }
    },
    {
      "id": 2,
      "protocol": "abd",
      "m": 5,
      "selected_dcs": [
        2,
        5,
        6,
        7,
        8
      ],
      "get_cost": 0.1132965087890625,
      "put_cost": 0.05670357495546341,
      "storage_cost": 0.00030831114886558216,
      "vm_cost": 0.43198,
      "total_cost": 0.6022883948933915,
      "get_latency": 670.2,
      "put_latency": 670.2,
      "client_placement_info": {
        "0": {
          "Q1": [
            2,
            5,
            6
          ],
          "Q2": [
            2,
            5,
            6
          ],
          "get_cost_on_this_client": 4.0054321289062504e-07,
          "put_cost_on_this_client": 2.0046718418598178e-07
        },
        "1": {
          "Q1": [
            2,
            5,
            6
          ],
          "Q2": [
            2,
            5,
            6
          ],
          "get_cost_on_this_client": 4.0054321289062504e-07,
          "put_cost_on_this_client": 2.0046718418598178e-07
        },
        "2": {
          "Q1": [
            2,
            5,
            6
          ],
          "Q2": [
            2,
            5,
            6
          ],
          "get_cost_on_this_client": 3.2424926757812497e-07,
          "put_cost_on_this_client": 1.622829586267471e-07
        },
        "3": {
          "Q1": [
            2,
            5,
            6
          ],
          "Q2": [
            2,
            5,
            6
          ],
          "get_cost_on_this_client": 4.57763671875e-07,
          "put_cost_on_this_client": 2.2910535335540771e-07
        },
        "4": {
          "Q1": [
            2,
            5,
            6
          ],
          "Q2": [
            2,
            5,
            6
          ],