{
  "output": [
    {
      "id": 0,
      "protocol": "cas",
      "m": 9,
      "k": 5,
      "selected_dcs": [
        0,
        1,
        2,
        3,
        4,
        5,
        6,
        7,
        8
      ],
      "get_cost": 2.8152767568826675,
      "put_cost": 2.8154142200946812,
      "storage_cost": 0.01139183566994863,
      "vm_cost": 0.7925760000000001,
      "total_cost": 6.434658812647298,
      "get_latency": 603.6,
      "put_latency": 931.7,
      "client_placement_info": {
        "0": {
          "Q1": [
            0,
            1,
            2
          ],
          "Q2": [
            0,
            1,
            2,
            3,
            4,
            5,
            6
          ],
          "Q3": [
            0,
            1,
            2,
            3,
            4,
            5,
            6
          ],
          "Q4": [
            0,
            1,
            2,
            3,
            4,
            5,
            6
          ],
          "get_cost_on_this_client": 8.20170156657696e-06,
          "put_cost_on_this_client": 8.202102035284045e-06
        },
        "1": {
          "Q1": [
            0,
            1,
            2
          ],
          "Q2": [
            0,
            1,
            2,
            3,
            4,
            5,
            6
          ],
          "Q3": [
            0,
            1,
            2,
            3,
            4,
            5,
            6
          ],
          "Q4": [
            0,
            1,
            2,
            3,
            4,
            5,
            6
          ],
          "get_cost_on_this_client": 8.20170156657696e-06,
          "put_cost_on_this_client": 8.202102035284045e-06
        },
        "2": {
          "Q1": [
            0,
            1,
            2
          ],
          "Q2": [
            0,
            1,
            2,
            3,
            4,
            5,
            6
          ],
          "Q3": [
            0,
            1,
            2,
            3,
            4,
            5,
            6
          ],
          "Q4": [
            0,
            1,
            2,
            3,
            4,
            5,
            6
          ],
          "get_cost_on_this_client": 8.20170156657696e-06,
          "put_cost_on_this_client": 8.202102035284045e-06
        },
        "3": {
          "Q1": [
            0,
            3,
            4
          ],
          "Q2": [
            0,
            1,
            2,
            3,
            4,
            5,
            6
          ],
          "Q3": [
            0,
            1,
            2,
            3,
            4,
            5,
            6
          ],
          "Q4": [
            0,
            1,
            2,
            3,
            4,
            5,
            6
          ],
          "get_cost_on_this_client": 8.20170156657696e-06,
          "put_cost_on_this_client": 8.202102035284045e-06
        },
        "4": {
          "Q1": [
            0,
            3,
            4
          ],
          "Q2": [
            0,
            1,
            2,
            3,
            4,
            5,
            6
          ],
          "Q3": [
            0,
            1,
            2,
            3,
            4,
            5,
            6
          ],
          "Q4": [
            0,
            1,
            2,
            3,
            4,
            5,
            6
          ],
          "get_cost_on_this_client": 8.20170156657696e-06,
          "put_cost_on_this_client": 8.202102035284045e-06
        },
        "5": {
          "Q1": [
            5,
            7,
            8
          ],
          "Q2": [
            0,
            1,
            2,
            3,
            5,
            7,
            8
          ],
          "Q3": [
            0,
            1,
            2,
            3,
            5,
            7,
            8
          ],
          "Q4": [
            0,
            1,
            2,
            3,
            5,
            7,
            8
          ],
          "get_cost_on_this_client": 6.675748154520989e-06,
          "put_cost_on_this_client": 6.676074117422105e-06
        },
        "6": {
          "Q1": [
            0,
            1,
            6
          ],
          "Q2": [
            0,
            1,
            2,
            3,
            4,
            5,
            6
          ],
          "Q3": [
            0,
            1,
            2,
            3,
            4,
            5,
            6
          ],
          "Q4": [
            0,
            1,
            2,
            3,
            4,
            5,
            6
          ],
          "get_cost_on_this_client": 9.346166625618935e-06,
          "put_cost_on_this_client": 9.346622973680497e-06
        },
        "7": {
          "Q1": [
            5,
            7,
            8
          ],
          "Q2": [
            0,
            1,
            2,
            3,
            5,
            7,
            8
          ],
          "Q3": [
            0,
            1,
            2,
            3,
            5,
            7,
            8
          ],
          "Q4": [
            0,
            1,
            2,
            3,
            5,
            7,
            8
          ],
          "get_cost_on_this_client": 6.675748154520989e-06,
          "put_cost_on_this_client": 6.676074117422105e-06
        },
        "8": {
          "Q1": [
            5,
            7,
            8
          ],
          "Q2": [
            0,
            1,
            2,
            3,
            5,
            7,
            8
          ],
          "Q3": [
            0,
            1,
            2,
            3,
            5,
            7,
            8
          ],
          "Q4": [
            0,
            1,
            2,
            3,
            5,
            7,
            8
          ],
          "get_cost_on_this_client": 6.675748154520989e-06,
          "put_cost_on_this_client": 6.676074117422105e-06
        }
      }
    },
    {
      "id": 1,
      "protocol": "replication",
      "m": 5,
      "k": 1,
      "selected_dcs": [
        0,
        1,
        5,
        7,
        8
      ],
      "get_cost": 1.3990538846701384,
      "put_cost": 1.3990675471723077,
      "storage_cost": 0.03083111488655822,
      "vm_cost": 0.414882,
      "total_cost": 3.2438345467290044,
      "get_latency": 551.0,
      "put_latency": 826.5,
      "client_placement_info": {
        "0": {
          "Q1": [
            0,
            1,
            5
          ],
          "Q2": [
            0,
            1,
            5
          ],
          "Q3": [
            0,
            1,
            5
          ],
          "Q4": [
            0,
            1,
            5
          ],
          "get_cost_on_this_client": 1.3351570814847947e-05,
          "put_cost_on_this_client": 1.3351701200008395e-05
        },
        "1": {
          "Q1": [
            0,
            1,
            5
          ],
          "Q2": [
            0,
            1,
            5
          ],
          "Q3": [
            0,
            1,
            5
          ],
          "Q4": [
            0,
            1,
            5
          ],
          "get_cost_on_this_client": 1.3351570814847947e-05,
          "put_cost_on_this_client": 1.3351701200008395e-05
        },
        "2": {
          "Q1": [
            0,
            1,
            5
          ],
          "Q2": [
            0,
            1,
            5
          ],
          "Q3": [
            0,
            1,
            5
          ],
          "Q4": [
            0,
            1,
            5
          ],
          "get_cost_on_this_client": 2.288840711116791e-05,
          "put_cost_on_this_client": 2.2888630628585815e-05
        },