{
  "output": [
    {
      "id": 0,
      "protocol": "replication",
      "m": 5,
      "k": 1,
      "selected_dcs": [
        0,
        2,
        5,
        7,
        8
      ],
      "get_cost": 0.027081054000000004,
      "put_cost": 0.0021651659999999996,
      "storage_cost": 0.00031232876712328764,
      "vm_cost": 0.411576,
      "total_cost": 0.44113454876712327,
      "get_latency": 656.2,
      "put_latency": 984.3000000000001,
      "iq1": [
        5,
        7,
        8
      ],
      "iq2": [
        5,
        7,
        8
      ],
      "iq3": [
        5,
        7,
        8
      ],
      "iq4": [
        5,
        7,
        8
      ]
    },
    {
      "id": 1,
      "protocol": "replication",
      "m": 5,
      "k": 1,
      "selected_dcs": [
        0,
        2,
        5,
        7,
        8
      ],
      "get_cost": 0.0338513175,
      "put_cost": 0.002706457499999999,
      "storage_cost": 0.00031232876712328764,
      "vm_cost": 0.411576,
      "total_cost": 0.4484461037671233,
      "get_latency": 656.2,
      "put_latency": 984.3000000000001,
      "iq1": [
        5,
        7,
        8
      ],
      "iq2": [
        5,
        7,
        8
      ],
      "iq3": [
        5,
        7,
        8
      ],
      "iq4": [
        5,
        7,
        8
      ]
    },
    {
      "id": 2,
      "protocol": "replication",
      "m": 5,
      "k": 1,
      "selected_dcs": [
        0,
        2,
        5,
        7,
        8
      ],
      "get_cost": 0.040621581,
      "put_cost": 0.003247748999999999,
      "storage_cost": 0.00031232876712328764,
      "vm_cost": 0.411576,
      "total_cost": 0.45575765876712326,
      "get_latency": 656.2,
      "put_latency": 984.3000000000001,
      "iq1": [
        5,
        7,
        8
      ],
      "iq2": [
        5,
        7,
        8
      ],
      "iq3": [
        5,
        7,
        8
      ],
      "iq4": [
        5,
        7,
        8
      ]
    },
    {
      "id": 3,
      "protocol": "replication",
      "m": 5,
      "k": 1,
      "selected_dcs": [
        0,
        2,
        5,
        7,
        8
      ],
      "get_cost": 0.0473918445,
      "put_cost": 0.0037890404999999993,
      "storage_cost": 0.00031232876712328764,
      "vm_cost": 0.411576,
      "total_cost": 0.4630692137671233,
      "get_latency": 656.2,
      "put_latency": 984.3000000000001,
      "iq1": [
        5,
        7,
        8
      ],
      "iq2": [
        5,
        7,
        8
      ],
      "iq3": [
        5,
        7,
        8
      ],
      "iq4": [
        5,
        7,
        8
      ]
    },
    {
      "id": 4,
      "protocol": "replication",
      "m": 5,
      "k": 1,
      "selected_dcs": [
        0,
        2,
        5,
        7,
        8
      ],
      "get_cost": 0.05416210800000001,
      "put_cost": 0.004330331999999999,
      "storage_cost": 0.00031232876712328764,
      "vm_cost": 0.411576,
      "total_cost": 0.4703807687671233,
      "get_latency": 656.2,
      "put_latency": 984.3000000000001,
      "iq1": [
        5,
        7,
        8
      ],
      "iq2": [
        5,
        7,
        8
      ],
      "iq3": [
        5,
        7,
        8
      ],
      "iq4": [
        5,
        7,
        8
      ]
    },
    {
      "id": 5,
      "protocol": "replication",
      "m": 5,
      "k": 1,
      "selected_dcs": [
        0,
        2,
        5,
        7,
        8
      ],
      "get_cost": 0.060932371500000006,
      "put_cost": 0.004871623499999999,
      "storage_cost": 0.00031232876712328764,
      "vm_cost": 0.411576,
      "total_cost": 0.4776923237671233,
      "get_latency": 656.2,
      "put_latency": 984.3000000000001,
      "iq1": [
        5,
        7,
        8
      ],
      "iq2": [
        5,
        7,
        8
      ],
      "iq3": [
        5,
        7,
        8
      ],
      "iq4": [
        5,
        7,
        8
      ]
    },
    {
      "id": 6,
      "protocol": "replication",
      "m": 5,
      "k": 1,
      "selected_dcs": [
        0,
        2,
        5,
        7,
        8
      ],
      "get_cost": 0.067702635,
      "put_cost": 0.005412914999999998,
      "storage_cost": 0.00031232876712328764,
      "vm_cost": 0.411576,
      "total_cost": 0.48500387876712325,
      "get_latency": 656.2,
      "put_latency": 984.3000000000001,
      "iq1": [
        5,
        7,
        8
      ],
      "iq2": [
        5,
        7,
        8
      ],
      "iq3": [
        5,
        7,
        8
      ],
      "iq4": [
        5,
        7,
        8
      ]
    },
    {
      "id": 7,
      "protocol": "replication",
      "m": 5,
      "k": 1,
      "selected_dcs": [
        0,
        2,
        5,
        7,
        8
      ],
      "get_cost": 0.0744728985,
      "put_cost": 0.005954206499999999,
      "storage_cost": 0.00031232876712328764,
      "vm_cost": 0.411576,
      "total_cost": 0.4923154337671233,
      "get_latency": 656.2,
      "put_latency": 984.3000000000001,
      "iq1": [
        5,
        7,
        8
      ],
      "iq2": [
        5,
        7,
        8
      ],
      "iq3": [
        5,
        7,
        8
      ],
      "iq4": [
        5,
        7,
        8
      ]
    },
    {
      "id": 8,
      "protocol": "replication",
      "m": 5,
      "k": 1,
      "selected_dcs": [
        0,
        2,
        5,
        7,
        8
      ],
      "get_cost": 0.081243162,
      "put_cost": 0.006495497999999998,
      "storage_cost": 0.00031232876712328764,
      "vm_cost": 0.411576,
      "total_cost": 0.4996269887671233,
      "get_latency": 656.2,
      "put_latency": 984.3000000000001,
      "iq1": [
        5,
        7,
        8
      ],
      "iq2": [
        5,
        7,
        8
      ],
      "iq3": [
        5,
        7,
        8
      ],
      "iq4": [
        5,
        7,
        8
      ]
    },
    {
      "id": 9,
      "protocol": "replication",
      "m": 5,
      "k": 1,
      "selected_dcs": [
        0,
        2,
        5,
        7,
        8
      ],
      "get_cost": 0.0880134255,
      "put_cost": 0.007036789499999999,
      "storage_cost": 0.00031232876712328764,
      "vm_cost": 0.411576,
      "total_cost": 0.5069385437671233,
      "get_latency": 656.2,
      "put_latency": 984.3000000000001,
      "iq1": [
        5,
        7,
        8
      ],
      "iq2": [
        5,
        7,
        8
      ],
      "iq3": [
        5,
        7,
        8
      ],
      "iq4": [
        5,
        7,
        8
      ]
    },
    {
      "id": 10,
      "protocol": "replication",
      "m": 5,
      "k": 1,
      "selected_dcs": [
        0,
        2,
        5,
        7,
        8
      ],
      "get_cost": 0.094783689,
      "put_cost": 0.007578080999999999,
      "storage_cost": 0.00031232876712328764,
      "vm_cost": 0.411576,
      "total_cost": 0.5142500987671232,
      "get_latency": 656.2,
      "put_latency": 984.3000000000001,
      "iq1": [
        5,
        7,
        8
      ],
      "iq2": [
        5,
        7,
        8
      ],
      "iq3": [
        5,
        7,
        8
      ],
      "iq4": [
        5,
        7,
        8
      ]
    },
    {
      "id": 11,
      "protocol": "replication",
      "m": 5,
      "k": 1,
      "selected_dcs": [
        0,
        2,
        5,
        7,
        8
      ],
      "get_cost": 0.1015539525,
      "put_cost": 0.008119372499999998,
      "storage_cost": 0.00031232876712328764,
      "vm_cost": 0.411576,
      "total_cost": 0.5215616537671233,
      "get_latency": 656.2,
      "put_latency": 984.3000000000001,
      "iq1": [
        5,
        7,
        8
      ],
      "iq2": [
        5,
        7,
        8
      ],
      "iq3": [
        5,
        7,
        8
      ],
      "iq4": [
        5,
        7,
        8
      ]
    },
    {
      "id": 12,
      "protocol": "replication",
      "m": 5,
      "k": 1,