{
  "output": [
    {
      "id": 0,
      "protocol": "replication",
      "m": 5,
      "k": 1,
      "selected_dcs": [
        0,
        2,
        5,
        7,
        8
      ],
      "get_cost": 0.0030090060000000003,
      "put_cost": 0.019486494,
      "storage_cost": 0.00031232876712328764,
      "vm_cost": 0.411576,
      "total_cost": 0.4343838287671233,
      "get_latency": 656.2,
      "put_latency": 984.3000000000001,
      "iq1": [
        5,
        7,
        8
      ],
      "iq2": [
        5,
        7,
        8
      ],
      "iq3": [
        5,
        7,
        8
      ],
      "iq4": [
        5,
        7,
        8
      ]
    },
    {
      "id": 1,
      "protocol": "replication",
      "m": 5,
      "k": 1,
      "selected_dcs": [
        0,
        2,
        5,
        7,
        8
      ],
      "get_cost": 0.0037612575000000007,
      "put_cost": 0.0243581175,
      "storage_cost": 0.00031232876712328764,
      "vm_cost": 0.411576,
      "total_cost": 0.4400077037671233,
      "get_latency": 656.2,
      "put_latency": 984.3000000000001,
      "iq1": [
        5,
        7,
        8
      ],
      "iq2": [
        5,
        7,
        8
      ],
      "iq3": [
        5,
        7,
        8
      ],
      "iq4": [
        5,
        7,
        8
      ]
    },
    {
      "id": 2,
      "protocol": "replication",
      "m": 5,
      "k": 1,
      "selected_dcs": [
        0,
        2,
        5,
        7,
        8
      ],
      "get_cost": 0.004513509,
      "put_cost": 0.029229741,
      "storage_cost": 0.00031232876712328764,
      "vm_cost": 0.411576,
      "total_cost": 0.4456315787671233,
      "get_latency": 656.2,
      "put_latency": 984.3000000000001,
      "iq1": [
        5,
        7,
        8
      ],
      "iq2": [
        5,
        7,
        8
      ],
      "iq3": [
        5,
        7,
        8
      ],
      "iq4": [
        5,
        7,
        8
      ]
    },
    {
      "id": 3,
      "protocol": "replication",
      "m": 5,
      "k": 1,
      "selected_dcs": [
        0,
        2,
        5,
        7,
        8
      ],
      "get_cost": 0.0052657605,
      "put_cost": 0.0341013645,
      "storage_cost": 0.00031232876712328764,
      "vm_cost": 0.411576,
      "total_cost": 0.4512554537671233,
      "get_latency": 656.2,
      "put_latency": 984.3000000000001,
      "iq1": [
        5,
        7,
        8
      ],
      "iq2": [
        5,
        7,
        8
      ],
      "iq3": [
        5,
        7,
        8
      ],
      "iq4": [
        5,
        7,
        8
      ]
    },
    {
      "id": 4,
      "protocol": "replication",
      "m": 5,
      "k": 1,
      "selected_dcs": [
        0,
        2,
        5,
        7,
        8
      ],
      "get_cost": 0.0060180120000000005,
      "put_cost": 0.038972988,
      "storage_cost": 0.00031232876712328764,
      "vm_cost": 0.411576,
      "total_cost": 0.4568793287671233,
      "get_latency": 656.2,
      "put_latency": 984.3000000000001,
      "iq1": [
        5,
        7,
        8
      ],
      "iq2": [
        5,
        7,
        8
      ],
      "iq3": [
        5,
        7,
        8
      ],
      "iq4": [
        5,
        7,
        8
      ]
    },
    {
      "id": 5,
      "protocol": "replication",
      "m": 5,
      "k": 1,
      "selected_dcs": [
        0,
        2,
        5,
        7,
        8
      ],
      "get_cost": 0.006770263500000001,
      "put_cost": 0.0438446115,
      "storage_cost": 0.00031232876712328764,
      "vm_cost": 0.411576,
      "total_cost": 0.4625032037671233,
      "get_latency": 656.2,
      "put_latency": 984.3000000000001,
      "iq1": [
        5,
        7,
        8
      ],
      "iq2": [
        5,
        7,
        8
      ],
      "iq3": [
        5,
        7,
        8
      ],
      "iq4": [
        5,
        7,
        8
      ]
    },
    {
      "id": 6,
      "protocol": "replication",
      "m": 5,
      "k": 1,
      "selected_dcs": [
        0,
        2,
        5,
        7,
        8
      ],
      "get_cost": 0.007522515000000001,
      "put_cost": 0.048716235,
      "storage_cost": 0.00031232876712328764,
      "vm_cost": 0.411576,
      "total_cost": 0.4681270787671233,
      "get_latency": 656.2,
      "put_latency": 984.3000000000001,
      "iq1": [
        5,
        7,
        8
      ],
      "iq2": [
        5,
        7,
        8
      ],
      "iq3": [
        5,
        7,
        8
      ],
      "iq4": [
        5,
        7,
        8
      ]
    },
    {
      "id": 7,
      "protocol": "replication",
      "m": 5,
      "k": 1,
      "selected_dcs": [
        0,
        2,
        5,
        7,
        8
      ],
      "get_cost": 0.008274766499999999,
      "put_cost": 0.053587858499999995,
      "storage_cost": 0.00031232876712328764,
      "vm_cost": 0.411576,
      "total_cost": 0.4737509537671233,
      "get_latency": 656.2,
      "put_latency": 984.3000000000001,
      "iq1": [
        5,
        7,
        8
      ],
      "iq2": [
        5,
        7,
        8
      ],
      "iq3": [
        5,
        7,
        8
      ],
      "iq4": [
        5,
        7,
        8
      ]
    },
    {
      "id": 8,
      "protocol": "replication",
      "m": 5,
      "k": 1,
      "selected_dcs": [
        0,
        2,
        5,
        7,
        8
      ],
      "get_cost": 0.009027018,
      "put_cost": 0.058459482,
      "storage_cost": 0.00031232876712328764,
      "vm_cost": 0.411576,
      "total_cost": 0.4793748287671233,
      "get_latency": 656.2,
      "put_latency": 984.3000000000001,
      "iq1": [
        5,
        7,
        8
      ],
      "iq2": [
        5,
        7,
        8
      ],
      "iq3": [
        5,
        7,
        8
      ],
      "iq4": [
        5,
        7,
        8
      ]
    },
    {
      "id": 9,
      "protocol": "replication",
      "m": 5,
      "k": 1,
      "selected_dcs": [
        0,
        2,
        5,
        7,
        8
      ],
      "get_cost": 0.0097792695,
      "put_cost": 0.0633311055,
      "storage_cost": 0.00031232876712328764,
      "vm_cost": 0.411576,
      "total_cost": 0.4849987037671233,
      "get_latency": 656.2,
      "put_latency": 984.3000000000001,
      "iq1": [
        5,
        7,
        8
      ],
      "iq2": [
        5,
        7,
        8
      ],
      "iq3": [
        5,
        7,
        8
      ],
      "iq4": [
        5,
        7,
        8
      ]
    },
    {
      "id": 10,
      "protocol": "replication",
      "m": 5,
      "k": 1,
      "selected_dcs": [
        0,
        2,
        5,
        7,
        8
      ],
      "get_cost": 0.010531521,
      "put_cost": 0.068202729,
      "storage_cost": 0.00031232876712328764,
      "vm_cost": 0.411576,
      "total_cost": 0.4906225787671233,
      "get_latency": 656.2,
      "put_latency": 984.3000000000001,
      "iq1": [
        5,
        7,
        8
      ],
      "iq2": [
        5,
        7,
        8
      ],
      "iq3": [
        5,
        7,
        8
      ],
      "iq4": [
        5,
        7,
        8
      ]
    },
    {
      "id": 11,
      "protocol": "replication",
      "m": 5,
      "k": 1,
      "selected_dcs": [
        0,
        2,
        5,
        7,
        8
      ],
      "get_cost": 0.0112837725,
      "put_cost": 0.0730743525,
      "storage_cost": 0.00031232876712328764,
      "vm_cost": 0.411576,
      "total_cost": 0.4962464537671233,
      "get_latency": 656.2,
      "put_latency": 984.3000000000001,
      "iq1": [
        5,
        7,
        8
      ],
      "iq2": [
        5,
        7,
        8
      ],
      "iq3": [
        5,
        7,
        8
      ],
      "iq4": [
        5,
        7,
        8
      ]
    },
    {
      "id": 12,
      "protocol": "replication",
      "m": 5,
      "k": 1,
      "selected_dcs": [
        0,
        2,
        5,
        7,
        8
      ],