{
  "output": [
    {
      "id": 0,
      "protocol": "replication",
      "m": 5,
      "k": 1,
      "selected_dcs": [
        0,
        2,
        5,
        7,
        8
      ],
      "get_cost": 0.015045030000000003,
      "put_cost": 0.01082583,
      "storage_cost": 0.00031232876712328764,
      "vm_cost": 0.411576,
      "total_cost": 0.4377591887671233,
      "get_latency": 656.2,
      "put_latency": 984.3000000000001,
      "iq1": [
        5,
        7,
        8
      ],
      "iq2": [
        5,
        7,
        8
      ],
      "iq3": [
        5,
        7,
        8
      ],
      "iq4": [
        5,
        7,
        8
      ]
    },
    {
      "id": 1,
      "protocol": "replication",
      "m": 5,
      "k": 1,
      "selected_dcs": [
        0,
        2,
        5,
        7,
        8
      ],
      "get_cost": 0.018806287499999998,
      "put_cost": 0.0135322875,
      "storage_cost": 0.00031232876712328764,
      "vm_cost": 0.411576,
      "total_cost": 0.44422690376712326,
      "get_latency": 656.2,
      "put_latency": 984.3000000000001,
      "iq1": [
        5,
        7,
        8
      ],
      "iq2": [
        5,
        7,
        8
      ],
      "iq3": [
        5,
        7,
        8
      ],
      "iq4": [
        5,
        7,
        8
      ]
    },
    {
      "id": 2,
      "protocol": "replication",
      "m": 5,
      "k": 1,
      "selected_dcs": [
        0,
        2,
        5,
        7,
        8
      ],
      "get_cost": 0.022567545,
      "put_cost": 0.016238745,
      "storage_cost": 0.00031232876712328764,
      "vm_cost": 0.411576,
      "total_cost": 0.4506946187671233,
      "get_latency": 656.2,
      "put_latency": 984.3000000000001,
      "iq1": [
        5,
        7,
        8
      ],
      "iq2": [
        5,
        7,
        8
      ],
      "iq3": [
        5,
        7,
        8
      ],
      "iq4": [
        5,
        7,
        8
      ]
    },
    {
      "id": 3,
      "protocol": "replication",
      "m": 5,
      "k": 1,
      "selected_dcs": [
        0,
        2,
        5,
        7,
        8
      ],
      "get_cost": 0.0263288025,
      "put_cost": 0.018945202499999998,
      "storage_cost": 0.00031232876712328764,
      "vm_cost": 0.411576,
      "total_cost": 0.4571623337671233,
      "get_latency": 656.2,
      "put_latency": 984.3000000000001,
      "iq1": [
        5,
        7,
        8
      ],
      "iq2": [
        5,
        7,
        8
      ],
      "iq3": [
        5,
        7,
        8
      ],
      "iq4": [
        5,
        7,
        8
      ]
    },
    {
      "id": 4,
      "protocol": "replication",
      "m": 5,
      "k": 1,
      "selected_dcs": [
        0,
        2,
        5,
        7,
        8
      ],
      "get_cost": 0.030090060000000005,
      "put_cost": 0.02165166,
      "storage_cost": 0.00031232876712328764,
      "vm_cost": 0.411576,
      "total_cost": 0.46363004876712327,
      "get_latency": 656.2,
      "put_latency": 984.3000000000001,
      "iq1": [
        5,
        7,
        8
      ],
      "iq2": [
        5,
        7,
        8
      ],
      "iq3": [
        5,
        7,
        8
      ],
      "iq4": [
        5,
        7,
        8
      ]
    },
    {
      "id": 5,
      "protocol": "replication",
      "m": 5,
      "k": 1,
      "selected_dcs": [
        0,
        2,
        5,
        7,
        8
      ],
      "get_cost": 0.0338513175,
      "put_cost": 0.0243581175,
      "storage_cost": 0.00031232876712328764,
      "vm_cost": 0.411576,
      "total_cost": 0.4700977637671233,
      "get_latency": 656.2,
      "put_latency": 984.3000000000001,
      "iq1": [
        5,
        7,
        8
      ],
      "iq2": [
        5,
        7,
        8
      ],
      "iq3": [
        5,
        7,
        8
      ],
      "iq4": [
        5,
        7,
        8
      ]
    },
    {
      "id": 6,
      "protocol": "replication",
      "m": 5,
      "k": 1,
      "selected_dcs": [
        0,
        2,
        5,
        7,
        8
      ],
      "get_cost": 0.037612574999999995,
      "put_cost": 0.027064575,
      "storage_cost": 0.00031232876712328764,
      "vm_cost": 0.411576,
      "total_cost": 0.4765654787671233,
      "get_latency": 656.2,
      "put_latency": 984.3000000000001,
      "iq1": [
        5,
        7,
        8
      ],
      "iq2": [
        5,
        7,
        8
      ],
      "iq3": [
        5,
        7,
        8
      ],
      "iq4": [
        5,
        7,
        8
      ]
    },
    {
      "id": 7,
      "protocol": "replication",
      "m": 5,
      "k": 1,
      "selected_dcs": [
        0,
        2,
        5,
        7,
        8
      ],
      "get_cost": 0.0413738325,
      "put_cost": 0.029771032500000003,
      "storage_cost": 0.00031232876712328764,
      "vm_cost": 0.411576,
      "total_cost": 0.4830331937671233,
      "get_latency": 656.2,
      "put_latency": 984.3000000000001,
      "iq1": [
        5,
        7,
        8
      ],
      "iq2": [
        5,
        7,
        8
      ],
      "iq3": [
        5,
        7,
        8
      ],
      "iq4": [
        5,
        7,
        8
      ]
    },
    {
      "id": 8,
      "protocol": "replication",
      "m": 5,
      "k": 1,
      "selected_dcs": [
        0,
        2,
        5,
        7,
        8
      ],
      "get_cost": 0.04513509,
      "put_cost": 0.03247749,
      "storage_cost": 0.00031232876712328764,
      "vm_cost": 0.411576,
      "total_cost": 0.48950090876712327,
      "get_latency": 656.2,
      "put_latency": 984.3000000000001,
      "iq1": [
        5,
        7,
        8
      ],
      "iq2": [
        5,
        7,
        8
      ],
      "iq3": [
        5,
        7,
        8
      ],
      "iq4": [
        5,
        7,
        8
      ]
    },
    {
      "id": 9,
      "protocol": "replication",
      "m": 5,
      "k": 1,
      "selected_dcs": [
        0,
        2,
        5,
        7,
        8
      ],
      "get_cost": 0.0488963475,
      "put_cost": 0.0351839475,
      "storage_cost": 0.00031232876712328764,
      "vm_cost": 0.411576,
      "total_cost": 0.49596862376712325,
      "get_latency": 656.2,
      "put_latency": 984.3000000000001,
      "iq1": [
        5,
        7,
        8
      ],
      "iq2": [
        5,
        7,
        8
      ],
      "iq3": [
        5,
        7,
        8
      ],
      "iq4": [
        5,
        7,
        8
      ]
    },
    {
      "id": 10,
      "protocol": "replication",
      "m": 5,
      "k": 1,
      "selected_dcs": [
        0,
        2,
        5,
        7,
        8
      ],
      "get_cost": 0.052657605,
      "put_cost": 0.037890404999999995,
      "storage_cost": 0.00031232876712328764,
      "vm_cost": 0.411576,
      "total_cost": 0.5024363387671232,
      "get_latency": 656.2,
      "put_latency": 984.3000000000001,
      "iq1": [
        5,
        7,
        8
      ],
      "iq2": [
        5,
        7,
        8
      ],
      "iq3": [
        5,
        7,
        8
      ],
      "iq4": [
        5,
        7,
        8
      ]
    },
    {
      "id": 11,
      "protocol": "replication",
      "m": 5,
      "k": 1,
      "selected_dcs": [
        0,
        2,
        5,
        7,
        8
      ],
      "get_cost": 0.0564188625,
      "put_cost": 0.0405968625,
      "storage_cost": 0.00031232876712328764,
      "vm_cost": 0.411576,
      "total_cost": 0.5089040537671232,
      "get_latency": 656.2,
      "put_latency": 984.3000000000001,
      "iq1": [
        5,
        7,
        8
      ],
      "iq2": [
        5,
        7,
        8
      ],
      "iq3": [
        5,
        7,
        8
      ],
      "iq4": [
        5,
        7,
        8
      ]
    },
    {
      "id": 12,
      "protocol": "replication",
      "m": 5,
      "k": 1,
      "selected_dcs": [
        0,
        2,
        5,
        7,
        8
      ],