{
  "output": [
    {
      "id": 0,
      "protocol": "cas",
      "m": 8,
      "k": 4,
      "selected_dcs": [
        0,
        1,
        2,
        3,
        4,
        5,
        7,
        8
      ],
      "get_cost": 0.0219736285507679,
      "put_cost": 0.2061155084520578,
      "storage_cost": 0.0001234550998635488,
      "vm_cost": 0.11720812315333336,
      "total_cost": 0.34542071525602264,
      "get_latency": 634.2,
      "put_latency": 951.3000000000001,
      "client_placement_info": {
        "0": {
          "Q1": [
            0,
            2,
            3
          ],
          "Q2": [
            0,
            2,
            3,
            4,
            5,
            7
          ],
          "Q3": [
            0,
            2,
            3,
            4,
            5,
            7
          ],
          "Q4": [
            0,
            2,
            3,
            4,
            5,
            7
          ],
          "get_cost_on_this_client": 9.203329682350161e-08,
          "put_cost_on_this_client": 9.59262251853943e-08,
          "get_latency_on_this_client": 452.2,
          "put_latency_on_this_client": 678.3
        },
        "1": {
          "Q1": [
            0,
            1,
            2
          ],
          "Q2": [
            0,
            1,
            2,
            3,
            4,
            5
          ],
          "Q3": [
            0,
            1,
            2,
            3,
            4,
            5
          ],
          "Q4": [
            0,
            1,
            2,
            3,
            4,
            5
          ],
          "get_cost_on_this_client": 1.8437393009662628e-07,
          "put_cost_on_this_client": 1.921597868204117e-07,
          "get_latency_on_this_client": 404.1,
          "put_latency_on_this_client": 693.1
        },
        "2": {
          "Q1": [
            0,
            2,
            3
          ],
          "Q2": [
            0,
            2,
            3,
            4,
            5,
            7
          ],
          "Q3": [
            0,
            2,
            3,
            4,
            5,
            7
          ],
          "Q4": [
            0,
            2,
            3,
            4,
            5,
            7
          ],
          "get_cost_on_this_client": 9.203329682350161e-08,
          "put_cost_on_this_client": 9.59262251853943e-08,
          "get_latency_on_this_client": 416,
          "put_latency_on_this_client": 630
        },
        "3": {
          "Q1": [
            0,
            3,
            4
          ],
          "Q2": [
            0,
            2,
            3,
            4,
            5,
            7
          ],
          "Q3": [
            0,
            2,
            3,
            4,
            5,
            7
          ],
          "Q4": [
            0,
            2,
            3,
            4,
            5,
            7
          ],
          "get_cost_on_this_client": 8.45734030008316e-08,
          "put_cost_on_this_client": 8.81589949131012e-08,
          "get_latency_on_this_client": 458,
          "put_latency_on_this_client": 687
        },
        "4": {
          "Q1": [
            0,
            3,
            4
          ],
          "Q2": [
            0,
            2,
            3,
            4,
            5,
            7
          ],
          "Q3": [
            0,
            2,
            3,
            4,
            5,
            7
          ],
          "Q4": [
            0,
            2,
            3,
            4,
            5,
            7
          ],
          "get_cost_on_this_client": 8.45734030008316e-08,
          "put_cost_on_this_client": 8.81589949131012e-08,
          "get_latency_on_this_client": 444,
          "put_latency_on_this_client": 666
        },
        "5": {
          "Q1": [
            5,
            7,
            8
          ],
          "Q2": [
            0,
            2,
            3,
            5,
            7,
            8
          ],
          "Q3": [
            0,
            2,
            3,
            5,
            7,
            8
          ],
          "Q4": [
            0,
            2,
            3,
            5,
            7,
            8
          ],
          "get_cost_on_this_client": 6.468035280704499e-08,
          "put_cost_on_this_client": 6.744638085365296e-08,
          "get_latency_on_this_client": 281.99,
          "put_latency_on_this_client": 495.99
        },
        "6": {
          "Q1": [
            0,
            2,
            3
          ],
          "Q2": [
            0,
            2,
            3,
            4,
            5,
            7
          ],
          "Q3": [
            0,
            2,
            3,
            4,
            5,
            7
          ],
          "Q4": [
            0,
            2,
            3,
            4,
            5,
            7
          ],
          "get_cost_on_this_client": 1.1689960956573487e-07,
          "put_cost_on_this_client": 1.218169927597046e-07,
          "get_latency_on_this_client": 634.2,
          "put_latency_on_this_client": 951.3000000000001
        },
        "7": {
          "Q1": [
            5,
            7,
            8
          ],
          "Q2": [
            0,
            2,
            3,
            5,
            7,
            8
          ],
          "Q3": [
            0,
            2,
            3,
            5,
            7,
            8
          ],
          "Q4": [
            0,
            2,
            3,
            5,
            7,
            8
          ],
          "get_cost_on_this_client": 6.468035280704499e-08,
          "put_cost_on_this_client": 6.744638085365296e-08,
          "get_latency_on_this_client": 247.35000000000002,
          "put_latency_on_this_client": 427.25
        },
        "8": {
          "Q1": [
            5,
            7,
            8
          ],
          "Q2": [
            0,
            2,
            3,
            5,
            7,
            8
          ],
          "Q3": [
            0,
            2,
            3,
            5,
            7,
            8
          ],
          "Q4": [
            0,
            2,
            3,
            5,
            7,
            8
          ],
          "get_cost_on_this_client": 6.468035280704499e-08,
          "put_cost_on_this_client": 6.744638085365296e-08,
          "get_latency_on_this_client": 223.24,
          "put_latency_on_this_client": 388.14
        }
      }
    }
  ],
  "overall_cost": 0.34542071525602264,
  "get_cost": 0.0219736285507679,
  "put_cost": 0.2061155084520578,
  "storage_cost": 0.0001234550998635488,
  "vm_cost": 0.11720812315333336,
  "time_period_hrs": 1.0
}