{
  "output": [
    {
      "id": 8,
      "protocol": "abd",
      "m": 5,
      "selected_dcs": [
        1,
        2,
        5,
        7,
        8
      ],
      "get_cost": 0.0009781681001186369,
      "put_cost": 0.00924368854612112,
      "storage_cost": 2.934304002213151e-06,
      "vm_cost": 0.10209578704166666,
      "total_cost": 0.11232057799190863,
      "get_latency": 634.2,
      "put_latency": 634.2,
      "client_placement_info": {
        "0": {
          "Q1": [
            2,
            5,
            7
          ],
          "Q2": [
            2,
            5,
            7
          ],
          "get_cost_on_this_client": 3.91155481338501e-09,
          "put_cost_on_this_client": 4.10713255405426e-09,
          "get_latency_on_this_client": 296.2,
          "put_latency_on_this_client": 296.2
        },
        "1": {
          "Q1": [
            1,
            2,
            5
          ],
          "Q2": [
            1,
            2,
            5
          ],
          "get_cost_on_this_client": 5.774199962615967e-09,
          "put_cost_on_this_client": 6.062909960746765e-09,
          "get_latency_on_this_client": 408,
          "put_latency_on_this_client": 408
        },
        "2": {
          "Q1": [
            2,
            5,
            7
          ],
          "Q2": [
            2,
            5,
            7
          ],
          "get_cost_on_this_client": 3.1664967536926265e-09,
          "put_cost_on_this_client": 3.3248215913772577e-09,
          "get_latency_on_this_client": 428,
          "put_latency_on_this_client": 428
        },
        "3": {
          "Q1": [
            2,
            5,
            7
          ],
          "Q2": [
            2,
            5,
            7
          ],
          "get_cost_on_this_client": 4.470348358154297e-09,
          "put_cost_on_this_client": 4.693865776062011e-09,
          "get_latency_on_this_client": 401.2,
          "put_latency_on_this_client": 401.2
        },
        "4": {
          "Q1": [
            2,
            5,
            7
          ],
          "Q2": [
            2,
            5,
            7
          ],
          "get_cost_on_this_client": 4.470348358154297e-09,
          "put_cost_on_this_client": 4.693865776062011e-09,
          "get_latency_on_this_client": 407.2,
          "put_latency_on_this_client": 407.2
        },
        "5": {
          "Q1": [
            5,
            7,
            8
          ],
          "Q2": [
            5,
            7,
            8
          ],
          "get_cost_on_this_client": 5.587935447692871e-10,
          "put_cost_on_this_client": 5.867332220077514e-10,
          "get_latency_on_this_client": 135.98,
          "put_latency_on_this_client": 135.98
        },
        "6": {
          "Q1": [
            2,
            5,
            7
          ],
          "Q2": [
            2,
            5,
            7
          ],
          "get_cost_on_this_client": 4.470348358154297e-09,
          "put_cost_on_this_client": 4.693865776062011e-09,
          "get_latency_on_this_client": 634.2,
          "put_latency_on_this_client": 634.2
        },
        "7": {
          "Q1": [
            5,
            7,
            8
          ],
          "Q2": [
            5,
            7,
            8
          ],
          "get_cost_on_this_client": 5.587935447692871e-10,
          "put_cost_on_this_client": 5.867332220077514e-10,
          "get_latency_on_this_client": 134.9,
          "put_latency_on_this_client": 134.9
        },
        "8": {
          "Q1": [
            5,
            7,
            8
          ],
          "Q2": [
            5,
            7,
            8
          ],
          "get_cost_on_this_client": 5.587935447692871e-10,
          "put_cost_on_this_client": 5.867332220077514e-10,
          "get_latency_on_this_client": 116.68,
          "put_latency_on_this_client": 116.68
        }
      }
    }
  ],
  "overall_cost": 0.11232057799190863,
  "get_cost": 0.0009781681001186369,
  "put_cost": 0.00924368854612112,
  "storage_cost": 2.934304002213151e-06,
  "vm_cost": 0.10209578704166666,
  "time_period_hrs": 1.0
}