{
  "output": [
    {
      "id": 8,
      "protocol": "replication",
      "m": 5,
      "k": 1,
      "selected_dcs": [
        1,
        3,
        5,
        7,
        8
      ],
      "get_cost": 0.5613628774881363,
      "put_cost": 0.5619652569293976,
      "storage_cost": 0.003056983425192637,
      "vm_cost": 0.041126748149999996,
      "total_cost": 1.1675118659927264,
      "get_latency": 578,
      "put_latency": 867,
      "client_placement_info": {
        "0": {
          "Q1": [
            3,
            5,
            7
          ],
          "Q2": [
            3,
            5,
            7
          ],
          "Q3": [
            3,
            5,
            7
          ],
          "Q4": [
            3,
            5,
            7
          ],
          "get_cost_on_this_client": 2.2912770509719847e-06,
          "put_cost_on_this_client": 2.29373574256897e-06,
          "get_latency_on_this_client": 452.2,
          "put_latency_on_this_client": 678.3
        },
        "1": {
          "Q1": [
            1,
            3,
            5
          ],
          "Q2": [
            1,
            3,
            5
          ],
          "Q3": [
            1,
            3,
            5
          ],
          "Q4": [
            1,
            3,
            5
          ],
          "get_cost_on_this_client": 2.9595661908388137e-06,
          "put_cost_on_this_client": 2.962742000818253e-06,
          "get_latency_on_this_client": 578,
          "put_latency_on_this_client": 867
        },
        "2": {
          "Q1": [
            3,
            5,
            7
          ],
          "Q2": [
            3,
            5,
            7
          ],
          "Q3": [
            3,
            5,
            7
          ],
          "Q4": [
            3,
            5,
            7
          ],
          "get_cost_on_this_client": 2.2912770509719847e-06,
          "put_cost_on_this_client": 2.29373574256897e-06,
          "get_latency_on_this_client": 428,
          "put_latency_on_this_client": 642
        },
        "3": {
          "Q1": [
            3,
            5,
            7
          ],
          "Q2": [
            3,
            5,
            7
          ],
          "Q3": [
            3,
            5,
            7
          ],
          "Q4": [
            3,
            5,
            7
          ],
          "get_cost_on_this_client": 1.6229879111051556e-06,
          "put_cost_on_this_client": 1.6247294843196866e-06,
          "get_latency_on_this_client": 306.2,
          "put_latency_on_this_client": 459.29999999999995
        },
        "4": {
          "Q1": [
            3,
            5,
            7
          ],
          "Q2": [
            3,
            5,
            7
          ],
          "Q3": [
            3,
            5,
            7
          ],
          "Q4": [
            3,
            5,
            7
          ],
          "get_cost_on_this_client": 1.7184577882289885e-06,
          "put_cost_on_this_client": 1.7203018069267272e-06,
          "get_latency_on_this_client": 281.8,
          "put_latency_on_this_client": 422.70000000000005
        },
        "5": {
          "Q1": [
            5,
            7,
            8
          ],
          "Q2": [
            5,
            7,
            8
          ],
          "Q3": [
            5,
            7,
            8
          ],
          "Q4": [
            5,
            7,
            8
          ],
          "get_cost_on_this_client": 2.864096313714981e-07,
          "put_cost_on_this_client": 2.8671696782112123e-07,
          "get_latency_on_this_client": 135.98,
          "put_latency_on_this_client": 203.96999999999997
        },
        "6": {
          "Q1": [
            3,
            5,
            7
          ],
          "Q2": [
            3,
            5,
            7
          ],
          "Q3": [
            3,
            5,
            7
          ],
          "Q4": [
            3,
            5,
            7
          ],
          "get_cost_on_this_client": 2.2912770509719847e-06,
          "put_cost_on_this_client": 2.29373574256897e-06,
          "get_latency_on_this_client": 404.2,
          "put_latency_on_this_client": 606.3
        },
        "7": {
          "Q1": [
            5,
            7,
            8
          ],
          "Q2": [
            5,
            7,
            8
          ],
          "Q3": [
            5,
            7,
            8
          ],
          "Q4": [
            5,
            7,
            8
          ],
          "get_cost_on_this_client": 2.864096313714981e-07,
          "put_cost_on_this_client": 2.8671696782112123e-07,
          "get_latency_on_this_client": 134.9,
          "put_latency_on_this_client": 202.35000000000002
        },
        "8": {
          "Q1": [
            5,
            7,
            8
          ],
          "Q2": [
            5,
            7,
            8
          ],
          "Q3": [
            5,
            7,
            8
          ],
          "Q4": [
            5,
            7,
            8
          ],
          "get_cost_on_this_client": 2.864096313714981e-07,
          "put_cost_on_this_client": 2.8671696782112123e-07,
          "get_latency_on_this_client": 116.68,
          "put_latency_on_this_client": 175.02
        }
      }
    }
  ],
  "overall_cost": 1.1675118659927264,
  "get_cost": 0.5613628774881363,
  "put_cost": 0.5619652569293976,
  "storage_cost": 0.003056983425192637,
  "vm_cost": 0.041126748149999996,
  "time_period_hrs": 1.0
}