{
  "output": [
    {
      "id": 0,
      "protocol": "cas",
      "m": 6,
      "k": 2,
      "selected_dcs": [
        0,
        1,
        2,
        5,
        7,
        8
      ],
      "get_cost": 0.00035908073186874395,
      "put_cost": 0.0061061829328537005,
      "storage_cost": 1.7988559317915406e-06,
      "vm_cost": 0.04953994444666667,
      "total_cost": 0.05600700696732091,
      "get_latency": 634.2,
      "put_latency": 951.3000000000001,
      "client_placement_info": {
        "0": {
          "Q1": [
            0,
            2,
            5
          ],
          "Q2": [
            0,
            2,
            5,
            7
          ],
          "Q3": [
            0,
            2,
            5,
            7
          ],
          "Q4": [
            0,
            2,
            5,
            7
          ],
          "get_cost_on_this_client": 2.4586915969848634e-09,
          "put_cost_on_this_client": 4.712492227554322e-09,
          "get_latency_on_this_client": 296.2,
          "put_latency_on_this_client": 444.29999999999995
        },
        "1": {
          "Q1": [
            0,
            1,
            2
          ],
          "Q2": [
            0,
            1,
            2,
            5
          ],
          "Q3": [
            0,
            1,
            2,
            5
          ],
          "Q4": [
            0,
            1,
            2,
            5
          ],
          "get_cost_on_this_client": 5.317851901054382e-09,
          "put_cost_on_this_client": 1.0030344128608703e-08,
          "get_latency_on_this_client": 319.1,
          "put_latency_on_this_client": 523.1
        },
        "2": {
          "Q1": [
            0,
            2,
            5
          ],
          "Q2": [
            0,
            2,
            5,
            7
          ],
          "Q3": [
            0,
            2,
            5,
            7
          ],
          "Q4": [
            0,
            2,
            5,
            7
          ],
          "get_cost_on_this_client": 2.4586915969848634e-09,
          "put_cost_on_this_client": 4.712492227554322e-09,
          "get_latency_on_this_client": 428,
          "put_latency_on_this_client": 642
        },
        "3": {
          "Q1": [
            0,
            2,
            5
          ],
          "Q2": [
            0,
            2,
            5,
            7
          ],
          "Q3": [
            0,
            2,
            5,
            7
          ],
          "Q4": [
            0,
            2,
            5,
            7
          ],
          "get_cost_on_this_client": 3.948807716369629e-09,
          "put_cost_on_this_client": 7.227063179016113e-09,
          "get_latency_on_this_client": 458,
          "put_latency_on_this_client": 687
        },
        "4": {
          "Q1": [
            0,
            2,
            5
          ],
          "Q2": [
            0,
            2,
            5,
            7
          ],
          "Q3": [
            0,
            2,
            5,
            7
          ],
          "Q4": [
            0,
            2,
            5,
            7
          ],
          "get_cost_on_this_client": 3.948807716369629e-09,
          "put_cost_on_this_client": 7.227063179016113e-09,
          "get_latency_on_this_client": 444,
          "put_latency_on_this_client": 666
        },
        "5": {
          "Q1": [
            5,
            7,
            8
          ],
          "Q2": [
            0,
            5,
            7,
            8
          ],
          "Q3": [
            0,
            5,
            7,
            8
          ],
          "Q4": [
            0,
            5,
            7,
            8
          ],
          "get_cost_on_this_client": 8.195638656616211e-10,
          "put_cost_on_this_client": 1.94646418094635e-09,
          "get_latency_on_this_client": 213.99,
          "put_latency_on_this_client": 359.99
        },
        "6": {
          "Q1": [
            0,
            2,
            5
          ],
          "Q2": [
            0,
            2,
            5,
            7
          ],
          "Q3": [
            0,
            2,
            5,
            7
          ],
          "Q4": [
            0,
            2,
            5,
            7
          ],
          "get_cost_on_this_client": 3.948807716369629e-09,
          "put_cost_on_this_client": 7.227063179016113e-09,
          "get_latency_on_this_client": 634.2,
          "put_latency_on_this_client": 951.3000000000001
        },
        "7": {
          "Q1": [
            5,
            7,
            8
          ],
          "Q2": [
            0,
            5,
            7,
            8
          ],
          "Q3": [
            0,
            5,
            7,
            8
          ],
          "Q4": [
            0,
            5,
            7,
            8
          ],
          "get_cost_on_this_client": 8.195638656616211e-10,
          "put_cost_on_this_client": 1.94646418094635e-09,
          "get_latency_on_this_client": 168.65,
          "put_latency_on_this_client": 269.85
        },
        "8": {
          "Q1": [
            5,
            7,
            8
          ],
          "Q2": [
            0,
            5,
            7,
            8
          ],
          "Q3": [
            0,
            5,
            7,
            8
          ],
          "Q4": [
            0,
            5,
            7,
            8
          ],
          "get_cost_on_this_client": 8.195638656616211e-10,
          "put_cost_on_this_client": 1.94646418094635e-09,
          "get_latency_on_this_client": 153.3,
          "put_latency_on_this_client": 248.26
        }
      }
    }
  ],
  "overall_cost": 0.05600700696732091,
  "get_cost": 0.00035908073186874395,
  "put_cost": 0.0061061829328537005,
  "storage_cost": 1.7988559317915406e-06,
  "vm_cost": 0.04953994444666667,
  "time_period_hrs": 1.0
}