{
  "output": [
    {
      "id": 8,
      "protocol": "abd",
      "m": 5,
      "selected_dcs": [
        0,
        1,
        5,
        7,
        8
      ],
      "get_cost": 0.05654525756835937,
      "put_cost": 0.0031751487404108043,
      "storage_cost": 0.0003109239552119007,
      "vm_cost": 0.04111031481666667,
      "total_cost": 0.10114164508064874,
      "get_latency": 504.2,
      "put_latency": 504.2,
      "client_placement_info": {
        "0": {
          "Q1": [
            0,
            5,
            7
          ],
          "Q2": [
            0,
            5,
            7
          ],
          "get_cost_on_this_client": 3.2424926757812497e-07,
          "put_cost_on_this_client": 1.6386620700359343e-07,
          "get_latency_on_this_client": 296.2,
          "put_latency_on_this_client": 296.2
        },
        "1": {
          "Q1": [
            0,
            1,
            5
          ],
          "Q2": [
            0,
            1,
            5
          ],
          "get_cost_on_this_client": 5.91278076171875e-07,
          "put_cost_on_this_client": 2.988148480653763e-07,
          "get_latency_on_this_client": 408,
          "put_latency_on_this_client": 408
        },
        "2": {
          "Q1": [
            0,
            5,
            7
          ],
          "Q2": [
            0,
            5,
            7
          ],
          "get_cost_on_this_client": 4.0054321289062504e-07,
          "put_cost_on_this_client": 2.0242296159267428e-07,
          "get_latency_on_this_client": 428,
          "put_latency_on_this_client": 428
        },
        "3": {
          "Q1": [
            0,
            5,
            7
          ],
          "Q2": [
            0,
            5,
            7
          ],
          "get_cost_on_this_client": 4.57763671875e-07,
          "put_cost_on_this_client": 2.3134052753448484e-07,
          "get_latency_on_this_client": 458,
          "put_latency_on_this_client": 458
        },
        "4": {
          "Q1": [
            0,
            5,
            7
          ],
          "Q2": [
            0,
            5,
            7
          ],
          "get_cost_on_this_client": 4.57763671875e-07,
          "put_cost_on_this_client": 2.3134052753448484e-07,
          "get_latency_on_this_client": 444,
          "put_latency_on_this_client": 444
        },
        "5": {
          "Q1": [
            5,
            7,
            8
          ],
          "Q2": [
            5,
            7,
            8
          ],
          "get_cost_on_this_client": 5.7220458984375e-08,
          "put_cost_on_this_client": 2.8917565941810605e-08,
          "get_latency_on_this_client": 135.98,
          "put_latency_on_this_client": 135.98
        },
        "6": {
          "Q1": [
            0,
            5,
            7
          ],
          "Q2": [
            0,
            5,
            7
          ],
          "get_cost_on_this_client": 4.57763671875e-07,
          "put_cost_on_this_client": 2.3134052753448484e-07,
          "get_latency_on_this_client": 504.2,
          "put_latency_on_this_client": 504.2
        },
        "7": {
          "Q1": [
            5,
            7,
            8
          ],
          "Q2": [
            5,
            7,
            8
          ],
          "get_cost_on_this_client": 5.7220458984375e-08,
          "put_cost_on_this_client": 2.8917565941810605e-08,
          "get_latency_on_this_client": 134.9,
          "put_latency_on_this_client": 134.9
        },
        "8": {
          "Q1": [
            5,
            7,
            8
          ],
          "Q2": [
            5,
            7,
            8
          ],
          "get_cost_on_this_client": 5.7220458984375e-08,
          "put_cost_on_this_client": 2.8917565941810605e-08,
          "get_latency_on_this_client": 116.68,
          "put_latency_on_this_client": 116.68
        }
      }
    }
  ],
  "overall_cost": 0.10114164508064874,
  "get_cost": 0.05654525756835937,
  "put_cost": 0.0031751487404108043,
  "storage_cost": 0.0003109239552119007,
  "vm_cost": 0.04111031481666667,
  "time_period_hrs": 1.0
}