{
  "output": [
    {
      "id": 0,
      "protocol": "cas",
      "m": 7,
      "k": 2,
      "selected_dcs": [
        1,
        2,
        4,
        5,
        6,
        7,
        8
      ],
      "get_cost": 0.00047981739044189437,
      "put_cost": 0.007791817188262938,
      "storage_cost": 2.156075549452272e-06,
      "vm_cost": 0.10480844630083336,
      "total_cost": 0.11308223695508764,
      "get_latency": 344,
      "put_latency": 535.9,
      "client_placement_info": {
        "0": {
          "Q1": [
            1,
            2,
            7,
            8
          ],
          "Q2": [
            1,
            2,
            5,
            7,
            8
          ],
          "Q3": [
            1,
            2,
            7,
            8
          ],
          "Q4": [
            1,
            2,
            7,
            8
          ],
          "get_cost_on_this_client": 5.364418029785156e-09,
          "put_cost_on_this_client": 9.424984455108644e-09,
          "get_latency_on_this_client": 230,
          "put_latency_on_this_client": 378.1
        },
        "1": {
          "Q1": [
            1,
            2,
            7,
            8
          ],
          "Q2": [
            1,
            2,
            5,
            7,
            8
          ],
          "Q3": [
            1,
            2,
            7,
            8
          ],
          "Q4": [
            1,
            2,
            7,
            8
          ],
          "get_cost_on_this_client": 6.854534149169921e-09,
          "put_cost_on_this_client": 1.226551830768585e-08,
          "get_latency_on_this_client": 324,
          "put_latency_on_this_client": 528
        },
        "2": {
          "Q1": [
            1,
            2,
            7,
            8
          ],
          "Q2": [
            1,
            2,
            4,
            7,
            8
          ],
          "Q3": [
            1,
            2,
            7,
            8
          ],
          "Q4": [
            1,
            2,
            7,
            8
          ],
          "get_cost_on_this_client": 4.76837158203125e-09,
          "put_cost_on_this_client": 8.419156074523925e-09,
          "get_latency_on_this_client": 332,
          "put_latency_on_this_client": 535.3
        },
        "3": {
          "Q1": [
            4,
            5,
            7,
            8
          ],
          "Q2": [
            2,
            4,
            5,
            7,
            8
          ],
          "Q3": [
            4,
            5,
            7,
            8
          ],
          "Q4": [
            4,
            5,
            7,
            8
          ],
          "get_cost_on_this_client": 3.874301910400391e-09,
          "put_cost_on_this_client": 6.910413503646851e-09,
          "get_latency_on_this_client": 306.2,
          "put_latency_on_this_client": 506.79999999999995
        },
        "4": {
          "Q1": [
            4,
            5,
            7,
            8
          ],
          "Q2": [
            4,
            5,
            6,
            7,
            8
          ],
          "Q3": [
            4,
            5,
            7,
            8
          ],
          "Q4": [
            4,
            5,
            7,
            8
          ],
          "get_cost_on_this_client": 3.725290298461914e-09,
          "put_cost_on_this_client": 6.658956408500672e-09,
          "get_latency_on_this_client": 281.8,
          "put_latency_on_this_client": 473.9
        },
        "5": {
          "Q1": [
            4,
            5,
            7,
            8
          ],
          "Q2": [
            4,
            5,
            6,
            7,
            8
          ],
          "Q3": [
            4,
            5,
            7,
            8
          ],
          "Q4": [
            4,
            5,
            7,
            8
          ],
          "get_cost_on_this_client": 1.6391277313232422e-09,
          "put_cost_on_this_client": 3.1385570764541627e-09,
          "get_latency_on_this_client": 157.94,
          "put_latency_on_this_client": 274.03999999999996
        },
        "6": {
          "Q1": [
            5,
            6,
            7,
            8
          ],
          "Q2": [
            4,
            5,
            6,
            7,
            8
          ],
          "Q3": [
            5,
            6,
            7,
            8
          ],
          "Q4": [
            5,
            6,
            7,
            8
          ],
          "get_cost_on_this_client": 3.725290298461914e-09,
          "put_cost_on_this_client": 6.658956408500672e-09,
          "get_latency_on_this_client": 344,
          "put_latency_on_this_client": 535.9
        },
        "7": {
          "Q1": [
            1,
            5,
            7,
            8
          ],
          "Q2": [
            1,
            4,
            5,
            7,
            8
          ],
          "Q3": [
            1,
            5,
            7,
            8
          ],
          "Q4": [
            1,
            5,
            7,
            8
          ],
          "get_cost_on_this_client": 2.682209014892578e-09,
          "put_cost_on_this_client": 4.898756742477417e-09,
          "get_latency_on_this_client": 278.2,
          "put_latency_on_this_client": 420.1
        },
        "8": {
          "Q1": [
            4,
            5,
            7,
            8
          ],
          "Q2": [
            1,
            4,
            5,
            7,
            8
          ],
          "Q3": [
            4,
            5,
            7,
            8
          ],
          "Q4": [
            4,
            5,
            7,
            8
          ],
          "get_cost_on_this_client": 1.6391277313232422e-09,
          "put_cost_on_this_client": 3.46451997756958e-09,
          "get_latency_on_this_client": 262,
          "put_latency_on_this_client": 426.1
        }
      }
    }
  ],
  "overall_cost": 0.11308223695508764,
  "get_cost": 0.00047981739044189437,
  "put_cost": 0.007791817188262938,
  "storage_cost": 2.156075549452272e-06,
  "vm_cost": 0.10480844630083336,
  "time_period_hrs": 1.0
}