{
  "output": [
    {
      "id": 8,
      "protocol": "replication",
      "m": 7,
      "k": 1,
      "selected_dcs": [
        1,
        2,
        3,
        4,
        5,
        7,
        8
      ],
      "get_cost": 0.53812637925148,
      "put_cost": 2.1360877901315694,
      "storage_cost": 0.004258874344499144,
      "vm_cost": 0.14568610185833336,
      "total_cost": 2.824159145585882,
      "get_latency": 634.2,
      "put_latency": 951.3000000000001,
      "client_placement_info": {
        "0": {
          "Q1": [
            2,
            3,
            4
          ],
          "Q2": [
            2,
            3,
            4
          ],
          "Q3": [
            2,
            3,
            4,
            5,
            7
          ],
          "Q4": [
            2,
            3,
            4,
            5,
            7
          ],
          "get_cost_on_this_client": 3.5307463258504873e-06,
          "put_cost_on_this_client": 2.008657902479172e-06,
          "get_latency_on_this_client": 452.2,
          "put_latency_on_this_client": 678.3
        },
        "1": {
          "Q1": [
            1,
            2,
            3
          ],
          "Q2": [
            1,
            2,
            3
          ],
          "Q3": [
            1,
            2,
            3,
            4,
            5
          ],
          "Q4": [
            1,
            2,
            3,
            4,
            5
          ],
          "get_cost_on_this_client": 5.820589140057563e-06,
          "put_cost_on_this_client": 2.9658153653144836e-06,
          "get_latency_on_this_client": 578,
          "put_latency_on_this_client": 867
        },
        "2": {
          "Q1": [
            2,
            3,
            4
          ],
          "Q2": [
            2,
            3,
            4
          ],
          "Q3": [
            2,
            3,
            4,
            5,
            7
          ],
          "Q4": [
            2,
            3,
            4,
            5,
            7
          ],
          "get_cost_on_this_client": 3.148866817355156e-06,
          "put_cost_on_this_client": 1.6263686120510099e-06,
          "get_latency_on_this_client": 417.3,
          "put_latency_on_this_client": 620.6
        },
        "3": {
          "Q1": [
            2,
            3,
            4
          ],
          "Q2": [
            2,
            3,
            4
          ],
          "Q3": [
            2,
            3,
            4,
            5,
            7
          ],
          "Q4": [
            2,
            3,
            4,
            5,
            7
          ],
          "get_cost_on_this_client": 2.57604755461216e-06,
          "put_cost_on_this_client": 1.0529346764087678e-06,
          "get_latency_on_this_client": 401.2,
          "put_latency_on_this_client": 601.8
        },
        "4": {
          "Q1": [
            2,
            3,
            4
          ],
          "Q2": [
            2,
            3,
            4
          ],
          "Q3": [
            2,
            3,
            4,
            5,
            7
          ],
          "Q4": [
            2,
            3,
            4,
            5,
            7
          ],
          "get_cost_on_this_client": 2.57604755461216e-06,
          "put_cost_on_this_client": 1.0529346764087678e-06,
          "get_latency_on_this_client": 407.2,
          "put_latency_on_this_client": 610.8
        },
        "5": {
          "Q1": [
            5,
            7,
            8
          ],
          "Q2": [
            5,
            7,
            8
          ],
          "Q3": [
            2,
            3,
            5,
            7,
            8
          ],
          "Q4": [
            2,
            3,
            5,
            7,
            8
          ],
          "get_cost_on_this_client": 1.812288537621498e-06,
          "put_cost_on_this_client": 2.8835609555244446e-07,
          "get_latency_on_this_client": 281.99,
          "put_latency_on_this_client": 349.98
        },
        "6": {
          "Q1": [
            2,
            3,
            4
          ],
          "Q2": [
            2,
            3,
            4
          ],
          "Q3": [
            2,
            3,
            4,
            5,
            7
          ],
          "Q4": [
            2,
            3,
            4,
            5,
            7
          ],
          "get_cost_on_this_client": 3.817155957221985e-06,
          "put_cost_on_this_client": 2.295374870300293e-06,
          "get_latency_on_this_client": 634.2,
          "put_latency_on_this_client": 951.3000000000001
        },
        "7": {
          "Q1": [
            5,
            7,
            8
          ],
          "Q2": [
            5,
            7,
            8
          ],
          "Q3": [
            2,
            3,
            5,
            7,
            8
          ],
          "Q4": [
            2,
            3,
            5,
            7,
            8
          ],
          "get_cost_on_this_client": 1.812288537621498e-06,
          "put_cost_on_this_client": 2.8835609555244446e-07,
          "get_latency_on_this_client": 247.35000000000002,
          "put_latency_on_this_client": 314.8
        },
        "8": {
          "Q1": [
            5,
            7,
            8
          ],
          "Q2": [
            5,
            7,
            8
          ],
          "Q3": [
            2,
            3,
            5,
            7,
            8
          ],
          "Q4": [
            2,
            3,
            5,
            7,
            8
          ],
          "get_cost_on_this_client": 1.812288537621498e-06,
          "put_cost_on_this_client": 2.8835609555244446e-07,
          "get_latency_on_this_client": 223.24,
          "put_latency_on_this_client": 281.58000000000004
        }
      }
    }
  ],
  "overall_cost": 2.824159145585882,
  "get_cost": 0.53812637925148,
  "put_cost": 2.1360877901315694,
  "storage_cost": 0.004258874344499144,
  "vm_cost": 0.14568610185833336,
  "time_period_hrs": 1.0
}