{
  "output": [
    {
      "id": 0,
      "protocol": "abd",
      "m": 5,
      "selected_dcs": [
        2,
        4,
        5,
        7,
        8
      ],
      "get_cost": 0.0020250678062438956,
      "put_cost": 0.00023625791072845454,
      "storage_cost": 2.8577569412858516e-06,
      "vm_cost": 0.040126581483333326,
      "total_cost": 0.04239076495724696,
      "get_latency": 634.2,
      "put_latency": 634.2,
      "client_placement_info": {
        "0": {
          "Q1": [
            2,
            4,
            5
          ],
          "Q2": [
            2,
            4,
            5
          ],
          "get_cost_on_this_client": 3.91155481338501e-09,
          "put_cost_on_this_client": 4.10713255405426e-09,
          "get_latency_on_this_client": 436.2,
          "put_latency_on_this_client": 436.2
        },
        "1": {
          "Q1": [
            2,
            4,
            5
          ],
          "Q2": [
            2,
            4,
            5
          ],
          "get_cost_on_this_client": 8.381903171539307e-09,
          "put_cost_on_this_client": 8.800998330116271e-09,
          "get_latency_on_this_client": 554,
          "put_latency_on_this_client": 554
        },
        "2": {
          "Q1": [
            2,
            4,
            5
          ],
          "Q2": [
            2,
            4,
            5
          ],
          "get_cost_on_this_client": 3.1664967536926265e-09,
          "put_cost_on_this_client": 3.3248215913772577e-09,
          "get_latency_on_this_client": 428,
          "put_latency_on_this_client": 428
        },
        "3": {
          "Q1": [
            2,
            4,
            5
          ],
          "Q2": [
            2,
            4,
            5
          ],
          "get_cost_on_this_client": 3.3527612686157223e-09,
          "put_cost_on_this_client": 3.5203993320465086e-09,
          "get_latency_on_this_client": 401.2,
          "put_latency_on_this_client": 401.2
        },
        "4": {
          "Q1": [
            2,
            4,
            5
          ],
          "Q2": [
            2,
            4,
            5
          ],
          "get_cost_on_this_client": 3.1664967536926265e-09,
          "put_cost_on_this_client": 3.3248215913772577e-09,
          "get_latency_on_this_client": 407.2,
          "put_latency_on_this_client": 407.2
        },
        "5": {
          "Q1": [
            5,
            7,
            8
          ],
          "Q2": [
            5,
            7,
            8
          ],
          "get_cost_on_this_client": 5.587935447692871e-10,
          "put_cost_on_this_client": 5.867332220077514e-10,
          "get_latency_on_this_client": 135.98,
          "put_latency_on_this_client": 135.98
        },
        "6": {
          "Q1": [
            2,
            4,
            5
          ],
          "Q2": [
            2,
            4,
            5
          ],
          "get_cost_on_this_client": 4.470348358154297e-09,
          "put_cost_on_this_client": 4.693865776062011e-09,
          "get_latency_on_this_client": 634.2,
          "put_latency_on_this_client": 634.2
        },
        "7": {
          "Q1": [
            5,
            7,
            8
          ],
          "Q2": [
            5,
            7,
            8
          ],
          "get_cost_on_this_client": 5.587935447692871e-10,
          "put_cost_on_this_client": 5.867332220077514e-10,
          "get_latency_on_this_client": 134.9,
          "put_latency_on_this_client": 134.9
        },
        "8": {
          "Q1": [
            5,
            7,
            8
          ],
          "Q2": [
            5,
            7,
            8
          ],
          "get_cost_on_this_client": 5.587935447692871e-10,
          "put_cost_on_this_client": 5.867332220077514e-10,
          "get_latency_on_this_client": 116.68,
          "put_latency_on_this_client": 116.68
        }
      }
    }
  ],
  "overall_cost": 0.04239076495724696,
  "get_cost": 0.0020250678062438956,
  "put_cost": 0.00023625791072845454,
  "storage_cost": 2.8577569412858516e-06,
  "vm_cost": 0.040126581483333326,
  "time_period_hrs": 1.0
}