{
  "output": [
    {
      "id": 0,
      "protocol": "replication",
      "m": 8,
      "k": 1,
      "selected_dcs": [
        0,
        1,
        2,
        4,
        5,
        6,
        7,
        8
      ],
      "get_cost": 0.06998081551864742,
      "put_cost": 0.47810437716543674,
      "storage_cost": 0.0005094972375321062,
      "vm_cost": 0.12003629815333336,
      "total_cost": 0.6686309880749497,
      "get_latency": 363.9,
      "put_latency": 535.9,
      "client_placement_info": {
        "0": {
          "Q1": [
            0,
            2,
            7,
            8
          ],
          "Q2": [
            0,
            2,
            7,
            8
          ],
          "Q3": [
            0,
            1,
            2,
            7,
            8
          ],
          "Q4": [
            0,
            1,
            2,
            7,
            8
          ],
          "get_cost_on_this_client": 3.5511329770088197e-07,
          "put_cost_on_this_client": 2.158526331186295e-07,
          "get_latency_on_this_client": 214.8,
          "put_latency_on_this_client": 314.6
        },
        "1": {
          "Q1": [
            0,
            1,
            2,
            7
          ],
          "Q2": [
            0,
            1,
            2,
            7
          ],
          "Q3": [
            0,
            1,
            2,
            7,
            8
          ],
          "Q4": [
            0,
            1,
            2,
            7,
            8
          ],
          "get_cost_on_this_client": 5.864538252353668e-07,
          "put_cost_on_this_client": 4.4965185225009913e-07,
          "get_latency_on_this_client": 301,
          "put_latency_on_this_client": 440
        },
        "2": {
          "Q1": [
            0,
            1,
            2,
            7
          ],
          "Q2": [
            0,
            1,
            2,
            7
          ],
          "Q3": [
            0,
            1,
            2,
            7,
            8
          ],
          "Q4": [
            0,
            1,
            2,
            7,
            8
          ],
          "get_cost_on_this_client": 3.5583041608333587e-07,
          "put_cost_on_this_client": 2.8332695364952085e-07,
          "get_latency_on_this_client": 330.8,
          "put_latency_on_this_client": 495.6
        },
        "3": {
          "Q1": [
            4,
            5,
            7,
            8
          ],
          "Q2": [
            4,
            5,
            7,
            8
          ],
          "Q3": [
            2,
            4,
            5,
            7,
            8
          ],
          "Q4": [
            2,
            4,
            5,
            7,
            8
          ],
          "get_cost_on_this_client": 3.269128501415253e-07,
          "put_cost_on_this_client": 2.541020512580872e-07,
          "get_latency_on_this_client": 353.7,
          "put_latency_on_this_client": 506.79999999999995
        },
        "4": {
          "Q1": [
            4,
            5,
            7,
            8
          ],
          "Q2": [
            4,
            5,
            7,
            8
          ],
          "Q3": [
            4,
            5,
            6,
            7,
            8
          ],
          "Q4": [
            4,
            5,
            6,
            7,
            8
          ],
          "get_cost_on_this_client": 3.172736614942551e-07,
          "put_cost_on_this_client": 2.4436041712760925e-07,
          "get_latency_on_this_client": 333.0,
          "put_latency_on_this_client": 473.9
        },
        "5": {
          "Q1": [
            4,
            5,
            7,
            8
          ],
          "Q2": [
            4,
            5,
            7,
            8
          ],
          "Q3": [
            4,
            5,
            6,
            7,
            8
          ],
          "Q4": [
            4,
            5,
            6,
            7,
            8
          ],
          "get_cost_on_this_client": 1.8232502043247224e-07,
          "put_cost_on_this_client": 1.0797753930091858e-07,
          "get_latency_on_this_client": 195.07,
          "put_latency_on_this_client": 274.03999999999996
        },
        "6": {
          "Q1": [
            5,
            6,
            7,
            8
          ],
          "Q2": [
            5,
            6,
            7,
            8
          ],
          "Q3": [
            4,
            5,
            6,
            7,
            8
          ],
          "Q4": [
            4,
            5,
            6,
            7,
            8
          ],
          "get_cost_on_this_client": 3.172736614942551e-07,
          "put_cost_on_this_client": 2.4436041712760925e-07,
          "get_latency_on_this_client": 363.9,
          "put_latency_on_this_client": 535.9
        },
        "7": {
          "Q1": [
            0,
            5,
            7,
            8
          ],
          "Q2": [
            0,
            5,
            7,
            8
          ],
          "Q3": [
            0,
            1,
            5,
            7,
            8
          ],
          "Q4": [
            0,
            1,
            5,
            7,
            8
          ],
          "get_cost_on_this_client": 2.490822225809097e-07,
          "put_cost_on_this_client": 1.086946576833725e-07,
          "get_latency_on_this_client": 240.3,
          "put_latency_on_this_client": 341.5
        },
        "8": {
          "Q1": [
            0,
            5,
            7,
            8
          ],
          "Q2": [
            0,
            5,
            7,
            8
          ],
          "Q3": [
            0,
            4,
            5,
            7,
            8
          ],
          "Q4": [
            0,
            4,
            5,
            7,
            8
          ],
          "get_cost_on_this_client": 1.8232502043247224e-07,
          "put_cost_on_this_client": 1.0797753930091858e-07,
          "get_latency_on_this_client": 225.95999999999998,
          "put_latency_on_this_client": 320.91999999999996
        }
      }
    }
  ],
  "overall_cost": 0.6686309880749497,
  "get_cost": 0.06998081551864742,
  "put_cost": 0.47810437716543674,
  "storage_cost": 0.0005094972375321062,
  "vm_cost": 0.12003629815333336,
  "time_period_hrs": 1.0
}