{
  "output": [
    {
      "id": 0,
      "protocol": "abd",
      "m": 5,
      "selected_dcs": [
        0,
        5,
        6,
        7,
        8
      ],
      "get_cost": 0.5390167236328124,
      "put_cost": 0.03026705235242843,
      "storage_cost": 0.00031876237425085616,
      "vm_cost": 0.10503670370833335,
      "total_cost": 0.6746392420678251,
      "get_latency": 332,
      "put_latency": 332,
      "client_placement_info": {
        "0": {
          "Q1": [
            0,
            7,
            8
          ],
          "Q2": [
            0,
            7,
            8
          ],
          "get_cost_on_this_client": 3.2424926757812497e-07,
          "put_cost_on_this_client": 1.6386620700359343e-07,
          "get_latency_on_this_client": 199.6,
          "put_latency_on_this_client": 199.6
        },
        "1": {
          "Q1": [
            0,
            7,
            8
          ],
          "Q2": [
            0,
            7,
            8
          ],
          "get_cost_on_this_client": 8.583068847656249e-07,
          "put_cost_on_this_client": 4.3376348912715907e-07,
          "get_latency_on_this_client": 324,
          "put_latency_on_this_client": 324
        },
        "2": {
          "Q1": [
            0,
            7,
            8
          ],
          "Q2": [
            0,
            7,
            8
          ],
          "get_cost_on_this_client": 4.0054321289062504e-07,
          "put_cost_on_this_client": 2.0242296159267428e-07,
          "get_latency_on_this_client": 332,
          "put_latency_on_this_client": 332
        },
        "3": {
          "Q1": [
            5,
            7,
            8
          ],
          "Q2": [
            5,
            7,
            8
          ],
          "get_cost_on_this_client": 4.57763671875e-07,
          "put_cost_on_this_client": 2.3134052753448484e-07,
          "get_latency_on_this_client": 306.2,
          "put_latency_on_this_client": 306.2
        },
        "4": {
          "Q1": [
            5,
            7,
            8
          ],
          "Q2": [
            5,
            7,
            8
          ],
          "get_cost_on_this_client": 4.57763671875e-07,
          "put_cost_on_this_client": 2.3134052753448484e-07,
          "get_latency_on_this_client": 281.8,
          "put_latency_on_this_client": 281.8
        },
        "5": {
          "Q1": [
            5,
            7,
            8
          ],
          "Q2": [
            5,
            7,
            8
          ],
          "get_cost_on_this_client": 5.7220458984375e-08,
          "put_cost_on_this_client": 2.8917565941810605e-08,
          "get_latency_on_this_client": 135.98,
          "put_latency_on_this_client": 135.98
        },
        "6": {
          "Q1": [
            5,
            6,
            7
          ],
          "Q2": [
            5,
            6,
            7
          ],
          "get_cost_on_this_client": 3.2424926757812497e-07,
          "put_cost_on_this_client": 1.6386620700359343e-07,
          "get_latency_on_this_client": 310.2,
          "put_latency_on_this_client": 310.2
        },
        "7": {
          "Q1": [
            5,
            7,
            8
          ],
          "Q2": [
            5,
            7,
            8
          ],
          "get_cost_on_this_client": 5.7220458984375e-08,
          "put_cost_on_this_client": 2.8917565941810605e-08,
          "get_latency_on_this_client": 134.9,
          "put_latency_on_this_client": 134.9
        },
        "8": {
          "Q1": [
            5,
            7,
            8
          ],
          "Q2": [
            5,
            7,
            8
          ],
          "get_cost_on_this_client": 5.7220458984375e-08,
          "put_cost_on_this_client": 2.8917565941810605e-08,
          "get_latency_on_this_client": 116.68,
          "put_latency_on_this_client": 116.68
        }
      }
    }
  ],
  "overall_cost": 0.6746392420678251,
  "get_cost": 0.5390167236328124,
  "put_cost": 0.03026705235242843,
  "storage_cost": 0.00031876237425085616,
  "vm_cost": 0.10503670370833335,
  "time_period_hrs": 1.0
}