{
  "output": [
    {
      "id": 8,
      "protocol": "replication",
      "m": 5,
      "k": 1,
      "selected_dcs": [
        0,
        2,
        5,
        6,
        7
      ],
      "get_cost": 0.00247290451079607,
      "put_cost": 0.0004186928272247315,
      "storage_cost": 3.16394518499505e-06,
      "vm_cost": 0.07572369259583334,
      "total_cost": 0.07861845387903914,
      "get_latency": 310.2,
      "put_latency": 465.29999999999995,
      "client_placement_info": {
        "0": {
          "Q1": [
            0,
            2,
            7
          ],
          "Q2": [
            0,
            2,
            7
          ],
          "Q3": [
            0,
            2,
            7
          ],
          "Q4": [
            0,
            2,
            7
          ],
          "get_cost_on_this_client": 2.738088369369507e-09,
          "put_cost_on_this_client": 4.172325134277344e-09,
          "get_latency_on_this_client": 199.6,
          "put_latency_on_this_client": 299.4
        },
        "1": {
          "Q1": [
            0,
            2,
            7
          ],
          "Q2": [
            0,
            2,
            7
          ],
          "Q3": [
            0,
            2,
            7
          ],
          "Q4": [
            0,
            2,
            7
          ],
          "get_cost_on_this_client": 8.800998330116271e-09,
          "put_cost_on_this_client": 1.341104507446289e-08,
          "get_latency_on_this_client": 278,
          "put_latency_on_this_client": 417
        },
        "2": {
          "Q1": [
            0,
            2,
            7
          ],
          "Q2": [
            0,
            2,
            7
          ],
          "Q3": [
            0,
            2,
            7
          ],
          "Q4": [
            0,
            2,
            7
          ],
          "get_cost_on_this_client": 2.738088369369507e-09,
          "put_cost_on_this_client": 4.172325134277344e-09,
          "get_latency_on_this_client": 329.6,
          "put_latency_on_this_client": 494.40000000000003
        },
        "3": {
          "Q1": [
            2,
            5,
            7
          ],
          "Q2": [
            2,
            5,
            7
          ],
          "Q3": [
            2,
            5,
            7
          ],
          "Q4": [
            2,
            5,
            7
          ],
          "get_cost_on_this_client": 4.693865776062011e-09,
          "put_cost_on_this_client": 7.152557373046875e-09,
          "get_latency_on_this_client": 401.2,
          "put_latency_on_this_client": 601.8
        },
        "4": {
          "Q1": [
            5,
            6,
            7
          ],
          "Q2": [
            5,
            6,
            7
          ],
          "Q3": [
            5,
            6,
            7
          ],
          "Q4": [
            5,
            6,
            7
          ],
          "get_cost_on_this_client": 4.693865776062011e-09,
          "put_cost_on_this_client": 7.152557373046875e-09,
          "get_latency_on_this_client": 384.2,
          "put_latency_on_this_client": 576.3
        },
        "5": {
          "Q1": [
            5,
            6,
            7
          ],
          "Q2": [
            5,
            6,
            7
          ],
          "Q3": [
            5,
            6,
            7
          ],
          "Q4": [
            5,
            6,
            7
          ],
          "get_cost_on_this_client": 1.955777406692505e-09,
          "put_cost_on_this_client": 2.9802322387695314e-09,
          "get_latency_on_this_client": 232.2,
          "put_latency_on_this_client": 348.29999999999995
        },
        "6": {
          "Q1": [
            5,
            6,
            7
          ],
          "Q2": [
            5,
            6,
            7
          ],
          "Q3": [
            5,
            6,
            7
          ],
          "Q4": [
            5,
            6,
            7
          ],
          "get_cost_on_this_client": 3.3248215913772577e-09,
          "put_cost_on_this_client": 5.066394805908203e-09,
          "get_latency_on_this_client": 310.2,
          "put_latency_on_this_client": 465.29999999999995
        },
        "7": {
          "Q1": [
            0,
            5,
            7
          ],
          "Q2": [
            0,
            5,
            7
          ],
          "Q3": [
            0,
            5,
            7
          ],
          "Q4": [
            0,
            5,
            7
          ],
          "get_cost_on_this_client": 1.955777406692505e-09,
          "put_cost_on_this_client": 2.9802322387695314e-09,
          "get_latency_on_this_client": 202.4,
          "put_latency_on_this_client": 303.6
        },
        "8": {
          "Q1": [
            0,
            5,
            7
          ],
          "Q2": [
            0,
            5,
            7
          ],
          "Q3": [
            0,
            5,
            7
          ],
          "Q4": [
            0,
            5,
            7
          ],
          "get_cost_on_this_client": 1.955777406692505e-09,
          "put_cost_on_this_client": 2.9802322387695314e-09,
          "get_latency_on_this_client": 189.92,
          "put_latency_on_this_client": 284.88
        }
      }
    }
  ],
  "overall_cost": 0.07861845387903914,
  "get_cost": 0.00247290451079607,
  "put_cost": 0.0004186928272247315,
  "storage_cost": 3.16394518499505e-06,
  "vm_cost": 0.07572369259583334,
  "time_period_hrs": 1.0
}