{
  "output": [
    {
      "id": 0,
      "protocol": "cas",
      "m": 8,
      "k": 4,
      "selected_dcs": [
        0,
        1,
        2,
        3,
        4,
        5,
        7,
        8
      ],
      "get_cost": 0.00418047420680523,
      "put_cost": 0.01080972142517567,
      "storage_cost": 1.2056162096049687e-06,
      "vm_cost": 0.16744017593333335,
      "total_cost": 0.18243157718152386,
      "get_latency": 634.2,
      "put_latency": 951.3000000000001,
      "client_placement_info": {
        "0": {
          "Q1": [
            0,
            2,
            3
          ],
          "Q2": [
            0,
            2,
            3,
            4,
            5,
            7
          ],
          "Q3": [
            0,
            2,
            3,
            4,
            5,
            7
          ],
          "Q4": [
            0,
            2,
            3,
            4,
            5,
            7
          ],
          "get_cost_on_this_client": 2.3189932107925417e-09,
          "put_cost_on_this_client": 6.2119215726852425e-09,
          "get_latency_on_this_client": 452.2,
          "put_latency_on_this_client": 678.3
        },
        "1": {
          "Q1": [
            0,
            1,
            2
          ],
          "Q2": [
            0,
            1,
            2,
            3,
            4,
            5
          ],
          "Q3": [
            0,
            1,
            2,
            3,
            4,
            5
          ],
          "Q4": [
            0,
            1,
            2,
            3,
            4,
            5
          ],
          "get_cost_on_this_client": 4.945322871208191e-09,
          "put_cost_on_this_client": 1.2731179594993591e-08,
          "get_latency_on_this_client": 404.1,
          "put_latency_on_this_client": 693.1
        },
        "2": {
          "Q1": [
            0,
            2,
            3
          ],
          "Q2": [
            0,
            2,
            3,
            4,
            5,
            7
          ],
          "Q3": [
            0,
            2,
            3,
            4,
            5,
            7
          ],
          "Q4": [
            0,
            2,
            3,
            4,
            5,
            7
          ],
          "get_cost_on_this_client": 2.3189932107925417e-09,
          "put_cost_on_this_client": 6.2119215726852425e-09,
          "get_latency_on_this_client": 416,
          "put_latency_on_this_client": 630
        },
        "3": {
          "Q1": [
            0,
            3,
            4
          ],
          "Q2": [
            0,
            2,
            3,
            4,
            5,
            7
          ],
          "Q3": [
            0,
            2,
            3,
            4,
            5,
            7
          ],
          "Q4": [
            0,
            2,
            3,
            4,
            5,
            7
          ],
          "get_cost_on_this_client": 1.9418075680732727e-09,
          "put_cost_on_this_client": 5.5273994803428655e-09,
          "get_latency_on_this_client": 458,
          "put_latency_on_this_client": 687
        },
        "4": {
          "Q1": [
            0,
            3,
            4
          ],
          "Q2": [
            0,
            2,
            3,
            4,
            5,
            7
          ],
          "Q3": [
            0,
            2,
            3,
            4,
            5,
            7
          ],
          "Q4": [
            0,
            2,
            3,
            4,
            5,
            7
          ],
          "get_cost_on_this_client": 1.9418075680732727e-09,
          "put_cost_on_this_client": 5.5273994803428655e-09,
          "get_latency_on_this_client": 444,
          "put_latency_on_this_client": 666
        },
        "5": {
          "Q1": [
            5,
            7,
            8
          ],
          "Q2": [
            0,
            2,
            3,
            5,
            7,
            8
          ],
          "Q3": [
            0,
            2,
            3,
            5,
            7,
            8
          ],
          "Q4": [
            0,
            2,
            3,
            5,
            7,
            8
          ],
          "get_cost_on_this_client": 9.359791874885558e-10,
          "put_cost_on_this_client": 3.7020072340965276e-09,
          "get_latency_on_this_client": 281.99,
          "put_latency_on_this_client": 495.99
        },
        "6": {
          "Q1": [
            0,
            2,
            3
          ],
          "Q2": [
            0,
            2,
            3,
            4,
            5,
            7
          ],
          "Q3": [
            0,
            2,
            3,
            4,
            5,
            7
          ],
          "Q4": [
            0,
            2,
            3,
            4,
            5,
            7
          ],
          "get_cost_on_this_client": 3.5762786865234374e-09,
          "put_cost_on_this_client": 8.493661880493165e-09,
          "get_latency_on_this_client": 634.2,
          "put_latency_on_this_client": 951.3000000000001
        },
        "7": {
          "Q1": [
            5,
            7,
            8
          ],
          "Q2": [
            0,
            2,
            3,
            5,
            7,
            8
          ],
          "Q3": [
            0,
            2,
            3,
            5,
            7,
            8
          ],
          "Q4": [
            0,
            2,
            3,
            5,
            7,
            8
          ],
          "get_cost_on_this_client": 9.359791874885558e-10,
          "put_cost_on_this_client": 3.7020072340965276e-09,
          "get_latency_on_this_client": 247.35000000000002,
          "put_latency_on_this_client": 427.25
        },
        "8": {
          "Q1": [
            5,
            7,
            8
          ],
          "Q2": [
            0,
            2,
            3,
            5,
            7,
            8
          ],
          "Q3": [
            0,
            2,
            3,
            5,
            7,
            8
          ],
          "Q4": [
            0,
            2,
            3,
            5,
            7,
            8
          ],
          "get_cost_on_this_client": 9.359791874885558e-10,
          "put_cost_on_this_client": 3.7020072340965276e-09,
          "get_latency_on_this_client": 223.24,
          "put_latency_on_this_client": 388.14
        }
      }
    }
  ],
  "overall_cost": 0.18243157718152386,
  "get_cost": 0.00418047420680523,
  "put_cost": 0.01080972142517567,
  "storage_cost": 1.2056162096049687e-06,
  "vm_cost": 0.16744017593333335,
  "time_period_hrs": 1.0
}