{
  "output": [
    {
      "id": 8,
      "protocol": "replication",
      "m": 5,
      "k": 1,
      "selected_dcs": [
        0,
        1,
        5,
        7,
        8
      ],
      "get_cost": 3.927175817079843,
      "put_cost": 3.92759763635695,
      "storage_cost": 0.031092395521190065,
      "vm_cost": 0.10277578704166668,
      "total_cost": 7.98864163599965,
      "get_latency": 504.2,
      "put_latency": 756.3,
      "client_placement_info": {
        "0": {
          "Q1": [
            0,
            5,
            7
          ],
          "Q2": [
            0,
            5,
            7
          ],
          "Q3": [
            0,
            5,
            7
          ],
          "Q4": [
            0,
            5,
            7
          ],
          "get_cost_on_this_client": 1.621420495212078e-05,
          "put_cost_on_this_client": 1.6215946525335313e-05,
          "get_latency_on_this_client": 296.2,
          "put_latency_on_this_client": 444.29999999999995
        },
        "1": {
          "Q1": [
            0,
            1,
            5
          ],
          "Q2": [
            0,
            1,
            5
          ],
          "Q3": [
            0,
            1,
            5
          ],
          "Q4": [
            0,
            1,
            5
          ],
          "get_cost_on_this_client": 2.956707961857319e-05,
          "put_cost_on_this_client": 2.9570255428552627e-05,
          "get_latency_on_this_client": 408,
          "put_latency_on_this_client": 612
        },
        "2": {
          "Q1": [
            0,
            5,
            7
          ],
          "Q2": [
            0,
            5,
            7
          ],
          "Q3": [
            0,
            5,
            7
          ],
          "Q4": [
            0,
            5,
            7
          ],
          "get_cost_on_this_client": 2.0029311999678616e-05,
          "put_cost_on_this_client": 2.0031463354825976e-05,
          "get_latency_on_this_client": 428,
          "put_latency_on_this_client": 642
        },
        "3": {
          "Q1": [
            0,
            5,
            7
          ],
          "Q2": [
            0,
            5,
            7
          ],
          "Q3": [
            0,
            5,
            7
          ],
          "Q4": [
            0,
            5,
            7
          ],
          "get_cost_on_this_client": 2.2890642285346984e-05,
          "put_cost_on_this_client": 2.289310097694397e-05,
          "get_latency_on_this_client": 458,
          "put_latency_on_this_client": 687
        },
        "4": {
          "Q1": [
            0,
            5,
            7
          ],
          "Q2": [
            0,
            5,
            7
          ],
          "Q3": [
            0,
            5,
            7
          ],
          "Q4": [
            0,
            5,
            7
          ],
          "get_cost_on_this_client": 2.2890642285346984e-05,
          "put_cost_on_this_client": 2.289310097694397e-05,
          "get_latency_on_this_client": 444,
          "put_latency_on_this_client": 666
        },
        "5": {
          "Q1": [
            5,
            7,
            8
          ],
          "Q2": [
            5,
            7,
            8
          ],
          "Q3": [
            5,
            7,
            8
          ],
          "Q4": [
            5,
            7,
            8
          ],
          "get_cost_on_this_client": 2.861330285668373e-06,
          "put_cost_on_this_client": 2.861637622117996e-06,
          "get_latency_on_this_client": 135.98,
          "put_latency_on_this_client": 203.96999999999997
        },
        "6": {
          "Q1": [
            0,
            5,
            7
          ],
          "Q2": [
            0,
            5,
            7
          ],
          "Q3": [
            0,
            5,
            7
          ],
          "Q4": [
            0,
            5,
            7
          ],
          "get_cost_on_this_client": 2.2890642285346984e-05,
          "put_cost_on_this_client": 2.289310097694397e-05,
          "get_latency_on_this_client": 504.2,
          "put_latency_on_this_client": 756.3
        },
        "7": {
          "Q1": [
            5,
            7,
            8
          ],
          "Q2": [
            5,
            7,
            8
          ],
          "Q3": [
            5,
            7,
            8
          ],
          "Q4": [
            5,
            7,
            8
          ],
          "get_cost_on_this_client": 2.861330285668373e-06,
          "put_cost_on_this_client": 2.861637622117996e-06,
          "get_latency_on_this_client": 134.9,
          "put_latency_on_this_client": 202.35000000000002
        },
        "8": {
          "Q1": [
            5,
            7,
            8
          ],
          "Q2": [
            5,
            7,
            8
          ],
          "Q3": [
            5,
            7,
            8
          ],
          "Q4": [
            5,
            7,
            8
          ],
          "get_cost_on_this_client": 2.861330285668373e-06,
          "put_cost_on_this_client": 2.861637622117996e-06,
          "get_latency_on_this_client": 116.68,
          "put_latency_on_this_client": 175.02
        }
      }
    }
  ],
  "overall_cost": 7.98864163599965,
  "get_cost": 3.927175817079843,
  "put_cost": 3.92759763635695,
  "storage_cost": 0.031092395521190065,
  "vm_cost": 0.10277578704166668,
  "time_period_hrs": 1.0
}