{
  "output": [
    {
      "id": 0,
      "protocol": "abd",
      "m": 5,
      "selected_dcs": [
        0,
        1,
        5,
        6,
        7
      ],
      "get_cost": 0.0013337284326553347,
      "put_cost": 0.0001556016504764557,
      "storage_cost": 3.291523619873883e-06,
      "vm_cost": 0.04427084814999999,
      "total_cost": 0.045763469756751655,
      "get_latency": 310.2,
      "put_latency": 310.2,
      "client_placement_info": {
        "0": {
          "Q1": [
            0,
            1,
            7
          ],
          "Q2": [
            0,
            1,
            7
          ],
          "get_cost_on_this_client": 4.470348358154297e-09,
          "put_cost_on_this_client": 4.693865776062011e-09,
          "get_latency_on_this_client": 230,
          "put_latency_on_this_client": 230
        },
        "1": {
          "Q1": [
            0,
            1,
            7
          ],
          "Q2": [
            0,
            1,
            7
          ],
          "get_cost_on_this_client": 5.774199962615967e-09,
          "put_cost_on_this_client": 6.062909960746765e-09,
          "get_latency_on_this_client": 278,
          "put_latency_on_this_client": 278
        },
        "2": {
          "Q1": [
            0,
            1,
            7
          ],
          "Q2": [
            0,
            1,
            7
          ],
          "get_cost_on_this_client": 5.21540641784668e-09,
          "put_cost_on_this_client": 5.476176738739014e-09,
          "get_latency_on_this_client": 329.6,
          "put_latency_on_this_client": 329.6
        },
        "3": {
          "Q1": [
            5,
            6,
            7
          ],
          "Q2": [
            5,
            6,
            7
          ],
          "get_cost_on_this_client": 4.470348358154297e-09,
          "put_cost_on_this_client": 4.693865776062011e-09,
          "get_latency_on_this_client": 404.4,
          "put_latency_on_this_client": 404.4
        },
        "4": {
          "Q1": [
            5,
            6,
            7
          ],
          "Q2": [
            5,
            6,
            7
          ],
          "get_cost_on_this_client": 4.470348358154297e-09,
          "put_cost_on_this_client": 4.693865776062011e-09,
          "get_latency_on_this_client": 384.2,
          "put_latency_on_this_client": 384.2
        },
        "5": {
          "Q1": [
            5,
            6,
            7
          ],
          "Q2": [
            5,
            6,
            7
          ],
          "get_cost_on_this_client": 1.862645149230957e-09,
          "put_cost_on_this_client": 1.955777406692505e-09,
          "get_latency_on_this_client": 232.2,
          "put_latency_on_this_client": 232.2
        },
        "6": {
          "Q1": [
            5,
            6,
            7
          ],
          "Q2": [
            5,
            6,
            7
          ],
          "get_cost_on_this_client": 3.1664967536926265e-09,
          "put_cost_on_this_client": 3.3248215913772577e-09,
          "get_latency_on_this_client": 310.2,
          "put_latency_on_this_client": 310.2
        },
        "7": {
          "Q1": [
            0,
            5,
            7
          ],
          "Q2": [
            0,
            5,
            7
          ],
          "get_cost_on_this_client": 1.862645149230957e-09,
          "put_cost_on_this_client": 1.955777406692505e-09,
          "get_latency_on_this_client": 202.4,
          "put_latency_on_this_client": 202.4
        },
        "8": {
          "Q1": [
            0,
            5,
            7
          ],
          "Q2": [
            0,
            5,
            7
          ],
          "get_cost_on_this_client": 1.862645149230957e-09,
          "put_cost_on_this_client": 1.955777406692505e-09,
          "get_latency_on_this_client": 189.92,
          "put_latency_on_this_client": 189.92
        }
      }
    }
  ],
  "overall_cost": 0.045763469756751655,
  "get_cost": 0.0013337284326553347,
  "put_cost": 0.0001556016504764557,
  "storage_cost": 3.291523619873883e-06,
  "vm_cost": 0.04427084814999999,
  "time_period_hrs": 1.0
}