{
  "output": [
    {
      "id": 0,
      "protocol": "replication",
      "m": 5,
      "k": 1,
      "selected_dcs": [
        2,
        5,
        6,
        7,
        8
      ],
      "get_cost": 10.482006613165137,
      "put_cost": 10.483132489025593,
      "storage_cost": 0.03083111488655822,
      "vm_cost": 0.07304969259583333,
      "total_cost": 21.069019909673123,
      "get_latency": 332,
      "put_latency": 498,
      "client_placement_info": {
        "0": {
          "Q1": [
            2,
            7,
            8
          ],
          "Q2": [
            2,
            7,
            8
          ],
          "Q3": [
            2,
            7,
            8
          ],
          "Q4": [
            2,
            7,
            8
          ],
          "get_cost_on_this_client": 2.0029311999678616e-05,
          "put_cost_on_this_client": 2.0031463354825976e-05,
          "get_latency_on_this_client": 199.6,
          "put_latency_on_this_client": 299.4
        },
        "1": {
          "Q1": [
            2,
            7,
            8
          ],
          "Q2": [
            2,
            7,
            8
          ],
          "Q3": [
            2,
            7,
            8
          ],
          "Q4": [
            2,
            7,
            8
          ],
          "get_cost_on_this_client": 4.291995428502559e-05,
          "put_cost_on_this_client": 4.292456433176994e-05,
          "get_latency_on_this_client": 324,
          "put_latency_on_this_client": 486
        },
        "2": {
          "Q1": [
            2,
            7,
            8
          ],
          "Q2": [
            2,
            7,
            8
          ],
          "Q3": [
            2,
            7,
            8
          ],
          "Q4": [
            2,
            7,
            8
          ],
          "get_cost_on_this_client": 1.621420495212078e-05,
          "put_cost_on_this_client": 1.6215946525335313e-05,
          "get_latency_on_this_client": 332,
          "put_latency_on_this_client": 498
        },
        "3": {
          "Q1": [
            5,
            7,
            8
          ],
          "Q2": [
            5,
            7,
            8
          ],
          "Q3": [
            5,
            7,
            8
          ],
          "Q4": [
            5,
            7,
            8
          ],
          "get_cost_on_this_client": 2.2890642285346984e-05,
          "put_cost_on_this_client": 2.289310097694397e-05,
          "get_latency_on_this_client": 306.2,
          "put_latency_on_this_client": 459.29999999999995
        },
        "4": {
          "Q1": [
            5,
            7,
            8
          ],
          "Q2": [
            5,
            7,
            8
          ],
          "Q3": [
            5,
            7,
            8
          ],
          "Q4": [
            5,
            7,
            8
          ],
          "get_cost_on_this_client": 2.2890642285346984e-05,
          "put_cost_on_this_client": 2.289310097694397e-05,
          "get_latency_on_this_client": 281.8,
          "put_latency_on_this_client": 422.70000000000005
        },
        "5": {
          "Q1": [
            5,
            7,
            8
          ],
          "Q2": [
            5,
            7,
            8
          ],
          "Q3": [
            5,
            7,
            8
          ],
          "Q4": [
            5,
            7,
            8
          ],
          "get_cost_on_this_client": 2.861330285668373e-06,
          "put_cost_on_this_client": 2.861637622117996e-06,
          "get_latency_on_this_client": 135.98,
          "put_latency_on_this_client": 203.96999999999997
        },
        "6": {
          "Q1": [
            5,
            6,
            7
          ],
          "Q2": [
            5,
            6,
            7
          ],
          "Q3": [
            5,
            6,
            7
          ],
          "Q4": [
            5,
            6,
            7
          ],
          "get_cost_on_this_client": 1.621420495212078e-05,
          "put_cost_on_this_client": 1.6215946525335313e-05,
          "get_latency_on_this_client": 310.2,
          "put_latency_on_this_client": 465.29999999999995
        },
        "7": {
          "Q1": [
            5,
            7,
            8
          ],
          "Q2": [
            5,
            7,
            8
          ],
          "Q3": [
            5,
            7,
            8
          ],
          "Q4": [
            5,
            7,
            8
          ],
          "get_cost_on_this_client": 2.861330285668373e-06,
          "put_cost_on_this_client": 2.861637622117996e-06,
          "get_latency_on_this_client": 134.9,
          "put_latency_on_this_client": 202.35000000000002
        },
        "8": {
          "Q1": [
            5,
            7,
            8
          ],
          "Q2": [
            5,
            7,
            8
          ],
          "Q3": [
            5,
            7,
            8
          ],
          "Q4": [
            5,
            7,
            8
          ],
          "get_cost_on_this_client": 2.861330285668373e-06,
          "put_cost_on_this_client": 2.861637622117996e-06,
          "get_latency_on_this_client": 116.68,
          "put_latency_on_this_client": 175.02
        }
      }
    }
  ],
  "overall_cost": 21.069019909673123,
  "get_cost": 10.482006613165137,
  "put_cost": 10.483132489025593,
  "storage_cost": 0.03083111488655822,
  "vm_cost": 0.07304969259583333,
  "time_period_hrs": 1.0
}