{
  "output": [
    {
      "id": 0,
      "protocol": "replication",
      "m": 5,
      "k": 1,
      "selected_dcs": [
        0,
        2,
        5,
        6,
        7
      ],
      "get_cost": 0.0766432173550129,
      "put_cost": 0.6905291453003883,
      "storage_cost": 0.0032398798694349314,
      "vm_cost": 0.04327068148333334,
      "total_cost": 0.8136829240081696,
      "get_latency": 310.2,
      "put_latency": 465.29999999999995,
      "client_placement_info": {
        "0": {
          "Q1": [
            0,
            2,
            7
          ],
          "Q2": [
            0,
            2,
            7
          ],
          "Q3": [
            0,
            2,
            7
          ],
          "Q4": [
            0,
            2,
            7
          ],
          "get_cost_on_this_client": 1.336578279733658e-06,
          "put_cost_on_this_client": 1.3380125164985657e-06,
          "get_latency_on_this_client": 199.6,
          "put_latency_on_this_client": 299.4
        },
        "1": {
          "Q1": [
            0,
            2,
            7
          ],
          "Q2": [
            0,
            2,
            7
          ],
          "Q3": [
            0,
            2,
            7
          ],
          "Q4": [
            0,
            2,
            7
          ],
          "get_cost_on_this_client": 4.2961444705724714e-06,
          "put_cost_on_this_client": 4.300754517316818e-06,
          "get_latency_on_this_client": 278,
          "put_latency_on_this_client": 417
        },
        "2": {
          "Q1": [
            0,
            2,
            7
          ],
          "Q2": [
            0,
            2,
            7
          ],
          "Q3": [
            0,
            2,
            7
          ],
          "Q4": [
            0,
            2,
            7
          ],
          "get_cost_on_this_client": 1.336578279733658e-06,
          "put_cost_on_this_client": 1.3380125164985657e-06,
          "get_latency_on_this_client": 329.6,
          "put_latency_on_this_client": 494.40000000000003
        },
        "3": {
          "Q1": [
            2,
            5,
            7
          ],
          "Q2": [
            2,
            5,
            7
          ],
          "Q3": [
            2,
            5,
            7
          ],
          "Q4": [
            2,
            5,
            7
          ],
          "get_cost_on_this_client": 2.2912770509719847e-06,
          "put_cost_on_this_client": 2.29373574256897e-06,
          "get_latency_on_this_client": 401.2,
          "put_latency_on_this_client": 601.8
        },
        "4": {
          "Q1": [
            5,
            6,
            7
          ],
          "Q2": [
            5,
            6,
            7
          ],
          "Q3": [
            5,
            6,
            7
          ],
          "Q4": [
            5,
            6,
            7
          ],
          "get_cost_on_this_client": 2.2912770509719847e-06,
          "put_cost_on_this_client": 2.29373574256897e-06,
          "get_latency_on_this_client": 384.2,
          "put_latency_on_this_client": 576.3
        },
        "5": {
          "Q1": [
            5,
            6,
            7
          ],
          "Q2": [
            5,
            6,
            7
          ],
          "Q3": [
            5,
            6,
            7
          ],
          "Q4": [
            5,
            6,
            7
          ],
          "get_cost_on_this_client": 9.54698771238327e-07,
          "put_cost_on_this_client": 9.55723226070404e-07,
          "get_latency_on_this_client": 232.2,
          "put_latency_on_this_client": 348.29999999999995
        },
        "6": {
          "Q1": [
            5,
            6,
            7
          ],
          "Q2": [
            5,
            6,
            7
          ],
          "Q3": [
            5,
            6,
            7
          ],
          "Q4": [
            5,
            6,
            7
          ],
          "get_cost_on_this_client": 1.6229879111051556e-06,
          "put_cost_on_this_client": 1.6247294843196866e-06,
          "get_latency_on_this_client": 310.2,
          "put_latency_on_this_client": 465.29999999999995
        },
        "7": {
          "Q1": [
            0,
            5,
            7
          ],
          "Q2": [
            0,
            5,
            7
          ],
          "Q3": [
            0,
            5,
            7
          ],
          "Q4": [
            0,
            5,
            7
          ],
          "get_cost_on_this_client": 9.54698771238327e-07,
          "put_cost_on_this_client": 9.55723226070404e-07,
          "get_latency_on_this_client": 202.4,
          "put_latency_on_this_client": 303.6
        },
        "8": {
          "Q1": [
            0,
            5,
            7
          ],
          "Q2": [
            0,
            5,
            7
          ],
          "Q3": [
            0,
            5,
            7
          ],
          "Q4": [
            0,
            5,
            7
          ],
          "get_cost_on_this_client": 9.54698771238327e-07,
          "put_cost_on_this_client": 9.55723226070404e-07,
          "get_latency_on_this_client": 189.92,
          "put_latency_on_this_client": 284.88
        }
      }
    }
  ],
  "overall_cost": 0.8136829240081696,
  "get_cost": 0.0766432173550129,
  "put_cost": 0.6905291453003883,
  "storage_cost": 0.0032398798694349314,
  "vm_cost": 0.04327068148333334,
  "time_period_hrs": 1.0
}