{
  "output": [
    {
      "id": 0,
      "protocol": "cas",
      "m": 6,
      "k": 2,
      "selected_dcs": [
        0,
        2,
        3,
        5,
        7,
        8
      ],
      "get_cost": 0.0003972183912992478,
      "put_cost": 0.0008775852620601654,
      "storage_cost": 1.760582401327891e-06,
      "vm_cost": 0.04882821111333334,
      "total_cost": 0.05010477534909408,
      "get_latency": 634.2,
      "put_latency": 951.3000000000001,
      "client_placement_info": {
        "0": {
          "Q1": [
            0,
            2,
            3
          ],
          "Q2": [
            0,
            2,
            3,
            5
          ],
          "Q3": [
            0,
            2,
            3,
            5
          ],
          "Q4": [
            0,
            2,
            3,
            5
          ],
          "get_cost_on_this_client": 2.4586915969848634e-09,
          "put_cost_on_this_client": 4.712492227554322e-09,
          "get_latency_on_this_client": 452.2,
          "put_latency_on_this_client": 678.3
        },
        "1": {
          "Q1": [
            0,
            2,
            3
          ],
          "Q2": [
            0,
            2,
            3,
            5
          ],
          "Q3": [
            0,
            2,
            3,
            5
          ],
          "Q4": [
            0,
            2,
            3,
            5
          ],
          "get_cost_on_this_client": 7.4040144681930535e-09,
          "put_cost_on_this_client": 1.3550743460655211e-08,
          "get_latency_on_this_client": 578,
          "put_latency_on_this_client": 867
        },
        "2": {
          "Q1": [
            0,
            2,
            3
          ],
          "Q2": [
            0,
            2,
            3,
            5
          ],
          "Q3": [
            0,
            2,
            3,
            5
          ],
          "Q4": [
            0,
            2,
            3,
            5
          ],
          "get_cost_on_this_client": 2.4586915969848634e-09,
          "put_cost_on_this_client": 4.712492227554322e-09,
          "get_latency_on_this_client": 416,
          "put_latency_on_this_client": 630
        },
        "3": {
          "Q1": [
            0,
            2,
            3
          ],
          "Q2": [
            0,
            2,
            3,
            5
          ],
          "Q3": [
            0,
            2,
            3,
            5
          ],
          "Q4": [
            0,
            2,
            3,
            5
          ],
          "get_cost_on_this_client": 2.905726432800293e-09,
          "put_cost_on_this_client": 5.466863512992859e-09,
          "get_latency_on_this_client": 458,
          "put_latency_on_this_client": 687
        },
        "4": {
          "Q1": [
            0,
            2,
            3
          ],
          "Q2": [
            0,
            2,
            3,
            5
          ],
          "Q3": [
            0,
            2,
            3,
            5
          ],
          "Q4": [
            0,
            2,
            3,
            5
          ],
          "get_cost_on_this_client": 3.0547380447387698e-09,
          "put_cost_on_this_client": 5.718320608139038e-09,
          "get_latency_on_this_client": 444,
          "put_latency_on_this_client": 666
        },
        "5": {
          "Q1": [
            5,
            7,
            8
          ],
          "Q2": [
            0,
            5,
            7,
            8
          ],
          "Q3": [
            0,
            5,
            7,
            8
          ],
          "Q4": [
            0,
            5,
            7,
            8
          ],
          "get_cost_on_this_client": 8.195638656616211e-10,
          "put_cost_on_this_client": 1.94646418094635e-09,
          "get_latency_on_this_client": 213.99,
          "put_latency_on_this_client": 359.99
        },
        "6": {
          "Q1": [
            0,
            2,
            3
          ],
          "Q2": [
            0,
            2,
            3,
            5
          ],
          "Q3": [
            0,
            2,
            3,
            5
          ],
          "Q4": [
            0,
            2,
            3,
            5
          ],
          "get_cost_on_this_client": 3.948807716369629e-09,
          "put_cost_on_this_client": 7.227063179016113e-09,
          "get_latency_on_this_client": 634.2,
          "put_latency_on_this_client": 951.3000000000001
        },
        "7": {
          "Q1": [
            5,
            7,
            8
          ],
          "Q2": [
            0,
            5,
            7,
            8
          ],
          "Q3": [
            0,
            5,
            7,
            8
          ],
          "Q4": [
            0,
            5,
            7,
            8
          ],
          "get_cost_on_this_client": 8.195638656616211e-10,
          "put_cost_on_this_client": 1.94646418094635e-09,
          "get_latency_on_this_client": 168.65,
          "put_latency_on_this_client": 269.85
        },
        "8": {
          "Q1": [
            5,
            7,
            8
          ],
          "Q2": [
            0,
            5,
            7,
            8
          ],
          "Q3": [
            0,
            5,
            7,
            8
          ],
          "Q4": [
            0,
            5,
            7,
            8
          ],
          "get_cost_on_this_client": 8.195638656616211e-10,
          "put_cost_on_this_client": 1.94646418094635e-09,
          "get_latency_on_this_client": 153.3,
          "put_latency_on_this_client": 248.26
        }
      }
    }
  ],
  "overall_cost": 0.05010477534909408,
  "get_cost": 0.0003972183912992478,
  "put_cost": 0.0008775852620601654,
  "storage_cost": 1.760582401327891e-06,
  "vm_cost": 0.04882821111333334,
  "time_period_hrs": 1.0
}