{
  "output": [
    {
      "id": 0,
      "protocol": "cas",
      "m": 8,
      "k": 4,
      "selected_dcs": [
        0,
        1,
        2,
        3,
        5,
        6,
        7,
        8
      ],
      "get_cost": 6.190937175415456,
      "put_cost": 6.193597172386945,
      "storage_cost": 0.012737430938302655,
      "vm_cost": 0.17148042593333335,
      "total_cost": 12.568752204674038,
      "get_latency": 634.2,
      "put_latency": 951.3000000000001,
      "client_placement_info": {
        "0": {
          "Q1": [
            0,
            2,
            3
          ],
          "Q2": [
            0,
            2,
            3,
            5,
            6,
            7
          ],
          "Q3": [
            0,
            2,
            3,
            5,
            6,
            7
          ],
          "Q4": [
            0,
            2,
            3,
            5,
            6,
            7
          ],
          "get_cost_on_this_client": 9.061340242624285e-06,
          "put_cost_on_this_client": 9.065233170986177e-06,
          "get_latency_on_this_client": 479.29999999999995,
          "put_latency_on_this_client": 732.5
        },
        "1": {
          "Q1": [
            0,
            1,
            2
          ],
          "Q2": [
            0,
            1,
            2,
            3,
            5,
            6
          ],
          "Q3": [
            0,
            1,
            2,
            3,
            5,
            6
          ],
          "Q4": [
            0,
            1,
            2,
            3,
            5,
            6
          ],
          "get_cost_on_this_client": 1.812298782169819e-05,
          "put_cost_on_this_client": 1.8130773678421975e-05,
          "get_latency_on_this_client": 405.9,
          "put_latency_on_this_client": 696.7
        },
        "2": {
          "Q1": [
            0,
            2,
            3
          ],
          "Q2": [
            0,
            2,
            3,
            5,
            6,
            7
          ],
          "Q3": [
            0,
            2,
            3,
            5,
            6,
            7
          ],
          "Q4": [
            0,
            2,
            3,
            5,
            6,
            7
          ],
          "get_cost_on_this_client": 9.061340242624285e-06,
          "put_cost_on_this_client": 9.065233170986177e-06,
          "get_latency_on_this_client": 521.3,
          "put_latency_on_this_client": 840.5999999999999
        },
        "3": {
          "Q1": [
            0,
            2,
            3
          ],
          "Q2": [
            0,
            2,
            3,
            5,
            6,
            7
          ],
          "Q3": [
            0,
            2,
            3,
            5,
            6,
            7
          ],
          "Q4": [
            0,
            2,
            3,
            5,
            6,
            7
          ],
          "get_cost_on_this_client": 9.776903316378594e-06,
          "put_cost_on_this_client": 9.781103581190109e-06,
          "get_latency_on_this_client": 458,
          "put_latency_on_this_client": 687
        },
        "4": {
          "Q1": [
            0,
            2,
            3
          ],
          "Q2": [
            0,
            2,
            3,
            5,
            6,
            7
          ],
          "Q3": [
            0,
            2,
            3,
            5,
            6,
            7
          ],
          "Q4": [
            0,
            2,
            3,
            5,
            6,
            7
          ],
          "get_cost_on_this_client": 1.0015424340963365e-05,
          "put_cost_on_this_client": 1.001972705125809e-05,
          "get_latency_on_this_client": 444,
          "put_latency_on_this_client": 666
        },
        "5": {
          "Q1": [
            5,
            7,
            8
          ],
          "Q2": [
            0,
            2,
            3,
            5,
            7,
            8
          ],
          "Q3": [
            0,
            2,
            3,
            5,
            7,
            8
          ],
          "Q4": [
            0,
            2,
            3,
            5,
            7,
            8
          ],
          "get_cost_on_this_client": 6.4376089721918105e-06,
          "put_cost_on_this_client": 6.440375000238419e-06,
          "get_latency_on_this_client": 281.99,
          "put_latency_on_this_client": 495.99
        },
        "6": {
          "Q1": [
            0,
            2,
            6
          ],
          "Q2": [
            0,
            2,
            3,
            5,
            6,
            7
          ],
          "Q3": [
            0,
            2,
            3,
            5,
            6,
            7
          ],
          "Q4": [
            0,
            2,
            3,
            5,
            6,
            7
          ],
          "get_cost_on_this_client": 9.776903316378594e-06,
          "put_cost_on_this_client": 9.781103581190109e-06,
          "get_latency_on_this_client": 634.2,
          "put_latency_on_this_client": 951.3000000000001
        },
        "7": {
          "Q1": [
            5,
            7,
            8
          ],
          "Q2": [
            0,
            2,
            3,
            5,
            7,
            8
          ],
          "Q3": [
            0,
            2,
            3,
            5,
            7,
            8
          ],
          "Q4": [
            0,
            2,
            3,
            5,
            7,
            8
          ],
          "get_cost_on_this_client": 6.4376089721918105e-06,
          "put_cost_on_this_client": 6.440375000238419e-06,
          "get_latency_on_this_client": 247.35000000000002,
          "put_latency_on_this_client": 427.25
        },
        "8": {
          "Q1": [
            5,
            7,
            8
          ],
          "Q2": [
            0,
            2,
            3,
            5,
            7,
            8
          ],
          "Q3": [
            0,
            2,
            3,
            5,
            7,
            8
          ],
          "Q4": [
            0,
            2,
            3,
            5,
            7,
            8
          ],
          "get_cost_on_this_client": 6.4376089721918105e-06,
          "put_cost_on_this_client": 6.440375000238419e-06,
          "get_latency_on_this_client": 223.24,
          "put_latency_on_this_client": 388.14
        }
      }
    }
  ],
  "overall_cost": 12.568752204674038,
  "get_cost": 6.190937175415456,
  "put_cost": 6.193597172386945,
  "storage_cost": 0.012737430938302655,
  "vm_cost": 0.17148042593333335,
  "time_period_hrs": 1.0
}