{
  "output": [
    {
      "id": 0,
      "protocol": "replication",
      "m": 5,
      "k": 1,
      "selected_dcs": [
        0,
        2,
        5,
        6,
        7
      ],
      "get_cost": 0.09672925807535648,
      "put_cost": 0.0977572984993458,
      "storage_cost": 0.00032398798694349316,
      "vm_cost": 0.10817670370833335,
      "total_cost": 0.30298724826997914,
      "get_latency": 310.2,
      "put_latency": 465.29999999999995,
      "client_placement_info": {
        "0": {
          "Q1": [
            0,
            2,
            7
          ],
          "Q2": [
            0,
            2,
            7
          ],
          "Q3": [
            0,
            2,
            7
          ],
          "Q4": [
            0,
            2,
            7
          ],
          "get_cost_on_this_client": 1.3494864106178284e-07,
          "put_cost_on_this_client": 1.363828778266907e-07,
          "get_latency_on_this_client": 199.6,
          "put_latency_on_this_client": 299.4
        },
        "1": {
          "Q1": [
            0,
            2,
            7
          ],
          "Q2": [
            0,
            2,
            7
          ],
          "Q3": [
            0,
            2,
            7
          ],
          "Q4": [
            0,
            2,
            7
          ],
          "get_cost_on_this_client": 4.3376348912715907e-07,
          "put_cost_on_this_client": 4.383735358715057e-07,
          "get_latency_on_this_client": 278,
          "put_latency_on_this_client": 417
        },
        "2": {
          "Q1": [
            0,
            2,
            7
          ],
          "Q2": [
            0,
            2,
            7
          ],
          "Q3": [
            0,
            2,
            7
          ],
          "Q4": [
            0,
            2,
            7
          ],
          "get_cost_on_this_client": 1.3494864106178284e-07,
          "put_cost_on_this_client": 1.363828778266907e-07,
          "get_latency_on_this_client": 329.6,
          "put_latency_on_this_client": 494.40000000000003
        },
        "3": {
          "Q1": [
            2,
            5,
            7
          ],
          "Q2": [
            2,
            5,
            7
          ],
          "Q3": [
            2,
            5,
            7
          ],
          "Q4": [
            2,
            5,
            7
          ],
          "get_cost_on_this_client": 2.3134052753448484e-07,
          "put_cost_on_this_client": 2.3379921913146972e-07,
          "get_latency_on_this_client": 401.2,
          "put_latency_on_this_client": 601.8
        },
        "4": {
          "Q1": [
            5,
            6,
            7
          ],
          "Q2": [
            5,
            6,
            7
          ],
          "Q3": [
            5,
            6,
            7
          ],
          "Q4": [
            5,
            6,
            7
          ],
          "get_cost_on_this_client": 2.3134052753448484e-07,
          "put_cost_on_this_client": 2.3379921913146972e-07,
          "get_latency_on_this_client": 384.2,
          "put_latency_on_this_client": 576.3
        },
        "5": {
          "Q1": [
            5,
            6,
            7
          ],
          "Q2": [
            5,
            6,
            7
          ],
          "Q3": [
            5,
            6,
            7
          ],
          "Q4": [
            5,
            6,
            7
          ],
          "get_cost_on_this_client": 9.639188647270203e-08,
          "put_cost_on_this_client": 9.741634130477906e-08,
          "get_latency_on_this_client": 232.2,
          "put_latency_on_this_client": 348.29999999999995
        },
        "6": {
          "Q1": [
            5,
            6,
            7
          ],
          "Q2": [
            5,
            6,
            7
          ],
          "Q3": [
            5,
            6,
            7
          ],
          "Q4": [
            5,
            6,
            7
          ],
          "get_cost_on_this_client": 1.6386620700359343e-07,
          "put_cost_on_this_client": 1.6560778021812438e-07,
          "get_latency_on_this_client": 310.2,
          "put_latency_on_this_client": 465.29999999999995
        },
        "7": {
          "Q1": [
            0,
            5,
            7
          ],
          "Q2": [
            0,
            5,
            7
          ],
          "Q3": [
            0,
            5,
            7
          ],
          "Q4": [
            0,
            5,
            7
          ],
          "get_cost_on_this_client": 9.639188647270203e-08,
          "put_cost_on_this_client": 9.741634130477906e-08,
          "get_latency_on_this_client": 202.4,
          "put_latency_on_this_client": 303.6
        },
        "8": {
          "Q1": [
            0,
            5,
            7
          ],
          "Q2": [
            0,
            5,
            7
          ],
          "Q3": [
            0,
            5,
            7
          ],
          "Q4": [
            0,
            5,
            7
          ],
          "get_cost_on_this_client": 9.639188647270203e-08,
          "put_cost_on_this_client": 9.741634130477906e-08,
          "get_latency_on_this_client": 189.92,
          "put_latency_on_this_client": 284.88
        }
      }
    }
  ],
  "overall_cost": 0.30298724826997914,
  "get_cost": 0.09672925807535648,
  "put_cost": 0.0977572984993458,
  "storage_cost": 0.00032398798694349316,
  "vm_cost": 0.10817670370833335,
  "time_period_hrs": 1.0
}