{
  "output": [
    {
      "id": 0,
      "protocol": "cas",
      "m": 8,
      "k": 2,
      "selected_dcs": [
        0,
        1,
        2,
        3,
        4,
        5,
        7,
        8
      ],
      "get_cost": 0.024995338171720508,
      "put_cost": 0.10347522329539062,
      "storage_cost": 0.0002469101997270976,
      "vm_cost": 0.16744017593333335,
      "total_cost": 0.2961576476001716,
      "get_latency": 634.2,
      "put_latency": 951.3000000000001,
      "client_placement_info": {
        "0": {
          "Q1": [
            0,
            2,
            3
          ],
          "Q2": [
            0,
            2,
            3,
            4
          ],
          "Q3": [
            0,
            2,
            3,
            4,
            5,
            7
          ],
          "Q4": [
            0,
            2,
            3,
            4,
            5,
            7
          ],
          "get_cost_on_this_client": 1.8263235688209536e-07,
          "put_cost_on_this_client": 1.1023133993148805e-07,
          "get_latency_on_this_client": 452.2,
          "put_latency_on_this_client": 678.3
        },
        "1": {
          "Q1": [
            0,
            1,
            2
          ],
          "Q2": [
            0,
            1,
            2,
            3
          ],
          "Q3": [
            0,
            1,
            2,
            3,
            4,
            5
          ],
          "Q4": [
            0,
            1,
            2,
            3,
            4,
            5
          ],
          "get_cost_on_this_client": 3.655720502138138e-07,
          "put_cost_on_this_client": 2.3030675947666167e-07,
          "get_latency_on_this_client": 404.1,
          "put_latency_on_this_client": 693.1
        },
        "2": {
          "Q1": [
            0,
            2,
            3
          ],
          "Q2": [
            0,
            2,
            3,
            4
          ],
          "Q3": [
            0,
            2,
            3,
            4,
            5,
            7
          ],
          "Q4": [
            0,
            2,
            3,
            4,
            5,
            7
          ],
          "get_cost_on_this_client": 1.8263235688209536e-07,
          "put_cost_on_this_client": 1.1023133993148805e-07,
          "get_latency_on_this_client": 416,
          "put_latency_on_this_client": 619.3
        },
        "3": {
          "Q1": [
            0,
            3,
            4
          ],
          "Q2": [
            0,
            2,
            3,
            4
          ],
          "Q3": [
            0,
            2,
            3,
            4,
            5,
            7
          ],
          "Q4": [
            0,
            2,
            3,
            4,
            5,
            7
          ],
          "get_cost_on_this_client": 1.680199056863785e-07,
          "put_cost_on_this_client": 9.531155228614807e-08,
          "get_latency_on_this_client": 458,
          "put_latency_on_this_client": 687
        },
        "4": {
          "Q1": [
            0,
            3,
            4
          ],
          "Q2": [
            0,
            2,
            3,
            4
          ],
          "Q3": [
            0,
            2,
            3,
            4,
            5,
            7
          ],
          "Q4": [
            0,
            2,
            3,
            4,
            5,
            7
          ],
          "get_cost_on_this_client": 1.680199056863785e-07,
          "put_cost_on_this_client": 9.531155228614807e-08,
          "get_latency_on_this_client": 444,
          "put_latency_on_this_client": 666
        },
        "5": {
          "Q1": [
            5,
            7,
            8
          ],
          "Q2": [
            0,
            5,
            7,
            8
          ],
          "Q3": [
            0,
            2,
            3,
            5,
            7,
            8
          ],
          "Q4": [
            0,
            2,
            3,
            5,
            7,
            8
          ],
          "get_cost_on_this_client": 1.2905336916446688e-07,
          "put_cost_on_this_client": 5.552545189857483e-08,
          "get_latency_on_this_client": 281.99,
          "put_latency_on_this_client": 427.99
        },
        "6": {
          "Q1": [
            0,
            2,
            3
          ],
          "Q2": [
            0,
            2,
            3,
            4
          ],
          "Q3": [
            0,
            2,
            3,
            4,
            5,
            7
          ],
          "Q4": [
            0,
            2,
            3,
            4,
            5,
            7
          ],
          "get_cost_on_this_client": 2.3134052753448487e-07,
          "put_cost_on_this_client": 1.5996396541595458e-07,
          "get_latency_on_this_client": 634.2,
          "put_latency_on_this_client": 951.3000000000001
        },
        "7": {
          "Q1": [
            5,
            7,
            8
          ],
          "Q2": [
            0,
            5,
            7,
            8
          ],
          "Q3": [
            0,
            2,
            3,
            5,
            7,
            8
          ],
          "Q4": [
            0,
            2,
            3,
            5,
            7,
            8
          ],
          "get_cost_on_this_client": 1.2905336916446688e-07,
          "put_cost_on_this_client": 5.552545189857483e-08,
          "get_latency_on_this_client": 247.35000000000002,
          "put_latency_on_this_client": 348.55
        },
        "8": {
          "Q1": [
            5,
            7,
            8
          ],
          "Q2": [
            0,
            5,
            7,
            8
          ],
          "Q3": [
            0,
            2,
            3,
            5,
            7,
            8
          ],
          "Q4": [
            0,
            2,
            3,
            5,
            7,
            8
          ],
          "get_cost_on_this_client": 1.2905336916446688e-07,
          "put_cost_on_this_client": 5.552545189857483e-08,
          "get_latency_on_this_client": 223.24,
          "put_latency_on_this_client": 318.20000000000005
        }
      }
    }
  ],
  "overall_cost": 0.2961576476001716,
  "get_cost": 0.024995338171720508,
  "put_cost": 0.10347522329539062,
  "storage_cost": 0.0002469101997270976,
  "vm_cost": 0.16744017593333335,
  "time_period_hrs": 1.0
}