{
  "output": [
    {
      "id": 0,
      "protocol": "replication",
      "m": 5,
      "k": 1,
      "selected_dcs": [
        0,
        5,
        6,
        7,
        8
      ],
      "get_cost": 1.1262086033821106,
      "put_cost": 1.1263185739517207,
      "storage_cost": 0.031876237425085614,
      "vm_cost": 0.31438775,
      "total_cost": 2.598791164758917,
      "get_latency": 554.8,
      "put_latency": 832.1999999999999,
      "client_placement_info": {
        "0": {
          "Q1": [
            0,
            5,
            6
          ],
          "Q2": [
            0,
            5,
            6
          ],
          "Q3": [
            0,
            5,
            6
          ],
          "Q4": [
            0,
            5,
            6
          ],
          "get_cost_on_this_client": 1.6214046627283094e-06,
          "put_cost_on_this_client": 1.621562987565994e-06,
          "get_latency_on_this_client": 493.8,
          "put_latency_on_this_client": 740.7
        },
        "1": {
          "Q1": [
            0,
            5,
            6
          ],
          "Q2": [
            0,
            5,
            6
          ],
          "Q3": [
            0,
            5,
            6
          ],
          "Q4": [
            0,
            5,
            6
          ],
          "get_cost_on_this_client": 2.0029116421937944e-06,
          "put_cost_on_this_client": 2.0031072199344637e-06,
          "get_latency_on_this_client": 554.8,
          "put_latency_on_this_client": 832.1999999999999
        },
        "2": {
          "Q1": [
            0,
            5,
            6
          ],
          "Q2": [
            0,
            5,
            6
          ],
          "Q3": [
            0,
            5,
            6
          ],
          "Q4": [
            0,
            5,
            6
          ],
          "get_cost_on_this_client": 2.0029116421937944e-06,
          "put_cost_on_this_client": 2.0031072199344637e-06,
          "get_latency_on_this_client": 623.4,
          "put_latency_on_this_client": 935.0999999999999
        },
        "3": {
          "Q1": [
            0,
            5,
            6
          ],
          "Q2": [
            0,
            5,
            6
          ],
          "Q3": [
            0,
            5,
            6
          ],
          "Q4": [
            0,
            5,
            6
          ],
          "get_cost_on_this_client": 2.2890418767929074e-06,
          "put_cost_on_this_client": 2.2892653942108154e-06,
          "get_latency_on_this_client": 461.8,
          "put_latency_on_this_client": 692.7
        },
        "4": {
          "Q1": [
            0,
            5,
            6
          ],
          "Q2": [
            0,
            5,
            6
          ],
          "Q3": [
            0,
            5,
            6
          ],
          "Q4": [
            0,
            5,
            6
          ],
          "get_cost_on_this_client": 2.2890418767929074e-06,
          "put_cost_on_this_client": 2.2892653942108154e-06,
          "get_latency_on_this_client": 431.8,
          "put_latency_on_this_client": 647.7
        },
        "5": {
          "Q1": [
            5,
            7,
            8
          ],
          "Q2": [
            5,
            7,
            8
          ],
          "Q3": [
            5,
            7,
            8
          ],
          "Q4": [
            5,
            7,
            8
          ],
          "get_cost_on_this_client": 2.8613023459911343e-07,
          "put_cost_on_this_client": 2.861581742763519e-07,
          "get_latency_on_this_client": 136.52,
          "put_latency_on_this_client": 204.78000000000003
        },
        "6": {
          "Q1": [
            0,
            5,
            6
          ],
          "Q2": [
            0,
            5,
            6
          ],
          "Q3": [
            0,
            5,
            6
          ],
          "Q4": [
            0,
            5,
            6
          ],
          "get_cost_on_this_client": 1.6214046627283094e-06,
          "put_cost_on_this_client": 1.621562987565994e-06,
          "get_latency_on_this_client": 499.0,
          "put_latency_on_this_client": 748.5
        },
        "7": {
          "Q1": [
            5,
            7,
            8
          ],
          "Q2": [
            5,
            7,
            8
          ],
          "Q3": [
            5,
            7,
            8
          ],
          "Q4": [
            5,
            7,
            8
          ],
          "get_cost_on_this_client": 2.8613023459911343e-07,
          "put_cost_on_this_client": 2.861581742763519e-07,
          "get_latency_on_this_client": 133.42,
          "put_latency_on_this_client": 200.13
        },
        "8": {
          "Q1": [
            5,
            7,
            8
          ],
          "Q2": [
            5,
            7,
            8
          ],
          "Q3": [
            5,
            7,
            8
          ],
          "Q4": [
            5,
            7,
            8
          ],
          "get_cost_on_this_client": 2.8613023459911343e-07,
          "put_cost_on_this_client": 2.861581742763519e-07,
          "get_latency_on_this_client": 121.8,
          "put_latency_on_this_client": 182.7
        }
      }
    },
    {
      "id": 1,
      "protocol": "replication",
      "m": 5,
      "k": 1,
      "selected_dcs": [
        0,
        5,
        6,
        7,
        8
      ],
      "get_cost": 0.2252417206764221,
      "put_cost": 2.0273734331130977,
      "storage_cost": 0.031876237425085614,
      "vm_cost": 0.31438775,
      "total_cost": 2.5988791412146055,
      "get_latency": 554.8,
      "put_latency": 832.1999999999999,
      "client_placement_info": {
        "0": {
          "Q1": [
            0,
            5,
            6
          ],
          "Q2": [
            0,
            5,
            6
          ],
          "Q3": [
            0,
            5,
            6
          ],
          "Q4": [
            0,
            5,
            6
          ],
          "get_cost_on_this_client": 1.6214046627283094e-06,
          "put_cost_on_this_client": 1.621562987565994e-06,
          "get_latency_on_this_client": 493.8,
          "put_latency_on_this_client": 740.7
        },
        "1": {
          "Q1": [
            0,
            5,
            6
          ],
          "Q2": [
            0,
            5,
            6
          ],
          "Q3": [
            0,
            5,
            6
          ],
          "Q4": [
            0,
            5,
            6
          ],
          "get_cost_on_this_client": 2.0029116421937944e-06,
          "put_cost_on_this_client": 2.0031072199344637e-06,
          "get_latency_on_this_client": 554.8,
          "put_latency_on_this_client": 832.1999999999999
        },
        "2": {
          "Q1": [
            0,
            5,
            6
          ],
          "Q2": [
            0,
            5,
            6
          ],
          "Q3": [
            0,
            5,
            6
          ],
          "Q4": [
            0,
            5,
            6
          ],
          "get_cost_on_this_client": 2.0029116421937944e-06,
          "put_cost_on_this_client": 2.0031072199344637e-06,
          "get_latency_on_this_client": 623.4,
          "put_latency_on_this_client": 935.0999999999999
        },
        "3": {
          "Q1": [
            0,
            5,
            6
          ],
          "Q2": [
            0,
            5,
            6
          ],
          "Q3": [
            0,
            5,
            6
          ],
          "Q4": [
            0,
            5,
            6
          ],
          "get_cost_on_this_client": 2.2890418767929074e-06,
          "put_cost_on_this_client": 2.2892653942108154e-06,
          "get_latency_on_this_client": 461.8,