{
  "output": [
    {
      "id": 0,
      "protocol": "cas",
      "m": 5,
      "k": 3,
      "selected_dcs": [
        2,
        3,
        5,
        7,
        8
      ],
      "get_cost": 0.026357173919677734,
      "put_cost": 0.026357173919677734,
      "storage_cost": 0.10473789954337899,
      "vm_cost": 0.055259890743333324,
      "total_cost": 0.21271213812606776,
      "get_latency": 179.55,
      "put_latency": 332.95000000000005,
      "client_placement_info": {
        "0": {
          "Q1": [
            7,
            8
          ],
          "Q2": [
            3,
            5,
            7,
            8
          ],
          "Q3": [
            3,
            5,
            7,
            8
          ],
          "Q4": [
            3,
            5,
            7,
            8
          ],
          "get_cost_on_this_client": 1.6132990519205728e-07,
          "put_cost_on_this_client": 2.121925354003906e-07,
          "get_latency_on_this_client": 325.9,
          "put_latency_on_this_client": 552.0
        },
        "1": {
          "Q1": [
            2,
            7
          ],
          "Q2": [
            2,
            5,
            7,
            8
          ],
          "Q3": [
            2,
            5,
            7,
            8
          ],
          "Q4": [
            2,
            5,
            7,
            8
          ],
          "get_cost_on_this_client": 2.74553894996643e-07,
          "put_cost_on_this_client": 2.74553894996643e-07,
          "get_latency_on_this_client": 343,
          "put_latency_on_this_client": 547
        },
        "2": {
          "Q1": [
            7,
            8
          ],
          "Q2": [
            3,
            5,
            7,
            8
          ],
          "Q3": [
            3,
            5,
            7,
            8
          ],
          "Q4": [
            3,
            5,
            7,
            8
          ],
          "get_cost_on_this_client": 1.5015403429667154e-07,
          "put_cost_on_this_client": 1.6286969184875488e-07,
          "get_latency_on_this_client": 380,
          "put_latency_on_this_client": 594
        },
        "3": {
          "Q1": [
            3,
            5
          ],
          "Q2": [
            3,
            5,
            7,
            8
          ],
          "Q3": [
            3,
            5,
            7,
            8
          ],
          "Q4": [
            3,
            5,
            7,
            8
          ],
          "get_cost_on_this_client": 1.4642874399820963e-07,
          "put_cost_on_this_client": 1.4642874399820963e-07,
          "get_latency_on_this_client": 241.75,
          "put_latency_on_this_client": 394.85
        },
        "4": {
          "Q1": [
            3,
            5
          ],
          "Q2": [
            3,
            5,
            7,
            8
          ],
          "Q3": [
            3,
            5,
            7,
            8
          ],
          "Q4": [
            3,
            5,
            7,
            8
          ],
          "get_cost_on_this_client": 1.4642874399820963e-07,
          "put_cost_on_this_client": 1.4642874399820963e-07,
          "get_latency_on_this_client": 219.66000000000003,
          "put_latency_on_this_client": 360.56000000000006
        },
        "5": {
          "Q1": [
            5,
            8
          ],
          "Q2": [
            3,
            5,
            7,
            8
          ],
          "Q3": [
            3,
            5,
            7,
            8
          ],
          "Q4": [
            3,
            5,
            7,
            8
          ],
          "get_cost_on_this_client": 1.4642874399820963e-07,
          "put_cost_on_this_client": 1.4642874399820963e-07,
          "get_latency_on_this_client": 147.61,
          "put_latency_on_this_client": 237.31
        },
        "6": {
          "Q1": [
            5,
            7
          ],
          "Q2": [
            3,
            5,
            7,
            8
          ],
          "Q3": [
            3,
            5,
            7,
            8
          ],
          "Q4": [
            3,
            5,
            7,
            8
          ],
          "get_cost_on_this_client": 1.4642874399820963e-07,
          "put_cost_on_this_client": 1.4642874399820963e-07,
          "get_latency_on_this_client": 357.2,
          "put_latency_on_this_client": 559.3
        },
        "7": {
          "Q1": [
            7,
            8
          ],
          "Q2": [
            3,
            5,
            7,
            8
          ],
          "Q3": [
            3,
            5,
            7,
            8
          ],
          "Q4": [
            3,
            5,
            7,
            8
          ],
          "get_cost_on_this_client": 1.4642874399820963e-07,
          "put_cost_on_this_client": 1.4642874399820963e-07,
          "get_latency_on_this_client": 179.55,
          "put_latency_on_this_client": 332.95000000000005
        },
        "8": {
          "Q1": [
            7,
            8
          ],
          "Q2": [
            3,
            5,
            7,
            8
          ],
          "Q3": [
            3,
            5,
            7,
            8
          ],
          "Q4": [
            3,
            5,
            7,
            8
          ],
          "get_cost_on_this_client": 1.4642874399820963e-07,
          "put_cost_on_this_client": 1.4642874399820963e-07,
          "get_latency_on_this_client": 167.97000000000003,
          "put_latency_on_this_client": 309.77000000000004
        }
      }
    }
  ],
  "overall_cost": 0.21271213812606776,
  "get_cost": 0.026357173919677734,
  "put_cost": 0.026357173919677734,
  "storage_cost": 0.10473789954337899,
  "vm_cost": 0.055259890743333324,
  "time_period_hrs": 1.0
}