{
  "output": [
    {
      "id": 0,
      "protocol": "cas",
      "m": 6,
      "k": 4,
      "selected_dcs": [
        2,
        3,
        4,
        5,
        7,
        8
      ],
      "get_cost": 0.013276934623718262,
      "put_cost": 0.013276934623718262,
      "storage_cost": 0.09538630136986301,
      "vm_cost": 0.03416849259416666,
      "total_cost": 0.1561086632114662,
      "get_latency": 167.97000000000003,
      "put_latency": 309.77000000000004,
      "client_placement_info": {
        "0": {
          "Q1": [
            7,
            8
          ],
          "Q2": [
            3,
            4,
            5,
            7,
            8
          ],
          "Q3": [
            3,
            4,
            5,
            7,
            8
          ],
          "Q4": [
            3,
            4,
            5,
            7,
            8
          ],
          "get_cost_on_this_client": 1.6614794731140137e-07,
          "put_cost_on_this_client": 2.1383166313171386e-07,
          "get_latency_on_this_client": 325.9,
          "put_latency_on_this_client": 552.0
        },
        "1": {
          "Q1": [
            2,
            7
          ],
          "Q2": [
            2,
            4,
            5,
            7,
            8
          ],
          "Q3": [
            2,
            4,
            5,
            7,
            8
          ],
          "Q4": [
            2,
            4,
            5,
            7,
            8
          ],
          "get_cost_on_this_client": 2.766028046607971e-07,
          "put_cost_on_this_client": 2.766028046607971e-07,
          "get_latency_on_this_client": 416,
          "put_latency_on_this_client": 693
        },
        "2": {
          "Q1": [
            7,
            8
          ],
          "Q2": [
            3,
            4,
            5,
            7,
            8
          ],
          "Q3": [
            3,
            4,
            5,
            7,
            8
          ],
          "Q4": [
            3,
            4,
            5,
            7,
            8
          ],
          "get_cost_on_this_client": 1.521781086921692e-07,
          "put_cost_on_this_client": 1.640990376472473e-07,
          "get_latency_on_this_client": 380,
          "put_latency_on_this_client": 594
        },
        "3": {
          "Q1": [
            3,
            4
          ],
          "Q2": [
            3,
            4,
            5,
            7,
            8
          ],
          "Q3": [
            3,
            4,
            5,
            7,
            8
          ],
          "Q4": [
            3,
            4,
            5,
            7,
            8
          ],
          "get_cost_on_this_client": 1.475214958190918e-07,
          "put_cost_on_this_client": 1.475214958190918e-07,
          "get_latency_on_this_client": 167.89,
          "put_latency_on_this_client": 320.99
        },
        "4": {
          "Q1": [
            3,
            4
          ],
          "Q2": [
            3,
            4,
            5,
            7,
            8
          ],
          "Q3": [
            3,
            4,
            5,
            7,
            8
          ],
          "Q4": [
            3,
            4,
            5,
            7,
            8
          ],
          "get_cost_on_this_client": 1.475214958190918e-07,
          "put_cost_on_this_client": 1.475214958190918e-07,
          "get_latency_on_this_client": 156.11,
          "put_latency_on_this_client": 297.01
        },
        "5": {
          "Q1": [
            5,
            8
          ],
          "Q2": [
            3,
            4,
            5,
            7,
            8
          ],
          "Q3": [
            3,
            4,
            5,
            7,
            8
          ],
          "Q4": [
            3,
            4,
            5,
            7,
            8
          ],
          "get_cost_on_this_client": 1.475214958190918e-07,
          "put_cost_on_this_client": 1.475214958190918e-07,
          "get_latency_on_this_client": 147.61,
          "put_latency_on_this_client": 237.31
        },
        "6": {
          "Q1": [
            5,
            7
          ],
          "Q2": [
            3,
            4,
            5,
            7,
            8
          ],
          "Q3": [
            3,
            4,
            5,
            7,
            8
          ],
          "Q4": [
            3,
            4,
            5,
            7,
            8
          ],
          "get_cost_on_this_client": 1.475214958190918e-07,
          "put_cost_on_this_client": 1.475214958190918e-07,
          "get_latency_on_this_client": 357.2,
          "put_latency_on_this_client": 559.3
        },
        "7": {
          "Q1": [
            7,
            8
          ],
          "Q2": [
            3,
            4,
            5,
            7,
            8
          ],
          "Q3": [
            3,
            4,
            5,
            7,
            8
          ],
          "Q4": [
            3,
            4,
            5,
            7,
            8
          ],
          "get_cost_on_this_client": 1.475214958190918e-07,
          "put_cost_on_this_client": 1.475214958190918e-07,
          "get_latency_on_this_client": 179.55,
          "put_latency_on_this_client": 332.95000000000005
        },
        "8": {
          "Q1": [
            7,
            8
          ],
          "Q2": [
            3,
            4,
            5,
            7,
            8
          ],
          "Q3": [
            3,
            4,
            5,
            7,
            8
          ],
          "Q4": [
            3,
            4,
            5,
            7,
            8
          ],
          "get_cost_on_this_client": 1.475214958190918e-07,
          "put_cost_on_this_client": 1.475214958190918e-07,
          "get_latency_on_this_client": 167.97000000000003,
          "put_latency_on_this_client": 309.77000000000004
        }
      }
    }
  ],
  "overall_cost": 0.1561086632114662,
  "get_cost": 0.013276934623718262,
  "put_cost": 0.013276934623718262,
  "storage_cost": 0.09538630136986301,
  "vm_cost": 0.03416849259416666,
  "time_period_hrs": 1.0
}