{
  "output": [
    {
      "protocol": "replication",
      "m": 3,
      "k": 1,
      "selected_dcs": [
        0,
        3,
        4
      ],
      "get_cost": 0.03567564,
      "put_cost": 0.19491516,
      "storage_cost": 0.00023287671232876718,
      "vm_cost": 0.6592,
      "total_cost": 0.8900236767123288,
      "get_latency": 572.44,
      "put_latency": 858.6600000000001
    },
    {
      "protocol": "cas",
      "m": 5,
      "k": 2,
      "selected_dcs": [
        0,
        1,
        2,
        3,
        4
      ],
      "get_cost": 9.0576792,
      "put_cost": 0.6509808000000002,
      "storage_cost": 3.924657534246576e-05,
      "vm_cost": 1.088,
      "total_cost": 10.796699246575344,
      "get_latency": 572.44,
      "put_latency": 858.6600000000001
    },
    {
      "protocol": "replication",
      "m": 3,
      "k": 1,
      "selected_dcs": [
        0,
        3,
        4
      ],
      "get_cost": 0.41621579999999997,
      "put_cost": 0.2526678,
      "storage_cost": 0.00018630136986301371,
      "vm_cost": 0.6592,
      "total_cost": 1.328269901369863,
      "get_latency": 572.44,
      "put_latency": 858.6600000000001
    }
  ],
  "overall_cost": 13.014992824657535,
  "get_cost": 9.50957064,
  "put_cost": 1.0985637600000002,
  "storage_cost": 0.0004584246575342467,
  "vm_cost": 2.4064,
  "time_period_hrs": 3.0
}