{
  "output": [
    {
      "protocol": "replication",
      "m": 3,
      "k": 1,
      "selected_dcs": [
        0,
        3,
        4
      ],
      "get_cost": 0.03567564,
      "put_cost": 0.19491516,
      "storage_cost": 0.00023287671232876718,
      "vm_cost": 0.6592,
      "total_cost": 0.8900236767123288,
      "get_latency": 572.44,
      "put_latency": 858.6600000000001
    },
    {
      "protocol": "replication",
      "m": 4,
      "k": 1,
      "selected_dcs": [
        0,
        1,
        3,
        4
      ],
      "get_cost": 9.0597204,
      "put_cost": 0.9748836,
      "storage_cost": 6.219178082191781e-05,
      "vm_cost": 0.8896,
      "total_cost": 10.924266191780822,
      "get_latency": 572.44,
      "put_latency": 858.6600000000001
    },
    {
      "protocol": "replication",
      "m": 3,
      "k": 1,
      "selected_dcs": [
        0,
        3,
        4
      ],
      "get_cost": 0.41621579999999997,
      "put_cost": 0.2526678,
      "storage_cost": 0.00018630136986301371,
      "vm_cost": 0.6592,
      "total_cost": 1.328269901369863,
      "get_latency": 572.44,
      "put_latency": 858.6600000000001
    }
  ],
  "overall_cost": 13.142559769863013,
  "get_cost": 9.511611839999999,
  "put_cost": 1.42246656,
  "storage_cost": 0.00048136986301369874,
  "vm_cost": 2.208,
  "time_period_hrs": 3.0
}