{
  "output": [
    {
      "id": 0,
      "protocol": "abd",
      "m": 5,
      "selected_dcs": [
        2,
        3,
        5,
        7,
        8
      ],
      "get_cost": 9.6893310546875,
      "put_cost": 4.8447128385305405,
      "storage_cost": 0.02926343107876712,
      "vm_cost": 0.411946,
      "total_cost": 14.975253324296808,
      "get_latency": 656.2,
      "put_latency": 656.2,
      "client_placement_info": {
        "0": {
          "Q1": [
            2,
            3,
            5
          ],
          "Q2": [
            2,
            3,
            5
          ],
          "get_cost_on_this_client": 4.005432128906251e-05,
          "put_cost_on_this_client": 2.0027356222271922e-05
        },
        "1": {
          "Q1": [
            2,
            3,
            5
          ],
          "Q2": [
            2,
            3,
            5
          ],
          "get_cost_on_this_client": 4.005432128906251e-05,
          "put_cost_on_this_client": 2.0027356222271922e-05
        },
        "2": {
          "Q1": [
            2,
            3,
            5
          ],
          "Q2": [
            2,
            3,
            5
          ],
          "get_cost_on_this_client": 3.24249267578125e-05,
          "put_cost_on_this_client": 1.6212621703743933e-05
        },
        "3": {
          "Q1": [
            2,
            3,
            5
          ],
          "Q2": [
            2,
            3,
            5
          ],
          "get_cost_on_this_client": 3.24249267578125e-05,
          "put_cost_on_this_client": 1.6212621703743933e-05
        },
        "4": {
          "Q1": [
            2,
            3,
            5
          ],
          "Q2": [
            2,
            3,
            5
          ],
          "get_cost_on_this_client": 3.4332275390625e-05,
          "put_cost_on_this_client": 1.716630533337593e-05
        },
        "5": {
          "Q1": [
            5,
            7,
            8
          ],
          "Q2": [
            5,
            7,
            8
          ],
          "get_cost_on_this_client": 5.7220458984375e-06,
          "put_cost_on_this_client": 2.8610508888959887e-06
        },
        "6": {
          "Q1": [
            2,
            3,
            5
          ],
          "Q2": [
            2,
            3,
            5
          ],
          "get_cost_on_this_client": 4.57763671875e-05,
          "put_cost_on_this_client": 2.288840711116791e-05
        },
        "7": {
          "Q1": [
            5,
            7,
            8
          ],
          "Q2": [
            5,
            7,
            8
          ],
          "get_cost_on_this_client": 5.7220458984375e-06,
          "put_cost_on_this_client": 2.8610508888959887e-06
        },
        "8": {
          "Q1": [
            5,
            7,
            8
          ],
          "Q2": [
            5,
            7,
            8
          ],
          "get_cost_on_this_client": 5.7220458984375e-06,
          "put_cost_on_this_client": 2.8610508888959887e-06
        }
      }
    },
    {
      "id": 1,
      "protocol": "abd",
      "m": 5,
      "selected_dcs": [
        2,
        4,
        5,
        7,
        8
      ],
      "get_cost": 16.95632934570312,
      "put_cost": 8.478247467428444,
      "storage_cost": 0.02926343107876712,
      "vm_cost": 0.411946,
      "total_cost": 25.87578624421033,
      "get_latency": 656.2,
      "put_latency": 656.2,
      "client_placement_info": {
        "0": {
          "Q1": [
            2,
            4,
            5
          ],
          "Q2": [
            2,
            4,
            5
          ],
          "get_cost_on_this_client": 4.005432128906251e-05,
          "put_cost_on_this_client": 2.0027356222271922e-05
        },
        "1": {
          "Q1": [
            2,
            4,
            5
          ],
          "Q2": [
            2,
            4,
            5
          ],
          "get_cost_on_this_client": 4.005432128906251e-05,
          "put_cost_on_this_client": 2.0027356222271922e-05
        },
        "2": {
          "Q1": [
            2,
            4,
            5
          ],
          "Q2": [
            2,
            4,
            5
          ],
          "get_cost_on_this_client": 3.24249267578125e-05,
          "put_cost_on_this_client": 1.6212621703743933e-05
        },
        "3": {
          "Q1": [
            2,
            4,
            5
          ],
          "Q2": [
            2,
            4,
            5
          ],
          "get_cost_on_this_client": 3.4332275390625e-05,
          "put_cost_on_this_client": 1.716630533337593e-05
        },
        "4": {
          "Q1": [
            2,
            4,
            5
          ],
          "Q2": [
            2,
            4,
            5
          ],
          "get_cost_on_this_client": 3.24249267578125e-05,
          "put_cost_on_this_client": 1.6212621703743933e-05
        },
        "5": {
          "Q1": [
            5,
            7,
            8
          ],
          "Q2": [
            5,
            7,
            8
          ],
          "get_cost_on_this_client": 5.7220458984375e-06,
          "put_cost_on_this_client": 2.8610508888959887e-06
        },
        "6": {
          "Q1": [
            2,
            4,
            5
          ],
          "Q2": [
            2,
            4,
            5
          ],
          "get_cost_on_this_client": 4.57763671875e-05,
          "put_cost_on_this_client": 2.288840711116791e-05
        },
        "7": {
          "Q1": [
            5,
            7,
            8
          ],
          "Q2": [
            5,
            7,
            8
          ],
          "get_cost_on_this_client": 5.7220458984375e-06,
          "put_cost_on_this_client": 2.8610508888959887e-06
        },
        "8": {
          "Q1": [
            5,
            7,
            8
          ],
          "Q2": [
            5,
            7,
            8
          ],
          "get_cost_on_this_client": 5.7220458984375e-06,
          "put_cost_on_this_client": 2.8610508888959887e-06
        }
      }
    },
    {
      "id": 2,
      "protocol": "abd",
      "m": 5,
      "selected_dcs": [
        2,
        4,
        5,
        7,
        8
      ],
      "get_cost": 24.223327636718743,
      "put_cost": 12.11178209632635,
      "storage_cost": 0.02926343107876712,
      "vm_cost": 0.411946,
      "total_cost": 36.77631916412386,
      "get_latency": 656.2,
      "put_latency": 656.2,
      "client_placement_info": {
        "0": {
          "Q1": [
            2,
            4,
            5
          ],
          "Q2": [
            2,
            4,
            5
          ],
          "get_cost_on_this_client": 4.005432128906251e-05,
          "put_cost_on_this_client": 2.0027356222271922e-05
        },
        "1": {
          "Q1": [
            2,
            4,
            5
          ],
          "Q2": [
            2,
            4,
            5
          ],
          "get_cost_on_this_client": 4.005432128906251e-05,
          "put_cost_on_this_client": 2.0027356222271922e-05
        },
        "2": {
          "Q1": [
            2,
            4,
            5
          ],
          "Q2": [
            2,
            4,
            5
          ],
          "get_cost_on_this_client": 3.24249267578125e-05,
          "put_cost_on_this_client": 1.6212621703743933e-05
        },
        "3": {
          "Q1": [
            2,
            4,
            5
          ],
          "Q2": [
            2,
            4,
            5
          ],
          "get_cost_on_this_client": 3.4332275390625e-05,
          "put_cost_on_this_client": 1.716630533337593e-05
        },
        "4": {
          "Q1": [
            2,
            4,
            5
          ],
          "Q2": [
            2,
            4,
            5
          ],