{
  "output": [
    {
      "id": 0,
      "protocol": "abd",
      "m": 5,
      "selected_dcs": [
        2,
        3,
        5,
        7,
        8
      ],
      "get_cost": 9.6893310546875,
      "put_cost": 4.8447128385305405,
      "storage_cost": 0.02926343107876712,
      "vm_cost": 0.411946,
      "total_cost": 14.975253324296808,
      "get_latency": 656.2,
      "put_latency": 656.2,
      "client_placement_info": {
        "0": {
          "Q1": [
            2,
            3,
            5
          ],
          "Q2": [
            2,
            3,
            5
          ],
          "get_cost_on_this_client": 4.005432128906251e-05,
          "put_cost_on_this_client": 2.0027356222271922e-05
        },
        "1": {
          "Q1": [
            2,
            3,
            5
          ],
          "Q2": [
            2,
            3,
            5
          ],
          "get_cost_on_this_client": 4.005432128906251e-05,
          "put_cost_on_this_client": 2.0027356222271922e-05
        },
        "2": {
          "Q1": [
            2,
            3,
            5
          ],
          "Q2": [
            2,
            3,
            5
          ],
          "get_cost_on_this_client": 3.24249267578125e-05,
          "put_cost_on_this_client": 1.6212621703743933e-05
        },
        "3": {
          "Q1": [
            2,
            3,
            5
          ],
          "Q2": [
            2,
            3,
            5
          ],
          "get_cost_on_this_client": 3.24249267578125e-05,
          "put_cost_on_this_client": 1.6212621703743933e-05
        },
        "4": {
          "Q1": [
            2,
            3,
            5
          ],
          "Q2": [
            2,
            3,
            5
          ],
          "get_cost_on_this_client": 3.4332275390625e-05,
          "put_cost_on_this_client": 1.716630533337593e-05
        },
        "5": {
          "Q1": [
            5,
            7,
            8
          ],
          "Q2": [
            5,
            7,
            8
          ],
          "get_cost_on_this_client": 5.7220458984375e-06,
          "put_cost_on_this_client": 2.8610508888959887e-06
        },
        "6": {
          "Q1": [
            2,
            3,
            5
          ],
          "Q2": [
            2,
            3,
            5
          ],
          "get_cost_on_this_client": 4.57763671875e-05,
          "put_cost_on_this_client": 2.288840711116791e-05
        },
        "7": {
          "Q1": [
            5,
            7,
            8
          ],
          "Q2": [
            5,
            7,
            8
          ],
          "get_cost_on_this_client": 5.7220458984375e-06,
          "put_cost_on_this_client": 2.8610508888959887e-06
        },
        "8": {
          "Q1": [
            5,
            7,
            8
          ],
          "Q2": [
            5,
            7,
            8
          ],
          "get_cost_on_this_client": 5.7220458984375e-06,
          "put_cost_on_this_client": 2.8610508888959887e-06
        }
      }
    },
    {
      "id": 1,
      "protocol": "cas",
      "m": 9,
      "k": 5,
      "selected_dcs": [
        0,
        1,
        2,
        3,
        4,
        5,
        6,
        7,
        8
      ],
      "get_cost": 2.8152767568826675,
      "put_cost": 2.8154142200946812,
      "storage_cost": 0.01139183566994863,
      "vm_cost": 0.7925760000000001,
      "total_cost": 6.434658812647298,
      "get_latency": 603.6,
      "put_latency": 931.7,
      "client_placement_info": {
        "0": {
          "Q1": [
            0,
            1,
            2
          ],
          "Q2": [
            0,
            1,
            2,
            3,
            4,
            5,
            6
          ],
          "Q3": [
            0,
            1,
            2,
            3,
            4,
            5,
            6
          ],
          "Q4": [
            0,
            1,
            2,
            3,
            4,
            5,
            6
          ],
          "get_cost_on_this_client": 8.20170156657696e-06,
          "put_cost_on_this_client": 8.202102035284045e-06
        },
        "1": {
          "Q1": [
            0,
            1,
            2
          ],
          "Q2": [
            0,
            1,
            2,
            3,
            4,
            5,
            6
          ],
          "Q3": [
            0,
            1,
            2,
            3,
            4,
            5,
            6
          ],
          "Q4": [
            0,
            1,
            2,
            3,
            4,
            5,
            6
          ],
          "get_cost_on_this_client": 8.20170156657696e-06,
          "put_cost_on_this_client": 8.202102035284045e-06
        },
        "2": {
          "Q1": [
            0,
            1,
            2
          ],
          "Q2": [
            0,
            1,
            2,
            3,
            4,
            5,
            6
          ],
          "Q3": [
            0,
            1,
            2,
            3,
            4,
            5,
            6
          ],
          "Q4": [
            0,
            1,
            2,
            3,
            4,
            5,
            6
          ],
          "get_cost_on_this_client": 8.20170156657696e-06,
          "put_cost_on_this_client": 8.202102035284045e-06
        },
        "3": {
          "Q1": [
            0,
            3,
            4
          ],
          "Q2": [
            0,
            1,
            2,
            3,
            4,
            5,
            6
          ],
          "Q3": [
            0,
            1,
            2,
            3,
            4,
            5,
            6
          ],
          "Q4": [
            0,
            1,
            2,
            3,
            4,
            5,
            6
          ],
          "get_cost_on_this_client": 8.20170156657696e-06,
          "put_cost_on_this_client": 8.202102035284045e-06
        },
        "4": {
          "Q1": [
            0,
            3,
            4
          ],
          "Q2": [
            0,
            1,
            2,
            3,
            4,
            5,
            6
          ],
          "Q3": [
            0,
            1,
            2,
            3,
            4,
            5,
            6
          ],
          "Q4": [
            0,
            1,
            2,
            3,
            4,
            5,
            6
          ],
          "get_cost_on_this_client": 8.20170156657696e-06,
          "put_cost_on_this_client": 8.202102035284045e-06
        },
        "5": {
          "Q1": [
            5,
            7,
            8
          ],
          "Q2": [
            0,
            1,
            2,
            3,
            5,
            7,
            8
          ],
          "Q3": [
            0,
            1,
            2,
            3,
            5,
            7,
            8
          ],
          "Q4": [
            0,
            1,
            2,
            3,
            5,
            7,
            8
          ],
          "get_cost_on_this_client": 6.675748154520989e-06,
          "put_cost_on_this_client": 6.676074117422105e-06
        },
        "6": {
          "Q1": [
            0,
            1,
            6
          ],
          "Q2": [
            0,
            1,
            2,
            3,
            4,
            5,
            6
          ],
          "Q3": [
            0,
            1,
            2,
            3,
            4,
            5,
            6
          ],
          "Q4": [
            0,
            1,
            2,
            3,
            4,
            5,
            6
          ],
          "get_cost_on_this_client": 9.346166625618935e-06,
          "put_cost_on_this_client": 9.346622973680497e-06
        },