{
  "output": [
    {
      "id": 0,
      "protocol": "cas",
      "m": 8,
      "k": 4,
      "selected_dcs": [
        0,
        1,
        2,
        3,
        5,
        6,
        7,
        8
      ],
      "get_cost": 0.6867527961730959,
      "put_cost": 0.687021017074585,
      "storage_cost": 0.012672110779644693,
      "vm_cost": 0.5071209999999999,
      "total_cost": 1.8935669240273254,
      "get_latency": 590.9,
      "put_latency": 903.8,
      "client_placement_info": {
        "0": {
          "Q1": [
            0,
            1,
            2
          ],
          "Q2": [
            0,
            1,
            2,
            3,
            5,
            6
          ],
          "Q3": [
            0,
            1,
            2,
            3,
            5,
            6
          ],
          "Q4": [
            0,
            1,
            2,
            3,
            5,
            6
          ],
          "get_cost_on_this_client": 8.345674723386766e-07,
          "put_cost_on_this_client": 8.34893435239792e-07,
          "get_latency_on_this_client": 321.5,
          "put_latency_on_this_client": 568.4
        },
        "1": {
          "Q1": [
            0,
            1,
            2
          ],
          "Q2": [
            0,
            1,
            2,
            3,
            5,
            6
          ],
          "Q3": [
            0,
            1,
            2,
            3,
            5,
            6
          ],
          "Q4": [
            0,
            1,
            2,
            3,
            5,
            6
          ],
          "get_cost_on_this_client": 8.345674723386766e-07,
          "put_cost_on_this_client": 8.34893435239792e-07,
          "get_latency_on_this_client": 352.09,
          "put_latency_on_this_client": 629.49
        },
        "2": {
          "Q1": [
            0,
            1,
            2
          ],
          "Q2": [
            0,
            1,
            2,
            3,
            5,
            6
          ],
          "Q3": [
            0,
            1,
            2,
            3,
            5,
            6
          ],
          "Q4": [
            0,
            1,
            2,
            3,
            5,
            6
          ],
          "get_cost_on_this_client": 8.345674723386766e-07,
          "put_cost_on_this_client": 8.34893435239792e-07,
          "get_latency_on_this_client": 385.74,
          "put_latency_on_this_client": 697.44
        },
        "3": {
          "Q1": [
            0,
            1,
            3
          ],
          "Q2": [
            0,
            1,
            2,
            3,
            5,
            6
          ],
          "Q3": [
            0,
            1,
            2,
            3,
            5,
            6
          ],
          "Q4": [
            0,
            1,
            2,
            3,
            5,
            6
          ],
          "get_cost_on_this_client": 9.77674499154091e-07,
          "put_cost_on_this_client": 9.780563414096833e-07,
          "get_latency_on_this_client": 513.0,
          "put_latency_on_this_client": 769.5
        },
        "4": {
          "Q1": [
            0,
            1,
            3
          ],
          "Q2": [
            0,
            1,
            2,
            3,
            5,
            6
          ],
          "Q3": [
            0,
            1,
            2,
            3,
            5,
            6
          ],
          "Q4": [
            0,
            1,
            2,
            3,
            5,
            6
          ],
          "get_cost_on_this_client": 1.0015256702899934e-06,
          "put_cost_on_this_client": 1.0019168257713317e-06,
          "get_latency_on_this_client": 507.6,
          "put_latency_on_this_client": 761.4000000000001
        },
        "5": {
          "Q1": [
            5,
            7,
            8
          ],
          "Q2": [
            0,
            1,
            2,
            5,
            7,
            8
          ],
          "Q3": [
            0,
            1,
            2,
            5,
            7,
            8
          ],
          "Q4": [
            0,
            1,
            2,
            5,
            7,
            8
          ],
          "get_cost_on_this_client": 6.437581032514572e-07,
          "put_cost_on_this_client": 6.440095603466034e-07,
          "get_latency_on_this_client": 277.56,
          "put_latency_on_this_client": 486.86
        },
        "6": {
          "Q1": [
            0,
            1,
            6
          ],
          "Q2": [
            0,
            1,
            2,
            3,
            5,
            6
          ],
          "Q3": [
            0,
            1,
            2,
            3,
            5,
            6
          ],
          "Q4": [
            0,
            1,
            2,
            3,
            5,
            6
          ],
          "get_cost_on_this_client": 9.77674499154091e-07,
          "put_cost_on_this_client": 9.780563414096833e-07,
          "get_latency_on_this_client": 590.9,
          "put_latency_on_this_client": 903.8
        },
        "7": {
          "Q1": [
            5,
            7,
            8
          ],
          "Q2": [
            0,
            1,
            2,
            5,
            7,
            8
          ],
          "Q3": [
            0,
            1,
            2,
            5,
            7,
            8
          ],
          "Q4": [
            0,
            1,
            2,
            5,
            7,
            8
          ],
          "get_cost_on_this_client": 6.437581032514572e-07,
          "put_cost_on_this_client": 6.440095603466034e-07,
          "get_latency_on_this_client": 236.81,
          "put_latency_on_this_client": 406.90999999999997
        },
        "8": {
          "Q1": [
            5,
            7,
            8
          ],
          "Q2": [
            0,
            1,
            2,
            5,
            7,
            8
          ],
          "Q3": [
            0,
            1,
            2,
            5,
            7,
            8
          ],
          "Q4": [
            0,
            1,
            2,
            5,
            7,
            8
          ],
          "get_cost_on_this_client": 6.437581032514572e-07,
          "put_cost_on_this_client": 6.440095603466034e-07,
          "get_latency_on_this_client": 230.5,
          "put_latency_on_this_client": 400.1
        }
      }
    },
    {
      "id": 1,
      "protocol": "cas",
      "m": 8,
      "k": 4,
      "selected_dcs": [
        0,
        1,
        2,
        3,
        5,
        6,
        7,
        8
      ],
      "get_cost": 0.13735055923461917,
      "put_cost": 1.236637830734253,
      "storage_cost": 0.012672110779644693,
      "vm_cost": 0.5071209999999999,
      "total_cost": 1.8937815007485166,
      "get_latency": 590.9,
      "put_latency": 903.8,
      "client_placement_info": {
        "0": {
          "Q1": [
            0,
            1,
            2
          ],
          "Q2": [
            0,
            1,
            2,
            3,
            5,
            6
          ],
          "Q3": [
            0,
            1,
            2,
            3,
            5,
            6
          ],
          "Q4": [
            0,
            1,
            2,
            3,
            5,
            6
          ],
          "get_cost_on_this_client": 8.345674723386766e-07,
          "put_cost_on_this_client": 8.34893435239792e-07,
          "get_latency_on_this_client": 321.5,
          "put_latency_on_this_client": 568.4
        },
        "1": {
          "Q1": [
            0,
            1,
            2
          ],
          "Q2": [
            0,
            1,
            2,
            3,
            5,
            6
          ],