{
  "output": [
    {
      "id": 0,
      "protocol": "cas",
      "m": 9,
      "k": 7,
      "selected_dcs": [
        0,
        1,
        2,
        3,
        4,
        5,
        6,
        7,
        8
      ],
      "get_cost": 2.896501833839076,
      "put_cost": 0.09582670671599251,
      "storage_cost": 0.008571428571428572,
      "vm_cost": 0.5469690926166666,
      "total_cost": 3.5478690617431634,
      "get_latency": 382.58,
      "put_latency": 671.5799999999999,
      "client_placement_info": {
        "0": {
          "Q1": [
            7,
            8
          ],
          "Q2": [
            0,
            2,
            3,
            4,
            5,
            6,
            7,
            8
          ],
          "Q3": [
            0,
            2,
            3,
            4,
            5,
            6,
            7,
            8
          ],
          "Q4": [
            0,
            2,
            3,
            4,
            5,
            6,
            7,
            8
          ],
          "get_cost_on_this_client": 9.549515587942941e-07,
          "put_cost_on_this_client": 1.4122043337140765e-06,
          "get_latency_on_this_client": 353.0,
          "put_latency_on_this_client": 606.2
        },
        "1": {
          "Q1": [
            1,
            2
          ],
          "Q2": [
            0,
            1,
            2,
            3,
            4,
            5,
            7,
            8
          ],
          "Q3": [
            0,
            1,
            2,
            3,
            4,
            5,
            7,
            8
          ],
          "Q4": [
            0,
            1,
            2,
            3,
            4,
            5,
            7,
            8
          ],
          "get_cost_on_this_client": 1.6628099339348928e-06,
          "put_cost_on_this_client": 1.7745686428887503e-06,
          "get_latency_on_this_client": 382.58,
          "put_latency_on_this_client": 671.5799999999999
        },
        "2": {
          "Q1": [
            7,
            8
          ],
          "Q2": [
            0,
            2,
            3,
            4,
            5,
            6,
            7,
            8
          ],
          "Q3": [
            0,
            2,
            3,
            4,
            5,
            6,
            7,
            8
          ],
          "Q4": [
            0,
            2,
            3,
            4,
            5,
            6,
            7,
            8
          ],
          "get_cost_on_this_client": 9.549515587942941e-07,
          "put_cost_on_this_client": 1.0628785405840192e-06,
          "get_latency_on_this_client": 485.3,
          "put_latency_on_this_client": 804.6
        },
        "3": {
          "Q1": [
            3,
            4
          ],
          "Q2": [
            0,
            2,
            3,
            4,
            5,
            6,
            7,
            8
          ],
          "Q3": [
            0,
            2,
            3,
            4,
            5,
            6,
            7,
            8
          ],
          "Q4": [
            0,
            2,
            3,
            4,
            5,
            6,
            7,
            8
          ],
          "get_cost_on_this_client": 9.549515587942941e-07,
          "put_cost_on_this_client": 9.464366095406669e-07,
          "get_latency_on_this_client": 243.79,
          "put_latency_on_this_client": 472.78999999999996
        },
        "4": {
          "Q1": [
            3,
            4
          ],
          "Q2": [
            0,
            2,
            3,
            4,
            5,
            6,
            7,
            8
          ],
          "Q3": [
            0,
            2,
            3,
            4,
            5,
            6,
            7,
            8
          ],
          "Q4": [
            0,
            2,
            3,
            4,
            5,
            6,
            7,
            8
          ],
          "get_cost_on_this_client": 9.549515587942941e-07,
          "put_cost_on_this_client": 9.464366095406669e-07,
          "get_latency_on_this_client": 237.21,
          "put_latency_on_this_client": 459.21000000000004
        },
        "5": {
          "Q1": [
            5,
            8
          ],
          "Q2": [
            0,
            2,
            3,
            4,
            5,
            6,
            7,
            8
          ],
          "Q3": [
            0,
            2,
            3,
            4,
            5,
            6,
            7,
            8
          ],
          "Q4": [
            0,
            2,
            3,
            4,
            5,
            6,
            7,
            8
          ],
          "get_cost_on_this_client": 9.549515587942941e-07,
          "put_cost_on_this_client": 9.464366095406669e-07,
          "get_latency_on_this_client": 271.90999999999997,
          "put_latency_on_this_client": 485.90999999999997
        },
        "6": {
          "Q1": [
            5,
            6
          ],
          "Q2": [
            0,
            2,
            3,
            4,
            5,
            6,
            7,
            8
          ],
          "Q3": [
            0,
            2,
            3,
            4,
            5,
            6,
            7,
            8
          ],
          "Q4": [
            0,
            2,
            3,
            4,
            5,
            6,
            7,
            8
          ],
          "get_cost_on_this_client": 9.549515587942941e-07,
          "put_cost_on_this_client": 9.464366095406669e-07,
          "get_latency_on_this_client": 433.90000000000003,
          "put_latency_on_this_client": 751.0
        },
        "7": {
          "Q1": [
            7,
            8
          ],
          "Q2": [
            0,
            2,
            3,
            4,
            5,
            6,
            7,
            8
          ],
          "Q3": [
            0,
            2,
            3,
            4,
            5,
            6,
            7,
            8
          ],
          "Q4": [
            0,
            2,
            3,
            4,
            5,
            6,
            7,
            8
          ],
          "get_cost_on_this_client": 9.549515587942941e-07,
          "put_cost_on_this_client": 9.464366095406669e-07,
          "get_latency_on_this_client": 206.05,
          "put_latency_on_this_client": 385.95000000000005
        },
        "8": {
          "Q1": [
            7,
            8
          ],
          "Q2": [
            0,
            2,
            3,
            4,
            5,
            6,
            7,
            8
          ],
          "Q3": [
            0,
            2,
            3,
            4,
            5,
            6,
            7,
            8
          ],
          "Q4": [
            0,
            2,
            3,
            4,
            5,
            6,
            7,
            8
          ],
          "get_cost_on_this_client": 9.549515587942941e-07,
          "put_cost_on_this_client": 9.464366095406669e-07,
          "get_latency_on_this_client": 199.07,
          "put_latency_on_this_client": 371.97
        }
      }
    }
  ],
  "overall_cost": 3.5478690617431634,
  "get_cost": 2.896501833839076,
  "put_cost": 0.09582670671599251,
  "storage_cost": 0.008571428571428572,
  "vm_cost": 0.5469690926166666,
  "time_period_hrs": 1.0
}