{
  "output": [
    {
      "id": 0,
      "protocol": "cas",
      "m": 6,
      "k": 4,
      "selected_dcs": [
        0,
        1,
        2,
        5,
        7,
        8
      ],
      "get_cost": 0.4478073678910732,
      "put_cost": 0.4489760147407651,
      "storage_cost": 0.0009210142370772688,
      "vm_cost": 0.12384986111666667,
      "total_cost": 1.0215542579855823,
      "get_latency": 634.2,
      "put_latency": 951.3000000000001,
      "client_placement_info": {
        "0": {
          "Q1": [
            0,
            2,
            5
          ],
          "Q2": [
            0,
            2,
            5,
            7,
            8
          ],
          "Q3": [
            0,
            2,
            5,
            7
          ],
          "Q4": [
            0,
            2,
            5,
            7,
            8
          ],
          "get_cost_on_this_client": 7.166899740695954e-07,
          "put_cost_on_this_client": 7.189437747001649e-07,
          "get_latency_on_this_client": 296.2,
          "put_latency_on_this_client": 444.29999999999995
        },
        "1": {
          "Q1": [
            0,
            1,
            2
          ],
          "Q2": [
            0,
            1,
            2,
            5,
            7
          ],
          "Q3": [
            0,
            1,
            2,
            5
          ],
          "Q4": [
            0,
            1,
            2,
            5,
            7
          ],
          "get_cost_on_this_client": 1.45752914249897e-06,
          "put_cost_on_this_client": 1.4622416347265243e-06,
          "get_latency_on_this_client": 319.1,
          "put_latency_on_this_client": 523.1
        },
        "2": {
          "Q1": [
            0,
            2,
            5
          ],
          "Q2": [
            0,
            2,
            5,
            7,
            8
          ],
          "Q3": [
            0,
            2,
            5,
            7
          ],
          "Q4": [
            0,
            2,
            5,
            7,
            8
          ],
          "get_cost_on_this_client": 7.166899740695954e-07,
          "put_cost_on_this_client": 7.189437747001649e-07,
          "get_latency_on_this_client": 428,
          "put_latency_on_this_client": 642
        },
        "3": {
          "Q1": [
            0,
            2,
            5
          ],
          "Q2": [
            0,
            2,
            5,
            7,
            8
          ],
          "Q3": [
            0,
            2,
            5,
            7
          ],
          "Q4": [
            0,
            2,
            5,
            7,
            8
          ],
          "get_cost_on_this_client": 9.56133008003235e-07,
          "put_cost_on_this_client": 9.594112634658814e-07,
          "get_latency_on_this_client": 458,
          "put_latency_on_this_client": 687
        },
        "4": {
          "Q1": [
            0,
            2,
            5
          ],
          "Q2": [
            0,
            2,
            5,
            7,
            8
          ],
          "Q3": [
            0,
            2,
            5,
            7
          ],
          "Q4": [
            0,
            2,
            5,
            7,
            8
          ],
          "get_cost_on_this_client": 9.56133008003235e-07,
          "put_cost_on_this_client": 9.594112634658814e-07,
          "get_latency_on_this_client": 444,
          "put_latency_on_this_client": 666
        },
        "5": {
          "Q1": [
            5,
            7,
            8
          ],
          "Q2": [
            0,
            2,
            5,
            7,
            8
          ],
          "Q3": [
            0,
            5,
            7,
            8
          ],
          "Q4": [
            0,
            2,
            5,
            7,
            8
          ],
          "get_cost_on_this_client": 4.533026367425918e-07,
          "put_cost_on_this_client": 4.544295370578766e-07,
          "get_latency_on_this_client": 281.99,
          "put_latency_on_this_client": 427.99
        },
        "6": {
          "Q1": [
            0,
            2,
            5
          ],
          "Q2": [
            0,
            2,
            5,
            7,
            8
          ],
          "Q3": [
            0,
            2,
            5,
            7
          ],
          "Q4": [
            0,
            2,
            5,
            7,
            8
          ],
          "get_cost_on_this_client": 9.56133008003235e-07,
          "put_cost_on_this_client": 9.594112634658814e-07,
          "get_latency_on_this_client": 634.2,
          "put_latency_on_this_client": 951.3000000000001
        },
        "7": {
          "Q1": [
            5,
            7,
            8
          ],
          "Q2": [
            0,
            2,
            5,
            7,
            8
          ],
          "Q3": [
            0,
            5,
            7,
            8
          ],
          "Q4": [
            0,
            2,
            5,
            7,
            8
          ],
          "get_cost_on_this_client": 4.533026367425918e-07,
          "put_cost_on_this_client": 4.544295370578766e-07,
          "get_latency_on_this_client": 247.35000000000002,
          "put_latency_on_this_client": 348.55
        },
        "8": {
          "Q1": [
            5,
            7,
            8
          ],
          "Q2": [
            0,
            2,
            5,
            7,
            8
          ],
          "Q3": [
            0,
            5,
            7,
            8
          ],
          "Q4": [
            0,
            2,
            5,
            7,
            8
          ],
          "get_cost_on_this_client": 4.533026367425918e-07,
          "put_cost_on_this_client": 4.544295370578766e-07,
          "get_latency_on_this_client": 223.24,
          "put_latency_on_this_client": 318.2
        }
      }
    }
  ],
  "overall_cost": 1.0215542579855823,
  "get_cost": 0.4478073678910732,
  "put_cost": 0.4489760147407651,
  "storage_cost": 0.0009210142370772688,
  "vm_cost": 0.12384986111666667,
  "time_period_hrs": 1.0
}