{
  "output": [
    {
      "id": 8,
      "protocol": "abd",
      "m": 3,
      "selected_dcs": [
        5,
        7,
        8
      ],
      "get_cost": 0.00022798776626586914,
      "put_cost": 0.00023938715457916262,
      "storage_cost": 1.6840353404005913e-06,
      "vm_cost": 0.02297888889,
      "total_cost": 0.02344794784618543,
      "get_latency": 408,
      "put_latency": 408,
      "client_placement_info": {
        "0": {
          "Q1": [
            5,
            7
          ],
          "Q2": [
            5,
            7
          ],
          "get_cost_on_this_client": 2.9802322387695314e-09,
          "put_cost_on_this_client": 3.129243850708008e-09,
          "get_latency_on_this_client": 296.2,
          "put_latency_on_this_client": 296.2
        },
        "1": {
          "Q1": [
            5,
            7
          ],
          "Q2": [
            5,
            7
          ],
          "get_cost_on_this_client": 5.587935447692871e-09,
          "put_cost_on_this_client": 5.8673322200775145e-09,
          "get_latency_on_this_client": 408,
          "put_latency_on_this_client": 408
        },
        "2": {
          "Q1": [
            5,
            7
          ],
          "Q2": [
            5,
            7
          ],
          "get_cost_on_this_client": 2.9802322387695314e-09,
          "put_cost_on_this_client": 3.129243850708008e-09,
          "get_latency_on_this_client": 428,
          "put_latency_on_this_client": 428
        },
        "3": {
          "Q1": [
            5,
            7
          ],
          "Q2": [
            5,
            7
          ],
          "get_cost_on_this_client": 2.9802322387695314e-09,
          "put_cost_on_this_client": 3.129243850708008e-09,
          "get_latency_on_this_client": 306.2,
          "put_latency_on_this_client": 306.2
        },
        "4": {
          "Q1": [
            5,
            7
          ],
          "Q2": [
            5,
            7
          ],
          "get_cost_on_this_client": 2.9802322387695314e-09,
          "put_cost_on_this_client": 3.129243850708008e-09,
          "get_latency_on_this_client": 281.8,
          "put_latency_on_this_client": 281.8
        },
        "5": {
          "Q1": [
            5,
            7
          ],
          "Q2": [
            5,
            7
          ],
          "get_cost_on_this_client": 3.7252902984619143e-10,
          "put_cost_on_this_client": 3.91155481338501e-10,
          "get_latency_on_this_client": 135.98,
          "put_latency_on_this_client": 135.98
        },
        "6": {
          "Q1": [
            5,
            7
          ],
          "Q2": [
            5,
            7
          ],
          "get_cost_on_this_client": 2.9802322387695314e-09,
          "put_cost_on_this_client": 3.129243850708008e-09,
          "get_latency_on_this_client": 310.2,
          "put_latency_on_this_client": 310.2
        },
        "7": {
          "Q1": [
            5,
            7
          ],
          "Q2": [
            5,
            7
          ],
          "get_cost_on_this_client": 3.7252902984619143e-10,
          "put_cost_on_this_client": 3.91155481338501e-10,
          "get_latency_on_this_client": 134.9,
          "put_latency_on_this_client": 134.9
        },
        "8": {
          "Q1": [
            5,
            7
          ],
          "Q2": [
            5,
            7
          ],
          "get_cost_on_this_client": 3.7252902984619143e-10,
          "put_cost_on_this_client": 3.91155481338501e-10,
          "get_latency_on_this_client": 116.68,
          "put_latency_on_this_client": 116.68
        }
      }
    }
  ],
  "overall_cost": 0.02344794784618543,
  "get_cost": 0.00022798776626586914,
  "put_cost": 0.00023938715457916262,
  "storage_cost": 1.6840353404005913e-06,
  "vm_cost": 0.02297888889,
  "time_period_hrs": 1.0
}