{
  "output": [
    {
      "id": 0,
      "protocol": "replication",
      "m": 6,
      "k": 1,
      "selected_dcs": [
        1,
        2,
        5,
        6,
        7,
        8
      ],
      "get_cost": 1.161365071311593,
      "put_cost": 0.2719043497927487,
      "storage_cost": 0.003788569202161815,
      "vm_cost": 0.08955183611500002,
      "total_cost": 1.5266098264215036,
      "get_latency": 327.1,
      "put_latency": 482.2,
      "client_placement_info": {
        "0": {
          "Q1": [
            2,
            7,
            8
          ],
          "Q2": [
            2,
            7,
            8
          ],
          "Q3": [
            1,
            2,
            7,
            8
          ],
          "Q4": [
            1,
            2,
            7,
            8
          ],
          "get_cost_on_this_client": 3.4353788942098614e-06,
          "put_cost_on_this_client": 2.008555456995964e-06,
          "get_latency_on_this_client": 214.8,
          "put_latency_on_this_client": 314.6
        },
        "1": {
          "Q1": [
            1,
            2,
            7
          ],
          "Q2": [
            1,
            2,
            7
          ],
          "Q3": [
            1,
            2,
            7,
            8
          ],
          "Q4": [
            1,
            2,
            7,
            8
          ],
          "get_cost_on_this_client": 4.390077665448188e-06,
          "put_cost_on_this_client": 2.964278683066368e-06,
          "get_latency_on_this_client": 301,
          "put_latency_on_this_client": 440
        },
        "2": {
          "Q1": [
            1,
            2,
            7
          ],
          "Q2": [
            1,
            2,
            7
          ],
          "Q3": [
            1,
            2,
            7,
            8
          ],
          "Q4": [
            1,
            2,
            7,
            8
          ],
          "get_cost_on_this_client": 3.054216504096985e-06,
          "put_cost_on_this_client": 2.294555306434631e-06,
          "get_latency_on_this_client": 330.8,
          "put_latency_on_this_client": 495.6
        },
        "3": {
          "Q1": [
            5,
            7,
            8
          ],
          "Q2": [
            5,
            7,
            8
          ],
          "Q3": [
            2,
            5,
            7,
            8
          ],
          "Q4": [
            2,
            5,
            7,
            8
          ],
          "get_cost_on_this_client": 3.054216504096985e-06,
          "put_cost_on_this_client": 2.294555306434631e-06,
          "get_latency_on_this_client": 353.7,
          "put_latency_on_this_client": 506.79999999999995
        },
        "4": {
          "Q1": [
            5,
            7,
            8
          ],
          "Q2": [
            5,
            7,
            8
          ],
          "Q3": [
            5,
            6,
            7,
            8
          ],
          "Q4": [
            5,
            6,
            7,
            8
          ],
          "get_cost_on_this_client": 3.054216504096985e-06,
          "put_cost_on_this_client": 2.294555306434631e-06,
          "get_latency_on_this_client": 333.0,
          "put_latency_on_this_client": 473.9
        },
        "5": {
          "Q1": [
            5,
            7,
            8
          ],
          "Q2": [
            5,
            7,
            8
          ],
          "Q3": [
            5,
            6,
            7,
            8
          ],
          "Q4": [
            5,
            6,
            7,
            8
          ],
          "get_cost_on_this_client": 1.0493490844964981e-06,
          "put_cost_on_this_client": 2.8753653168678285e-07,
          "get_latency_on_this_client": 184.08999999999997,
          "put_latency_on_this_client": 252.07999999999998
        },
        "6": {
          "Q1": [
            5,
            6,
            7
          ],
          "Q2": [
            5,
            6,
            7
          ],
          "Q3": [
            5,
            6,
            7,
            8
          ],
          "Q4": [
            5,
            6,
            7,
            8
          ],
          "get_cost_on_this_client": 2.385927364230156e-06,
          "put_cost_on_this_client": 1.6255490481853482e-06,
          "get_latency_on_this_client": 327.1,
          "put_latency_on_this_client": 482.2
        },
        "7": {
          "Q1": [
            5,
            7,
            8
          ],
          "Q2": [
            5,
            7,
            8
          ],
          "Q3": [
            1,
            5,
            7,
            8
          ],
          "Q4": [
            1,
            5,
            7,
            8
          ],
          "get_cost_on_this_client": 1.7169211059808729e-06,
          "put_cost_on_this_client": 2.8825365006923675e-07,
          "get_latency_on_this_client": 206.55,
          "put_latency_on_this_client": 274.0
        },
        "8": {
          "Q1": [
            5,
            7,
            8
          ],
          "Q2": [
            5,
            7,
            8
          ],
          "Q3": [
            1,
            5,
            7,
            8
          ],
          "Q4": [
            1,
            5,
            7,
            8
          ],
          "get_cost_on_this_client": 1.7169211059808729e-06,
          "put_cost_on_this_client": 2.8825365006923675e-07,
          "get_latency_on_this_client": 222.44,
          "put_latency_on_this_client": 280.78
        }
      }
    }
  ],
  "overall_cost": 1.5266098264215036,
  "get_cost": 1.161365071311593,
  "put_cost": 0.2719043497927487,
  "storage_cost": 0.003788569202161815,
  "vm_cost": 0.08955183611500002,
  "time_period_hrs": 1.0
}