{
  "output": [
    {
      "id": 0,
      "protocol": "cas",
      "m": 6,
      "k": 4,
      "selected_dcs": [
        1,
        3,
        4,
        5,
        7,
        8
      ],
      "get_cost": 0.09765770286321641,
      "put_cost": 0.8816687576472756,
      "storage_cost": 0.0009210142370772688,
      "vm_cost": 0.08722841944833336,
      "total_cost": 1.0674758941959026,
      "get_latency": 578,
      "put_latency": 867,
      "client_placement_info": {
        "0": {
          "Q1": [
            3,
            4,
            5
          ],
          "Q2": [
            3,
            4,
            5,
            7,
            8
          ],
          "Q3": [
            3,
            4,
            5,
            7
          ],
          "Q4": [
            3,
            4,
            5,
            7,
            8
          ],
          "get_cost_on_this_client": 9.56133008003235e-07,
          "put_cost_on_this_client": 9.594112634658814e-07,
          "get_latency_on_this_client": 452.2,
          "put_latency_on_this_client": 678.3
        },
        "1": {
          "Q1": [
            1,
            3,
            4
          ],
          "Q2": [
            1,
            3,
            4,
            5,
            7
          ],
          "Q3": [
            1,
            3,
            4,
            5
          ],
          "Q4": [
            1,
            3,
            4,
            5,
            7
          ],
          "get_cost_on_this_client": 1.45752914249897e-06,
          "put_cost_on_this_client": 1.4622416347265243e-06,
          "get_latency_on_this_client": 578,
          "put_latency_on_this_client": 867
        },
        "2": {
          "Q1": [
            3,
            4,
            5
          ],
          "Q2": [
            3,
            4,
            5,
            7,
            8
          ],
          "Q3": [
            3,
            4,
            5,
            7
          ],
          "Q4": [
            3,
            4,
            5,
            7,
            8
          ],
          "get_cost_on_this_client": 9.56133008003235e-07,
          "put_cost_on_this_client": 9.594112634658814e-07,
          "get_latency_on_this_client": 428,
          "put_latency_on_this_client": 642
        },
        "3": {
          "Q1": [
            3,
            4,
            5
          ],
          "Q2": [
            3,
            4,
            5,
            7,
            8
          ],
          "Q3": [
            3,
            4,
            5,
            7
          ],
          "Q4": [
            3,
            4,
            5,
            7,
            8
          ],
          "get_cost_on_this_client": 6.448570638895036e-07,
          "put_cost_on_this_client": 6.468035280704498e-07,
          "get_latency_on_this_client": 241.75,
          "put_latency_on_this_client": 394.85
        },
        "4": {
          "Q1": [
            3,
            4,
            5
          ],
          "Q2": [
            3,
            4,
            5,
            7,
            8
          ],
          "Q3": [
            3,
            4,
            5,
            7
          ],
          "Q4": [
            3,
            4,
            5,
            7,
            8
          ],
          "get_cost_on_this_client": 6.448570638895036e-07,
          "put_cost_on_this_client": 6.468035280704498e-07,
          "get_latency_on_this_client": 219.66000000000003,
          "put_latency_on_this_client": 360.56000000000006
        },
        "5": {
          "Q1": [
            5,
            7,
            8
          ],
          "Q2": [
            3,
            4,
            5,
            7,
            8
          ],
          "Q3": [
            3,
            5,
            7,
            8
          ],
          "Q4": [
            3,
            4,
            5,
            7,
            8
          ],
          "get_cost_on_this_client": 4.533026367425918e-07,
          "put_cost_on_this_client": 4.544295370578766e-07,
          "get_latency_on_this_client": 157.69,
          "put_latency_on_this_client": 247.39
        },
        "6": {
          "Q1": [
            3,
            4,
            5
          ],
          "Q2": [
            3,
            4,
            5,
            7,
            8
          ],
          "Q3": [
            3,
            4,
            5,
            7
          ],
          "Q4": [
            3,
            4,
            5,
            7,
            8
          ],
          "get_cost_on_this_client": 9.56133008003235e-07,
          "put_cost_on_this_client": 9.594112634658814e-07,
          "get_latency_on_this_client": 404.2,
          "put_latency_on_this_client": 606.3
        },
        "7": {
          "Q1": [
            5,
            7,
            8
          ],
          "Q2": [
            3,
            4,
            5,
            7,
            8
          ],
          "Q3": [
            3,
            5,
            7,
            8
          ],
          "Q4": [
            3,
            4,
            5,
            7,
            8
          ],
          "get_cost_on_this_client": 4.533026367425918e-07,
          "put_cost_on_this_client": 4.544295370578766e-07,
          "get_latency_on_this_client": 220.85000000000002,
          "put_latency_on_this_client": 374.25
        },
        "8": {
          "Q1": [
            5,
            7,
            8
          ],
          "Q2": [
            3,
            4,
            5,
            7,
            8
          ],
          "Q3": [
            3,
            5,
            7,
            8
          ],
          "Q4": [
            3,
            4,
            5,
            7,
            8
          ],
          "get_cost_on_this_client": 4.533026367425918e-07,
          "put_cost_on_this_client": 4.544295370578766e-07,
          "get_latency_on_this_client": 200.14000000000001,
          "put_latency_on_this_client": 341.94000000000005
        }
      }
    }
  ],
  "overall_cost": 1.0674758941959026,
  "get_cost": 0.09765770286321641,
  "put_cost": 0.8816687576472756,
  "storage_cost": 0.0009210142370772688,
  "vm_cost": 0.08722841944833336,
  "time_period_hrs": 1.0
}