{
  "output": [
    {
      "id": 0,
      "protocol": "cas",
      "m": 6,
      "k": 4,
      "selected_dcs": [
        0,
        2,
        3,
        5,
        7,
        8
      ],
      "get_cost": 0.03215620759874582,
      "put_cost": 0.03299684962257743,
      "storage_cost": 9.014181894798801e-05,
      "vm_cost": 0.08544936944833335,
      "total_cost": 0.1506925684886046,
      "get_latency": 634.2,
      "put_latency": 951.3000000000001,
      "client_placement_info": {
        "0": {
          "Q1": [
            0,
            2,
            3
          ],
          "Q2": [
            0,
            2,
            3,
            5,
            7
          ],
          "Q3": [
            0,
            2,
            3,
            5
          ],
          "Q4": [
            0,
            2,
            3,
            5,
            7
          ],
          "get_cost_on_this_client": 7.29598104953766e-08,
          "put_cost_on_this_client": 7.521361112594605e-08,
          "get_latency_on_this_client": 452.2,
          "put_latency_on_this_client": 678.3
        },
        "1": {
          "Q1": [
            0,
            2,
            3
          ],
          "Q2": [
            0,
            2,
            3,
            5,
            7
          ],
          "Q3": [
            0,
            2,
            3,
            5
          ],
          "Q4": [
            0,
            2,
            3,
            5,
            7
          ],
          "get_cost_on_this_client": 1.8342398107051848e-07,
          "put_cost_on_this_client": 1.8957071006298066e-07,
          "get_latency_on_this_client": 578,
          "put_latency_on_this_client": 867
        },
        "2": {
          "Q1": [
            0,
            2,
            3
          ],
          "Q2": [
            0,
            2,
            3,
            5,
            7
          ],
          "Q3": [
            0,
            2,
            3,
            5
          ],
          "Q4": [
            0,
            2,
            3,
            5,
            7
          ],
          "get_cost_on_this_client": 7.29598104953766e-08,
          "put_cost_on_this_client": 7.521361112594605e-08,
          "get_latency_on_this_client": 416,
          "put_latency_on_this_client": 630
        },
        "3": {
          "Q1": [
            0,
            2,
            3
          ],
          "Q2": [
            0,
            2,
            3,
            5,
            7
          ],
          "Q3": [
            0,
            2,
            3,
            5
          ],
          "Q4": [
            0,
            2,
            3,
            5,
            7
          ],
          "get_cost_on_this_client": 8.041970431804658e-08,
          "put_cost_on_this_client": 8.298084139823914e-08,
          "get_latency_on_this_client": 458,
          "put_latency_on_this_client": 687
        },
        "4": {
          "Q1": [
            0,
            2,
            3
          ],
          "Q2": [
            0,
            2,
            3,
            5,
            7
          ],
          "Q3": [
            0,
            2,
            3,
            5
          ],
          "Q4": [
            0,
            2,
            3,
            5,
            7
          ],
          "get_cost_on_this_client": 8.290633559226991e-08,
          "put_cost_on_this_client": 8.556991815567018e-08,
          "get_latency_on_this_client": 444,
          "put_latency_on_this_client": 666
        },
        "5": {
          "Q1": [
            5,
            7,
            8
          ],
          "Q2": [
            0,
            2,
            5,
            7,
            8
          ],
          "Q3": [
            0,
            5,
            7,
            8
          ],
          "Q4": [
            0,
            2,
            5,
            7,
            8
          ],
          "get_cost_on_this_client": 4.560686647891998e-08,
          "put_cost_on_this_client": 4.673376679420471e-08,
          "get_latency_on_this_client": 281.99,
          "put_latency_on_this_client": 427.99
        },
        "6": {
          "Q1": [
            0,
            2,
            3
          ],
          "Q2": [
            0,
            2,
            3,
            5,
            7
          ],
          "Q3": [
            0,
            2,
            3,
            5
          ],
          "Q4": [
            0,
            2,
            3,
            5,
            7
          ],
          "get_cost_on_this_client": 9.782612323760987e-08,
          "put_cost_on_this_client": 1.0110437870025635e-07,
          "get_latency_on_this_client": 634.2,
          "put_latency_on_this_client": 951.3000000000001
        },
        "7": {
          "Q1": [
            5,
            7,
            8
          ],
          "Q2": [
            0,
            2,
            5,
            7,
            8
          ],
          "Q3": [
            0,
            5,
            7,
            8
          ],
          "Q4": [
            0,
            2,
            5,
            7,
            8
          ],
          "get_cost_on_this_client": 4.560686647891998e-08,
          "put_cost_on_this_client": 4.673376679420471e-08,
          "get_latency_on_this_client": 247.35000000000002,
          "put_latency_on_this_client": 348.55
        },
        "8": {
          "Q1": [
            5,
            7,
            8
          ],
          "Q2": [
            0,
            2,
            5,
            7,
            8
          ],
          "Q3": [
            0,
            5,
            7,
            8
          ],
          "Q4": [
            0,
            2,
            5,
            7,
            8
          ],
          "get_cost_on_this_client": 4.560686647891998e-08,
          "put_cost_on_this_client": 4.673376679420471e-08,
          "get_latency_on_this_client": 223.24,
          "put_latency_on_this_client": 318.2
        }
      }
    }
  ],
  "overall_cost": 0.1506925684886046,
  "get_cost": 0.03215620759874582,
  "put_cost": 0.03299684962257743,
  "storage_cost": 9.014181894798801e-05,
  "vm_cost": 0.08544936944833335,
  "time_period_hrs": 1.0
}