{
  "output": [
    {
      "id": 0,
      "protocol": "cas",
      "m": 6,
      "k": 4,
      "selected_dcs": [
        0,
        2,
        3,
        5,
        7,
        8
      ],
      "get_cost": 0.0006239907816052436,
      "put_cost": 0.0014646328054368496,
      "storage_cost": 8.802912006639455e-07,
      "vm_cost": 0.08544936944833335,
      "total_cost": 0.08753887332657612,
      "get_latency": 634.2,
      "put_latency": 951.3000000000001,
      "client_placement_info": {
        "0": {
          "Q1": [
            0,
            2,
            3
          ],
          "Q2": [
            0,
            2,
            3,
            5,
            7
          ],
          "Q3": [
            0,
            2,
            3,
            5
          ],
          "Q4": [
            0,
            2,
            3,
            5,
            7
          ],
          "get_cost_on_this_client": 2.132728695869446e-09,
          "put_cost_on_this_client": 4.386529326438905e-09,
          "get_latency_on_this_client": 452.2,
          "put_latency_on_this_client": 678.3
        },
        "1": {
          "Q1": [
            0,
            2,
            3
          ],
          "Q2": [
            0,
            2,
            3,
            5,
            7
          ],
          "Q3": [
            0,
            2,
            3,
            5
          ],
          "Q4": [
            0,
            2,
            3,
            5,
            7
          ],
          "get_cost_on_this_client": 6.35627657175064e-09,
          "put_cost_on_this_client": 1.2503005564212798e-08,
          "get_latency_on_this_client": 578,
          "put_latency_on_this_client": 867
        },
        "2": {
          "Q1": [
            0,
            2,
            3
          ],
          "Q2": [
            0,
            2,
            3,
            5,
            7
          ],
          "Q3": [
            0,
            2,
            3,
            5
          ],
          "Q4": [
            0,
            2,
            3,
            5,
            7
          ],
          "get_cost_on_this_client": 2.132728695869446e-09,
          "put_cost_on_this_client": 4.386529326438905e-09,
          "get_latency_on_this_client": 416,
          "put_latency_on_this_client": 630
        },
        "3": {
          "Q1": [
            0,
            2,
            3
          ],
          "Q2": [
            0,
            2,
            3,
            5,
            7
          ],
          "Q3": [
            0,
            2,
            3,
            5
          ],
          "Q4": [
            0,
            2,
            3,
            5,
            7
          ],
          "get_cost_on_this_client": 2.5099143385887145e-09,
          "put_cost_on_this_client": 5.071051418781281e-09,
          "get_latency_on_this_client": 458,
          "put_latency_on_this_client": 687
        },
        "4": {
          "Q1": [
            0,
            2,
            3
          ],
          "Q2": [
            0,
            2,
            3,
            5,
            7
          ],
          "Q3": [
            0,
            2,
            3,
            5
          ],
          "Q4": [
            0,
            2,
            3,
            5,
            7
          ],
          "get_cost_on_this_client": 2.6356428861618043e-09,
          "put_cost_on_this_client": 5.299225449562072e-09,
          "get_latency_on_this_client": 444,
          "put_latency_on_this_client": 666
        },
        "5": {
          "Q1": [
            5,
            7,
            8
          ],
          "Q2": [
            0,
            2,
            5,
            7,
            8
          ],
          "Q3": [
            0,
            5,
            7,
            8
          ],
          "Q4": [
            0,
            2,
            5,
            7,
            8
          ],
          "get_cost_on_this_client": 7.497146725654601e-10,
          "put_cost_on_this_client": 1.8766149878501893e-09,
          "get_latency_on_this_client": 281.99,
          "put_latency_on_this_client": 427.99
        },
        "6": {
          "Q1": [
            0,
            2,
            3
          ],
          "Q2": [
            0,
            2,
            3,
            5,
            7
          ],
          "Q3": [
            0,
            2,
            3,
            5
          ],
          "Q4": [
            0,
            2,
            3,
            5,
            7
          ],
          "get_cost_on_this_client": 3.3900141716003415e-09,
          "put_cost_on_this_client": 6.668269634246826e-09,
          "get_latency_on_this_client": 634.2,
          "put_latency_on_this_client": 951.3000000000001
        },
        "7": {
          "Q1": [
            5,
            7,
            8
          ],
          "Q2": [
            0,
            2,
            5,
            7,
            8
          ],
          "Q3": [
            0,
            5,
            7,
            8
          ],
          "Q4": [
            0,
            2,
            5,
            7,
            8
          ],
          "get_cost_on_this_client": 7.497146725654601e-10,
          "put_cost_on_this_client": 1.8766149878501893e-09,
          "get_latency_on_this_client": 247.35000000000002,
          "put_latency_on_this_client": 348.55
        },
        "8": {
          "Q1": [
            5,
            7,
            8
          ],
          "Q2": [
            0,
            2,
            5,
            7,
            8
          ],
          "Q3": [
            0,
            5,
            7,
            8
          ],
          "Q4": [
            0,
            2,
            5,
            7,
            8
          ],
          "get_cost_on_this_client": 7.497146725654601e-10,
          "put_cost_on_this_client": 1.8766149878501893e-09,
          "get_latency_on_this_client": 223.24,
          "put_latency_on_this_client": 318.2
        }
      }
    }
  ],
  "overall_cost": 0.08753887332657612,
  "get_cost": 0.0006239907816052436,
  "put_cost": 0.0014646328054368496,
  "storage_cost": 8.802912006639455e-07,
  "vm_cost": 0.08544936944833335,
  "time_period_hrs": 1.0
}