{
  "output": [
    {
      "id": 0,
      "protocol": "abd",
      "m": 5,
      "selected_dcs": [
        1,
        3,
        4,
        5,
        8
      ],
      "get_cost": 0.4138946533203124,
      "put_cost": 0.9162590280175208,
      "storage_cost": 0.003056983425192637,
      "vm_cost": 0.07278165092916666,
      "total_cost": 1.4059923156921923,
      "get_latency": 578,
      "put_latency": 578,
      "client_placement_info": {
        "0": {
          "Q1": [
            3,
            4,
            5,
            8
          ],
          "Q2": [
            3,
            4
          ],
          "get_cost_on_this_client": 4.577636718750001e-06,
          "put_cost_on_this_client": 1.5291571617126466e-06,
          "get_latency_on_this_client": 452.2,
          "put_latency_on_this_client": 452.2
        },
        "1": {
          "Q1": [
            1,
            3,
            4,
            5
          ],
          "Q2": [
            1,
            3
          ],
          "get_cost_on_this_client": 5.912780761718749e-06,
          "put_cost_on_this_client": 1.5305913984775544e-06,
          "get_latency_on_this_client": 578,
          "put_latency_on_this_client": 578
        },
        "2": {
          "Q1": [
            3,
            4,
            5,
            8
          ],
          "Q2": [
            3,
            4
          ],
          "get_cost_on_this_client": 4.577636718750001e-06,
          "put_cost_on_this_client": 1.5291571617126466e-06,
          "get_latency_on_this_client": 417.3,
          "put_latency_on_this_client": 417.3
        },
        "3": {
          "Q1": [
            3,
            4,
            5,
            8
          ],
          "Q2": [
            3,
            4
          ],
          "get_cost_on_this_client": 2.0980834960937497e-06,
          "put_cost_on_this_client": 2.880487591028213e-07,
          "get_latency_on_this_client": 153.39,
          "put_latency_on_this_client": 153.39
        },
        "4": {
          "Q1": [
            3,
            4,
            5,
            8
          ],
          "Q2": [
            3,
            4
          ],
          "get_cost_on_this_client": 2.0980834960937497e-06,
          "put_cost_on_this_client": 2.880487591028213e-07,
          "get_latency_on_this_client": 146.31,
          "put_latency_on_this_client": 146.31
        },
        "5": {
          "Q1": [
            3,
            4,
            5,
            8
          ],
          "Q2": [
            5,
            8
          ],
          "get_cost_on_this_client": 1.9073486328124998e-06,
          "put_cost_on_this_client": 1.9257888197898865e-07,
          "get_latency_on_this_client": 147.61,
          "put_latency_on_this_client": 147.61
        },
        "6": {
          "Q1": [
            3,
            4,
            5,
            8
          ],
          "Q2": [
            3,
            4
          ],
          "get_cost_on_this_client": 4.577636718750001e-06,
          "put_cost_on_this_client": 1.5291571617126466e-06,
          "get_latency_on_this_client": 404.2,
          "put_latency_on_this_client": 404.2
        },
        "7": {
          "Q1": [
            3,
            4,
            5,
            8
          ],
          "Q2": [
            5,
            8
          ],
          "get_cost_on_this_client": 1.9073486328124998e-06,
          "put_cost_on_this_client": 1.9257888197898865e-07,
          "get_latency_on_this_client": 220.85000000000002,
          "put_latency_on_this_client": 220.85000000000002
        },
        "8": {
          "Q1": [
            3,
            4,
            5,
            8
          ],
          "Q2": [
            5,
            8
          ],
          "get_cost_on_this_client": 1.9073486328124998e-06,
          "put_cost_on_this_client": 1.9257888197898865e-07,
          "get_latency_on_this_client": 200.14000000000001,
          "put_latency_on_this_client": 200.14000000000001
        }
      }
    }
  ],
  "overall_cost": 1.4059923156921923,
  "get_cost": 0.4138946533203124,
  "put_cost": 0.9162590280175208,
  "storage_cost": 0.003056983425192637,
  "vm_cost": 0.07278165092916666,
  "time_period_hrs": 1.0
}