{
  "output": [
    {
      "id": 0,
      "protocol": "cas",
      "m": 6,
      "k": 4,
      "selected_dcs": [
        1,
        3,
        4,
        5,
        7,
        8
      ],
      "get_cost": 2.785040438175202,
      "put_cost": 2.7862370014190674,
      "storage_cost": 0.009210142370772688,
      "vm_cost": 0.04984481111333334,
      "total_cost": 5.630332393078374,
      "get_latency": 578,
      "put_latency": 867,
      "client_placement_info": {
        "0": {
          "Q1": [
            3,
            4
          ],
          "Q2": [
            3,
            4,
            5,
            7,
            8
          ],
          "Q3": [
            3,
            4,
            5,
            7,
            8
          ],
          "Q4": [
            3,
            4,
            5,
            7,
            8
          ],
          "get_cost_on_this_client": 9.538382291793823e-06,
          "put_cost_on_this_client": 9.542480111122131e-06,
          "get_latency_on_this_client": 452.2,
          "put_latency_on_this_client": 678.3
        },
        "1": {
          "Q1": [
            1,
            3
          ],
          "Q2": [
            1,
            3,
            4,
            5,
            7
          ],
          "Q3": [
            1,
            3,
            4,
            5,
            7
          ],
          "Q4": [
            1,
            3,
            4,
            5,
            7
          ],
          "get_cost_on_this_client": 1.4545172452926636e-05,
          "put_cost_on_this_client": 1.4551421627402305e-05,
          "get_latency_on_this_client": 578,
          "put_latency_on_this_client": 867
        },
        "2": {
          "Q1": [
            3,
            4
          ],
          "Q2": [
            3,
            4,
            5,
            7,
            8
          ],
          "Q3": [
            3,
            4,
            5,
            7,
            8
          ],
          "Q4": [
            3,
            4,
            5,
            7,
            8
          ],
          "get_cost_on_this_client": 9.538382291793823e-06,
          "put_cost_on_this_client": 9.542480111122131e-06,
          "get_latency_on_this_client": 417.3,
          "put_latency_on_this_client": 631.3
        },
        "3": {
          "Q1": [
            3,
            4
          ],
          "Q2": [
            3,
            4,
            5,
            7,
            8
          ],
          "Q3": [
            3,
            4,
            5,
            7,
            8
          ],
          "Q4": [
            3,
            4,
            5,
            7,
            8
          ],
          "get_cost_on_this_client": 6.4376089721918105e-06,
          "put_cost_on_this_client": 6.440375000238419e-06,
          "get_latency_on_this_client": 167.89,
          "put_latency_on_this_client": 320.99
        },
        "4": {
          "Q1": [
            3,
            4
          ],
          "Q2": [
            3,
            4,
            5,
            7,
            8
          ],
          "Q3": [
            3,
            4,
            5,
            7,
            8
          ],
          "Q4": [
            3,
            4,
            5,
            7,
            8
          ],
          "get_cost_on_this_client": 6.4376089721918105e-06,
          "put_cost_on_this_client": 6.440375000238419e-06,
          "get_latency_on_this_client": 156.11,
          "put_latency_on_this_client": 297.01
        },
        "5": {
          "Q1": [
            5,
            7
          ],
          "Q2": [
            3,
            4,
            5,
            7,
            8
          ],
          "Q3": [
            3,
            4,
            5,
            7,
            8
          ],
          "Q4": [
            3,
            4,
            5,
            7,
            8
          ],
          "get_cost_on_this_client": 4.530157893896103e-06,
          "put_cost_on_this_client": 4.53210435807705e-06,
          "get_latency_on_this_client": 157.69,
          "put_latency_on_this_client": 247.39
        },
        "6": {
          "Q1": [
            3,
            4
          ],
          "Q2": [
            3,
            4,
            5,
            7,
            8
          ],
          "Q3": [
            3,
            4,
            5,
            7,
            8
          ],
          "Q4": [
            3,
            4,
            5,
            7,
            8
          ],
          "get_cost_on_this_client": 9.538382291793823e-06,
          "put_cost_on_this_client": 9.542480111122131e-06,
          "get_latency_on_this_client": 404.2,
          "put_latency_on_this_client": 606.3
        },
        "7": {
          "Q1": [
            5,
            7
          ],
          "Q2": [
            3,
            4,
            5,
            7,
            8
          ],
          "Q3": [
            3,
            4,
            5,
            7,
            8
          ],
          "Q4": [
            3,
            4,
            5,
            7,
            8
          ],
          "get_cost_on_this_client": 4.530157893896103e-06,
          "put_cost_on_this_client": 4.53210435807705e-06,
          "get_latency_on_this_client": 220.85000000000002,
          "put_latency_on_this_client": 374.25
        },
        "8": {
          "Q1": [
            5,
            7
          ],
          "Q2": [
            3,
            4,
            5,
            7,
            8
          ],
          "Q3": [
            3,
            4,
            5,
            7,
            8
          ],
          "Q4": [
            3,
            4,
            5,
            7,
            8
          ],
          "get_cost_on_this_client": 4.530157893896103e-06,
          "put_cost_on_this_client": 4.53210435807705e-06,
          "get_latency_on_this_client": 200.14000000000001,
          "put_latency_on_this_client": 341.94000000000005
        }
      }
    }
  ],
  "overall_cost": 5.630332393078374,
  "get_cost": 2.785040438175202,
  "put_cost": 2.7862370014190674,
  "storage_cost": 0.009210142370772688,
  "vm_cost": 0.04984481111333334,
  "time_period_hrs": 1.0
}