{
  "output": [
    {
      "id": 0,
      "protocol": "cas",
      "m": 6,
      "k": 2,
      "selected_dcs": [
        1,
        2,
        5,
        6,
        7,
        8
      ],
      "get_cost": 2.633445281535387,
      "put_cost": 23.70609882334248,
      "storage_cost": 0.01894284601080907,
      "vm_cost": 0.08955183611500002,
      "total_cost": 26.448038787003675,
      "get_latency": 327.1,
      "put_latency": 499.1,
      "client_placement_info": {
        "0": {
          "Q1": [
            2,
            7,
            8
          ],
          "Q2": [
            1,
            2,
            7,
            8
          ],
          "Q3": [
            1,
            2,
            7,
            8
          ],
          "Q4": [
            1,
            2,
            7,
            8
          ],
          "get_cost_on_this_client": 1.7168289050459863e-05,
          "put_cost_on_this_client": 1.717197708785534e-05,
          "get_latency_on_this_client": 214.8,
          "put_latency_on_this_client": 329.8
        },
        "1": {
          "Q1": [
            1,
            2,
            7
          ],
          "Q2": [
            1,
            2,
            7,
            8
          ],
          "Q3": [
            1,
            2,
            7,
            8
          ],
          "Q4": [
            1,
            2,
            7,
            8
          ],
          "get_cost_on_this_client": 2.193768508732319e-05,
          "put_cost_on_this_client": 2.1942397579550744e-05,
          "get_latency_on_this_client": 301,
          "put_latency_on_this_client": 463
        },
        "2": {
          "Q1": [
            1,
            2,
            7
          ],
          "Q2": [
            1,
            2,
            7,
            8
          ],
          "Q3": [
            1,
            2,
            7,
            8
          ],
          "Q4": [
            1,
            2,
            7,
            8
          ],
          "get_cost_on_this_client": 1.5261247754096984e-05,
          "put_cost_on_this_client": 1.526452600955963e-05,
          "get_latency_on_this_client": 330.8,
          "put_latency_on_this_client": 496.8
        },
        "3": {
          "Q1": [
            5,
            7,
            8
          ],
          "Q2": [
            2,
            5,
            7,
            8
          ],
          "Q3": [
            2,
            5,
            7,
            8
          ],
          "Q4": [
            2,
            5,
            7,
            8
          ],
          "get_cost_on_this_client": 1.5261247754096984e-05,
          "put_cost_on_this_client": 1.526452600955963e-05,
          "get_latency_on_this_client": 353.7,
          "put_latency_on_this_client": 554.3
        },
        "4": {
          "Q1": [
            5,
            7,
            8
          ],
          "Q2": [
            5,
            6,
            7,
            8
          ],
          "Q3": [
            5,
            6,
            7,
            8
          ],
          "Q4": [
            5,
            6,
            7,
            8
          ],
          "get_cost_on_this_client": 1.5261247754096984e-05,
          "put_cost_on_this_client": 1.526452600955963e-05,
          "get_latency_on_this_client": 333.0,
          "put_latency_on_this_client": 525.1
        },
        "5": {
          "Q1": [
            5,
            7,
            8
          ],
          "Q2": [
            5,
            6,
            7,
            8
          ],
          "Q3": [
            5,
            6,
            7,
            8
          ],
          "Q4": [
            5,
            6,
            7,
            8
          ],
          "get_cost_on_this_client": 5.245516076683998e-06,
          "put_cost_on_this_client": 5.246642976999283e-06,
          "get_latency_on_this_client": 184.08999999999997,
          "put_latency_on_this_client": 300.18999999999994
        },
        "6": {
          "Q1": [
            5,
            6,
            7
          ],
          "Q2": [
            5,
            6,
            7,
            8
          ],
          "Q3": [
            5,
            6,
            7,
            8
          ],
          "Q4": [
            5,
            6,
            7,
            8
          ],
          "get_cost_on_this_client": 1.1922670528292657e-05,
          "put_cost_on_this_client": 1.192523166537285e-05,
          "get_latency_on_this_client": 327.1,
          "put_latency_on_this_client": 499.1
        },
        "7": {
          "Q1": [
            5,
            7,
            8
          ],
          "Q2": [
            1,
            5,
            7,
            8
          ],
          "Q3": [
            1,
            5,
            7,
            8
          ],
          "Q4": [
            1,
            5,
            7,
            8
          ],
          "get_cost_on_this_client": 8.583376184105873e-06,
          "put_cost_on_this_client": 8.585220202803611e-06,
          "get_latency_on_this_client": 206.55,
          "put_latency_on_this_client": 345.65
        },
        "8": {
          "Q1": [
            5,
            7,
            8
          ],
          "Q2": [
            1,
            5,
            7,
            8
          ],
          "Q3": [
            1,
            5,
            7,
            8
          ],
          "Q4": [
            1,
            5,
            7,
            8
          ],
          "get_cost_on_this_client": 8.583376184105873e-06,
          "put_cost_on_this_client": 8.585220202803611e-06,
          "get_latency_on_this_client": 222.44,
          "put_latency_on_this_client": 386.53999999999996
        }
      }
    }
  ],
  "overall_cost": 26.448038787003675,
  "get_cost": 2.633445281535387,
  "put_cost": 23.70609882334248,
  "storage_cost": 0.01894284601080907,
  "vm_cost": 0.08955183611500002,
  "time_period_hrs": 1.0
}