{
  "output": [
    {
      "id": 8,
      "protocol": "replication",
      "m": 5,
      "k": 1,
      "selected_dcs": [
        1,
        3,
        4,
        5,
        8
      ],
      "get_cost": 4.463351517915726,
      "put_cost": 13.051981106400486,
      "storage_cost": 0.030569834251926366,
      "vm_cost": 0.10397378704166668,
      "total_cost": 17.649876245609807,
      "get_latency": 578,
      "put_latency": 867,
      "client_placement_info": {
        "0": {
          "Q1": [
            3,
            4
          ],
          "Q2": [
            3,
            4
          ],
          "Q3": [
            3,
            4,
            5,
            8
          ],
          "Q4": [
            3,
            4,
            5,
            8
          ],
          "get_cost_on_this_client": 3.0519217252731325e-05,
          "put_cost_on_this_client": 1.526370644569397e-05,
          "get_latency_on_this_client": 452.2,
          "put_latency_on_this_client": 678.3
        },
        "1": {
          "Q1": [
            1,
            3
          ],
          "Q2": [
            1,
            3
          ],
          "Q3": [
            1,
            3,
            4,
            5
          ],
          "Q4": [
            1,
            3,
            4,
            5
          ],
          "get_cost_on_this_client": 4.3870657682418825e-05,
          "put_cost_on_this_client": 1.5265140682458877e-05,
          "get_latency_on_this_client": 578,
          "put_latency_on_this_client": 867
        },
        "2": {
          "Q1": [
            3,
            4
          ],
          "Q2": [
            3,
            4
          ],
          "Q3": [
            3,
            4,
            5,
            8
          ],
          "Q4": [
            3,
            4,
            5,
            8
          ],
          "get_cost_on_this_client": 3.0519217252731325e-05,
          "put_cost_on_this_client": 1.526370644569397e-05,
          "get_latency_on_this_client": 417.3,
          "put_latency_on_this_client": 620.6
        },
        "3": {
          "Q1": [
            3,
            4
          ],
          "Q2": [
            3,
            4
          ],
          "Q3": [
            3,
            4,
            5,
            8
          ],
          "Q4": [
            3,
            4,
            5,
            8
          ],
          "get_cost_on_this_client": 1.8120119348168375e-05,
          "put_cost_on_this_client": 2.8632767498493195e-06,
          "get_latency_on_this_client": 153.39,
          "put_latency_on_this_client": 168.18
        },
        "4": {
          "Q1": [
            3,
            4
          ],
          "Q2": [
            3,
            4
          ],
          "Q3": [
            3,
            4,
            5,
            8
          ],
          "Q4": [
            3,
            4,
            5,
            8
          ],
          "get_cost_on_this_client": 1.8120119348168375e-05,
          "put_cost_on_this_client": 2.8632767498493195e-06,
          "get_latency_on_this_client": 146.31,
          "put_latency_on_this_client": 161.51999999999998
        },
        "5": {
          "Q1": [
            5,
            8
          ],
          "Q2": [
            5,
            8
          ],
          "Q3": [
            3,
            4,
            5,
            8
          ],
          "Q4": [
            3,
            4,
            5,
            8
          ],
          "get_cost_on_this_client": 1.7166342586278916e-05,
          "put_cost_on_this_client": 1.909397542476654e-06,
          "get_latency_on_this_client": 147.61,
          "put_latency_on_this_client": 205.51999999999998
        },
        "6": {
          "Q1": [
            3,
            4
          ],
          "Q2": [
            3,
            4
          ],
          "Q3": [
            3,
            4,
            5,
            8
          ],
          "Q4": [
            3,
            4,
            5,
            8
          ],
          "get_cost_on_this_client": 3.0519217252731325e-05,
          "put_cost_on_this_client": 1.526370644569397e-05,
          "get_latency_on_this_client": 404.2,
          "put_latency_on_this_client": 606.3
        },
        "7": {
          "Q1": [
            5,
            8
          ],
          "Q2": [
            5,
            8
          ],
          "Q3": [
            3,
            4,
            5,
            8
          ],
          "Q4": [
            3,
            4,
            5,
            8
          ],
          "get_cost_on_this_client": 1.7166342586278916e-05,
          "put_cost_on_this_client": 1.909397542476654e-06,
          "get_latency_on_this_client": 220.85000000000002,
          "put_latency_on_this_client": 288.3
        },
        "8": {
          "Q1": [
            5,
            8
          ],
          "Q2": [
            5,
            8
          ],
          "Q3": [
            3,
            4,
            5,
            8
          ],
          "Q4": [
            3,
            4,
            5,
            8
          ],
          "get_cost_on_this_client": 1.7166342586278916e-05,
          "put_cost_on_this_client": 1.909397542476654e-06,
          "get_latency_on_this_client": 200.14000000000001,
          "put_latency_on_this_client": 258.48
        }
      }
    }
  ],
  "overall_cost": 17.649876245609807,
  "get_cost": 4.463351517915726,
  "put_cost": 13.051981106400486,
  "storage_cost": 0.030569834251926366,
  "vm_cost": 0.10397378704166668,
  "time_period_hrs": 1.0
}