{
  "output": [
    {
      "id": 8,
      "protocol": "replication",
      "m": 3,
      "k": 1,
      "selected_dcs": [
        1,
        5,
        8
      ],
      "get_cost": 0.03668907377868891,
      "put_cost": 0.33055599220097065,
      "storage_cost": 0.0018028363789597604,
      "vm_cost": 0.0422684305575,
      "total_cost": 0.41131633291611935,
      "get_latency": 408,
      "put_latency": 612,
      "client_placement_info": {
        "0": {
          "Q1": [
            5,
            8
          ],
          "Q2": [
            5,
            8
          ],
          "Q3": [
            5,
            8
          ],
          "Q4": [
            5,
            8
          ],
          "get_cost_on_this_client": 1.5275180339813233e-06,
          "put_cost_on_this_client": 1.5291571617126466e-06,
          "get_latency_on_this_client": 296.2,
          "put_latency_on_this_client": 444.29999999999995
        },
        "1": {
          "Q1": [
            1,
            5
          ],
          "Q2": [
            1,
            5
          ],
          "Q3": [
            1,
            5
          ],
          "Q4": [
            1,
            5
          ],
          "get_cost_on_this_client": 1.5275180339813233e-06,
          "put_cost_on_this_client": 1.5291571617126466e-06,
          "get_latency_on_this_client": 408,
          "put_latency_on_this_client": 612
        },
        "2": {
          "Q1": [
            5,
            8
          ],
          "Q2": [
            5,
            8
          ],
          "Q3": [
            5,
            8
          ],
          "Q4": [
            5,
            8
          ],
          "get_cost_on_this_client": 1.5275180339813233e-06,
          "put_cost_on_this_client": 1.5291571617126466e-06,
          "get_latency_on_this_client": 428,
          "put_latency_on_this_client": 642
        },
        "3": {
          "Q1": [
            5,
            8
          ],
          "Q2": [
            5,
            8
          ],
          "Q3": [
            5,
            8
          ],
          "Q4": [
            5,
            8
          ],
          "get_cost_on_this_client": 1.5275180339813233e-06,
          "put_cost_on_this_client": 1.5291571617126466e-06,
          "get_latency_on_this_client": 277.2,
          "put_latency_on_this_client": 415.79999999999995
        },
        "4": {
          "Q1": [
            5,
            8
          ],
          "Q2": [
            5,
            8
          ],
          "Q3": [
            5,
            8
          ],
          "Q4": [
            5,
            8
          ],
          "get_cost_on_this_client": 1.5275180339813233e-06,
          "put_cost_on_this_client": 1.5291571617126466e-06,
          "get_latency_on_this_client": 262.2,
          "put_latency_on_this_client": 393.29999999999995
        },
        "5": {
          "Q1": [
            5,
            8
          ],
          "Q2": [
            5,
            8
          ],
          "Q3": [
            5,
            8
          ],
          "Q4": [
            5,
            8
          ],
          "get_cost_on_this_client": 1.9093975424766541e-07,
          "put_cost_on_this_client": 1.9114464521408082e-07,
          "get_latency_on_this_client": 115.82,
          "put_latency_on_this_client": 173.73
        },
        "6": {
          "Q1": [
            5,
            8
          ],
          "Q2": [
            5,
            8
          ],
          "Q3": [
            5,
            8
          ],
          "Q4": [
            5,
            8
          ],
          "get_cost_on_this_client": 1.5275180339813233e-06,
          "put_cost_on_this_client": 1.5291571617126466e-06,
          "get_latency_on_this_client": 344,
          "put_latency_on_this_client": 516
        },
        "7": {
          "Q1": [
            5,
            8
          ],
          "Q2": [
            5,
            8
          ],
          "Q3": [
            5,
            8
          ],
          "Q4": [
            5,
            8
          ],
          "get_cost_on_this_client": 1.9093975424766541e-07,
          "put_cost_on_this_client": 1.9114464521408082e-07,
          "get_latency_on_this_client": 134.9,
          "put_latency_on_this_client": 202.35000000000002
        },
        "8": {
          "Q1": [
            5,
            8
          ],
          "Q2": [
            5,
            8
          ],
          "Q3": [
            5,
            8
          ],
          "Q4": [
            5,
            8
          ],
          "get_cost_on_this_client": 1.9093975424766541e-07,
          "put_cost_on_this_client": 1.9114464521408082e-07,
          "get_latency_on_this_client": 116.68,
          "put_latency_on_this_client": 175.02
        }
      }
    }
  ],
  "overall_cost": 0.41131633291611935,
  "get_cost": 0.03668907377868891,
  "put_cost": 0.33055599220097065,
  "storage_cost": 0.0018028363789597604,
  "vm_cost": 0.0422684305575,
  "time_period_hrs": 1.0
}