{
  "output": [
    {
      "id": 0,
      "protocol": "cas",
      "m": 6,
      "k": 2,
      "selected_dcs": [
        1,
        2,
        5,
        6,
        7,
        8
      ],
      "get_cost": 0.015260025858879088,
      "put_cost": 0.14024954102933407,
      "storage_cost": 0.00018942846010809074,
      "vm_cost": 0.05117247778,
      "total_cost": 0.20687147312832124,
      "get_latency": 327.1,
      "put_latency": 499.1,
      "client_placement_info": {
        "0": {
          "Q1": [
            2,
            7,
            8
          ],
          "Q2": [
            1,
            2,
            7,
            8
          ],
          "Q3": [
            1,
            2,
            7,
            8
          ],
          "Q4": [
            1,
            2,
            7,
            8
          ],
          "get_cost_on_this_client": 1.7381273210048675e-07,
          "put_cost_on_this_client": 1.7750076949596405e-07,
          "get_latency_on_this_client": 214.8,
          "put_latency_on_this_client": 329.8
        },
        "1": {
          "Q1": [
            1,
            2,
            7
          ],
          "Q2": [
            1,
            2,
            7,
            8
          ],
          "Q3": [
            1,
            2,
            7,
            8
          ],
          "Q4": [
            1,
            2,
            7,
            8
          ],
          "get_cost_on_this_client": 2.2252090275287626e-07,
          "put_cost_on_this_client": 2.2723339498043059e-07,
          "get_latency_on_this_client": 301,
          "put_latency_on_this_client": 463
        },
        "2": {
          "Q1": [
            1,
            2,
            7
          ],
          "Q2": [
            1,
            2,
            7,
            8
          ],
          "Q3": [
            1,
            2,
            7,
            8
          ],
          "Q4": [
            1,
            2,
            7,
            8
          ],
          "get_cost_on_this_client": 1.5504658222198485e-07,
          "put_cost_on_this_client": 1.5832483768463135e-07,
          "get_latency_on_this_client": 330.8,
          "put_latency_on_this_client": 496.8
        },
        "3": {
          "Q1": [
            5,
            7,
            8
          ],
          "Q2": [
            2,
            5,
            7,
            8
          ],
          "Q3": [
            2,
            5,
            7,
            8
          ],
          "Q4": [
            2,
            5,
            7,
            8
          ],
          "get_cost_on_this_client": 1.5504658222198485e-07,
          "put_cost_on_this_client": 1.5832483768463135e-07,
          "get_latency_on_this_client": 353.7,
          "put_latency_on_this_client": 554.3
        },
        "4": {
          "Q1": [
            5,
            7,
            8
          ],
          "Q2": [
            5,
            6,
            7,
            8
          ],
          "Q3": [
            5,
            6,
            7,
            8
          ],
          "Q4": [
            5,
            6,
            7,
            8
          ],
          "get_cost_on_this_client": 1.5504658222198485e-07,
          "put_cost_on_this_client": 1.5832483768463135e-07,
          "get_latency_on_this_client": 333.0,
          "put_latency_on_this_client": 525.1
        },
        "5": {
          "Q1": [
            5,
            7,
            8
          ],
          "Q2": [
            5,
            6,
            7,
            8
          ],
          "Q3": [
            5,
            6,
            7,
            8
          ],
          "Q4": [
            5,
            6,
            7,
            8
          ],
          "get_cost_on_this_client": 5.2759423851966857e-08,
          "put_cost_on_this_client": 5.3886324167251586e-08,
          "get_latency_on_this_client": 184.08999999999997,
          "put_latency_on_this_client": 300.18999999999994
        },
        "6": {
          "Q1": [
            5,
            6,
            7
          ],
          "Q2": [
            5,
            6,
            7,
            8
          ],
          "Q3": [
            5,
            6,
            7,
            8
          ],
          "Q4": [
            5,
            6,
            7,
            8
          ],
          "get_cost_on_this_client": 1.209508627653122e-07,
          "put_cost_on_this_client": 1.2351199984550476e-07,
          "get_latency_on_this_client": 327.1,
          "put_latency_on_this_client": 499.1
        },
        "7": {
          "Q1": [
            5,
            7,
            8
          ],
          "Q2": [
            1,
            5,
            7,
            8
          ],
          "Q3": [
            1,
            5,
            7,
            8
          ],
          "Q4": [
            1,
            5,
            7,
            8
          ],
          "get_cost_on_this_client": 8.61380249261856e-08,
          "put_cost_on_this_client": 8.798204362392425e-08,
          "get_latency_on_this_client": 206.55,
          "put_latency_on_this_client": 345.65
        },
        "8": {
          "Q1": [
            5,
            7,
            8
          ],
          "Q2": [
            1,
            5,
            7,
            8
          ],
          "Q3": [
            1,
            5,
            7,
            8
          ],
          "Q4": [
            1,
            5,
            7,
            8
          ],
          "get_cost_on_this_client": 8.61380249261856e-08,
          "put_cost_on_this_client": 8.798204362392425e-08,
          "get_latency_on_this_client": 222.44,
          "put_latency_on_this_client": 386.53999999999996
        }
      }
    }
  ],
  "overall_cost": 0.20687147312832124,
  "get_cost": 0.015260025858879088,
  "put_cost": 0.14024954102933407,
  "storage_cost": 0.00018942846010809074,
  "vm_cost": 0.05117247778,
  "time_period_hrs": 1.0
}