{
  "output": [
    {
      "id": 0,
      "protocol": "cas",
      "m": 6,
      "k": 2,
      "selected_dcs": [
        1,
        2,
        5,
        6,
        7,
        8
      ],
      "get_cost": 3.390189819037913,
      "put_cost": 0.37749589886516327,
      "storage_cost": 0.0018942846010809075,
      "vm_cost": 0.12793119445000004,
      "total_cost": 3.897511196954157,
      "get_latency": 327.1,
      "put_latency": 499.1,
      "client_placement_info": {
        "0": {
          "Q1": [
            2,
            7,
            8
          ],
          "Q2": [
            1,
            2,
            7,
            8
          ],
          "Q3": [
            1,
            2,
            7,
            8
          ],
          "Q4": [
            1,
            2,
            7,
            8
          ],
          "get_cost_on_this_client": 1.7187651246786115e-06,
          "put_cost_on_this_client": 1.7224531620740889e-06,
          "get_latency_on_this_client": 214.8,
          "put_latency_on_this_client": 329.8
        },
        "1": {
          "Q1": [
            1,
            2,
            7
          ],
          "Q2": [
            1,
            2,
            7,
            8
          ],
          "Q3": [
            1,
            2,
            7,
            8
          ],
          "Q4": [
            1,
            2,
            7,
            8
          ],
          "get_cost_on_this_client": 2.1966267377138135e-06,
          "put_cost_on_this_client": 2.2013392299413677e-06,
          "get_latency_on_this_client": 301,
          "put_latency_on_this_client": 463
        },
        "2": {
          "Q1": [
            1,
            2,
            7
          ],
          "Q2": [
            1,
            2,
            7,
            8
          ],
          "Q3": [
            1,
            2,
            7,
            8
          ],
          "Q4": [
            1,
            2,
            7,
            8
          ],
          "get_cost_on_this_client": 1.528337597846985e-06,
          "put_cost_on_this_client": 1.5316158533096315e-06,
          "get_latency_on_this_client": 330.8,
          "put_latency_on_this_client": 496.8
        },
        "3": {
          "Q1": [
            5,
            7,
            8
          ],
          "Q2": [
            2,
            5,
            7,
            8
          ],
          "Q3": [
            2,
            5,
            7,
            8
          ],
          "Q4": [
            2,
            5,
            7,
            8
          ],
          "get_cost_on_this_client": 1.528337597846985e-06,
          "put_cost_on_this_client": 1.5316158533096315e-06,
          "get_latency_on_this_client": 353.7,
          "put_latency_on_this_client": 554.3
        },
        "4": {
          "Q1": [
            5,
            7,
            8
          ],
          "Q2": [
            5,
            6,
            7,
            8
          ],
          "Q3": [
            5,
            6,
            7,
            8
          ],
          "Q4": [
            5,
            6,
            7,
            8
          ],
          "get_cost_on_this_client": 1.528337597846985e-06,
          "put_cost_on_this_client": 1.5316158533096315e-06,
          "get_latency_on_this_client": 333.0,
          "put_latency_on_this_client": 525.1
        },
        "5": {
          "Q1": [
            5,
            7,
            8
          ],
          "Q2": [
            5,
            6,
            7,
            8
          ],
          "Q3": [
            5,
            6,
            7,
            8
          ],
          "Q4": [
            5,
            6,
            7,
            8
          ],
          "get_cost_on_this_client": 5.248282104730607e-07,
          "put_cost_on_this_client": 5.259551107883453e-07,
          "get_latency_on_this_client": 184.08999999999997,
          "put_latency_on_this_client": 300.18999999999994
        },
        "6": {
          "Q1": [
            5,
            6,
            7
          ],
          "Q2": [
            5,
            6,
            7,
            8
          ],
          "Q3": [
            5,
            6,
            7,
            8
          ],
          "Q4": [
            5,
            6,
            7,
            8
          ],
          "get_cost_on_this_client": 1.1938344687223433e-06,
          "put_cost_on_this_client": 1.196395605802536e-06,
          "get_latency_on_this_client": 327.1,
          "put_latency_on_this_client": 499.1
        },
        "7": {
          "Q1": [
            5,
            7,
            8
          ],
          "Q2": [
            1,
            5,
            7,
            8
          ],
          "Q3": [
            1,
            5,
            7,
            8
          ],
          "Q4": [
            1,
            5,
            7,
            8
          ],
          "get_cost_on_this_client": 8.586142212152481e-07,
          "put_cost_on_this_client": 8.604582399129866e-07,
          "get_latency_on_this_client": 206.55,
          "put_latency_on_this_client": 345.65
        },
        "8": {
          "Q1": [
            5,
            7,
            8
          ],
          "Q2": [
            1,
            5,
            7,
            8
          ],
          "Q3": [
            1,
            5,
            7,
            8
          ],
          "Q4": [
            1,
            5,
            7,
            8
          ],
          "get_cost_on_this_client": 8.586142212152481e-07,
          "put_cost_on_this_client": 8.604582399129866e-07,
          "get_latency_on_this_client": 222.44,
          "put_latency_on_this_client": 386.53999999999996
        }
      }
    }
  ],
  "overall_cost": 3.897511196954157,
  "get_cost": 3.390189819037913,
  "put_cost": 0.37749589886516327,
  "storage_cost": 0.0018942846010809075,
  "vm_cost": 0.12793119445000004,
  "time_period_hrs": 1.0
}