{
  "output": [
    {
      "id": 0,
      "protocol": "cas",
      "m": 6,
      "k": 4,
      "selected_dcs": [
        0,
        2,
        3,
        5,
        7,
        8
      ],
      "get_cost": 0.001322412863373756,
      "put_cost": 0.0005378667265176774,
      "storage_cost": 8.802912006639455e-07,
      "vm_cost": 0.12207052778333335,
      "total_cost": 0.12393168766442546,
      "get_latency": 634.2,
      "put_latency": 951.3000000000001,
      "client_placement_info": {
        "0": {
          "Q1": [
            0,
            2
          ],
          "Q2": [
            0,
            2,
            3,
            5,
            7
          ],
          "Q3": [
            0,
            2,
            3,
            5,
            7
          ],
          "Q4": [
            0,
            2,
            3,
            5,
            7
          ],
          "get_cost_on_this_client": 1.3131648302078248e-09,
          "put_cost_on_this_client": 4.386529326438905e-09,
          "get_latency_on_this_client": 295.76,
          "put_latency_on_this_client": 521.86
        },
        "1": {
          "Q1": [
            0,
            2
          ],
          "Q2": [
            0,
            2,
            3,
            5,
            7
          ],
          "Q3": [
            0,
            2,
            3,
            5,
            7
          ],
          "Q4": [
            0,
            2,
            3,
            5,
            7
          ],
          "get_cost_on_this_client": 4.819594323635101e-09,
          "put_cost_on_this_client": 1.25030055642128e-08,
          "get_latency_on_this_client": 404.1,
          "put_latency_on_this_client": 693.1
        },
        "2": {
          "Q1": [
            0,
            2
          ],
          "Q2": [
            0,
            2,
            3,
            5,
            7
          ],
          "Q3": [
            0,
            2,
            3,
            5,
            7
          ],
          "Q4": [
            0,
            2,
            3,
            5,
            7
          ],
          "get_cost_on_this_client": 1.3131648302078248e-09,
          "put_cost_on_this_client": 4.386529326438905e-09,
          "get_latency_on_this_client": 286.11,
          "put_latency_on_this_client": 500.11
        },
        "3": {
          "Q1": [
            0,
            3
          ],
          "Q2": [
            0,
            2,
            3,
            5,
            7
          ],
          "Q3": [
            0,
            2,
            3,
            5,
            7
          ],
          "Q4": [
            0,
            2,
            3,
            5,
            7
          ],
          "get_cost_on_this_client": 1.6903504729270935e-09,
          "put_cost_on_this_client": 5.071051418781281e-09,
          "get_latency_on_this_client": 458,
          "put_latency_on_this_client": 687
        },
        "4": {
          "Q1": [
            0,
            3
          ],
          "Q2": [
            0,
            2,
            3,
            5,
            7
          ],
          "Q3": [
            0,
            2,
            3,
            5,
            7
          ],
          "Q4": [
            0,
            2,
            3,
            5,
            7
          ],
          "get_cost_on_this_client": 1.8160790205001833e-09,
          "put_cost_on_this_client": 5.299225449562072e-09,
          "get_latency_on_this_client": 444,
          "put_latency_on_this_client": 666
        },
        "5": {
          "Q1": [
            5,
            7
          ],
          "Q2": [
            0,
            2,
            5,
            7,
            8
          ],
          "Q3": [
            0,
            2,
            5,
            7,
            8
          ],
          "Q4": [
            0,
            2,
            5,
            7,
            8
          ],
          "get_cost_on_this_client": 6.472691893577575e-10,
          "put_cost_on_this_client": 2.593733370304108e-09,
          "get_latency_on_this_client": 281.99,
          "put_latency_on_this_client": 495.99
        },
        "6": {
          "Q1": [
            0,
            2
          ],
          "Q2": [
            0,
            2,
            3,
            5,
            7
          ],
          "Q3": [
            0,
            2,
            3,
            5,
            7
          ],
          "Q4": [
            0,
            2,
            3,
            5,
            7
          ],
          "get_cost_on_this_client": 2.5704503059387205e-09,
          "put_cost_on_this_client": 6.668269634246826e-09,
          "get_latency_on_this_client": 634.2,
          "put_latency_on_this_client": 951.3000000000001
        },
        "7": {
          "Q1": [
            5,
            7
          ],
          "Q2": [
            0,
            2,
            5,
            7,
            8
          ],
          "Q3": [
            0,
            2,
            5,
            7,
            8
          ],
          "Q4": [
            0,
            2,
            5,
            7,
            8
          ],
          "get_cost_on_this_client": 6.472691893577575e-10,
          "put_cost_on_this_client": 2.593733370304108e-09,
          "get_latency_on_this_client": 247.35000000000002,
          "put_latency_on_this_client": 427.25
        },
        "8": {
          "Q1": [
            5,
            7
          ],
          "Q2": [
            0,
            2,
            5,
            7,
            8
          ],
          "Q3": [
            0,
            2,
            5,
            7,
            8
          ],
          "Q4": [
            0,
            2,
            5,
            7,
            8
          ],
          "get_cost_on_this_client": 6.472691893577575e-10,
          "put_cost_on_this_client": 2.593733370304108e-09,
          "get_latency_on_this_client": 223.24,
          "put_latency_on_this_client": 388.14
        }
      }
    }
  ],
  "overall_cost": 0.12393168766442546,
  "get_cost": 0.001322412863373756,
  "put_cost": 0.0005378667265176774,
  "storage_cost": 8.802912006639455e-07,
  "vm_cost": 0.12207052778333335,
  "time_period_hrs": 1.0
}