{
  "output": [
    {
      "id": 8,
      "protocol": "replication",
      "m": 5,
      "k": 1,
      "selected_dcs": [
        1,
        3,
        4,
        5,
        8
      ],
      "get_cost": 1.3089414685964582,
      "put_cost": 0.44695474207401276,
      "storage_cost": 0.003056983425192637,
      "vm_cost": 0.10397378704166668,
      "total_cost": 1.8629269811373301,
      "get_latency": 578,
      "put_latency": 867,
      "client_placement_info": {
        "0": {
          "Q1": [
            3,
            4,
            5,
            8
          ],
          "Q2": [
            3,
            4,
            5,
            8
          ],
          "Q3": [
            3,
            4
          ],
          "Q4": [
            3,
            4
          ],
          "get_cost_on_this_client": 1.5291571617126466e-06,
          "put_cost_on_this_client": 3.05667519569397e-06,
          "get_latency_on_this_client": 452.2,
          "put_latency_on_this_client": 678.3
        },
        "1": {
          "Q1": [
            1,
            3,
            4,
            5
          ],
          "Q2": [
            1,
            3,
            4,
            5
          ],
          "Q3": [
            1,
            3
          ],
          "Q4": [
            1,
            3
          ],
          "get_cost_on_this_client": 1.5305913984775544e-06,
          "put_cost_on_this_client": 4.393253475427627e-06,
          "get_latency_on_this_client": 578,
          "put_latency_on_this_client": 867
        },
        "2": {
          "Q1": [
            3,
            4,
            5,
            8
          ],
          "Q2": [
            3,
            4,
            5,
            8
          ],
          "Q3": [
            3,
            4
          ],
          "Q4": [
            3,
            4
          ],
          "get_cost_on_this_client": 1.5291571617126466e-06,
          "put_cost_on_this_client": 3.05667519569397e-06,
          "get_latency_on_this_client": 417.3,
          "put_latency_on_this_client": 631.3
        },
        "3": {
          "Q1": [
            3,
            4,
            5,
            8
          ],
          "Q2": [
            3,
            4,
            5,
            8
          ],
          "Q3": [
            3,
            4
          ],
          "Q4": [
            3,
            4
          ],
          "get_cost_on_this_client": 2.880487591028213e-07,
          "put_cost_on_this_client": 1.8142350018024444e-06,
          "get_latency_on_this_client": 153.39,
          "put_latency_on_this_client": 291.99
        },
        "4": {
          "Q1": [
            3,
            4,
            5,
            8
          ],
          "Q2": [
            3,
            4,
            5,
            8
          ],
          "Q3": [
            3,
            4
          ],
          "Q4": [
            3,
            4
          ],
          "get_cost_on_this_client": 2.880487591028213e-07,
          "put_cost_on_this_client": 1.8142350018024444e-06,
          "get_latency_on_this_client": 146.31,
          "put_latency_on_this_client": 277.40999999999997
        },
        "5": {
          "Q1": [
            3,
            4,
            5,
            8
          ],
          "Q2": [
            3,
            4,
            5,
            8
          ],
          "Q3": [
            5,
            8
          ],
          "Q4": [
            5,
            8
          ],
          "get_cost_on_this_client": 1.9257888197898865e-07,
          "put_cost_on_this_client": 1.718662679195404e-06,
          "get_latency_on_this_client": 147.61,
          "put_latency_on_this_client": 237.31
        },
        "6": {
          "Q1": [
            3,
            4,
            5,
            8
          ],
          "Q2": [
            3,
            4,
            5,
            8
          ],
          "Q3": [
            3,
            4
          ],
          "Q4": [
            3,
            4
          ],
          "get_cost_on_this_client": 1.5291571617126466e-06,
          "put_cost_on_this_client": 3.05667519569397e-06,
          "get_latency_on_this_client": 404.2,
          "put_latency_on_this_client": 606.3
        },
        "7": {
          "Q1": [
            3,
            4,
            5,
            8
          ],
          "Q2": [
            3,
            4,
            5,
            8
          ],
          "Q3": [
            5,
            8
          ],
          "Q4": [
            5,
            8
          ],
          "get_cost_on_this_client": 1.9257888197898865e-07,
          "put_cost_on_this_client": 1.718662679195404e-06,
          "get_latency_on_this_client": 220.85000000000002,
          "put_latency_on_this_client": 374.25
        },
        "8": {
          "Q1": [
            3,
            4,
            5,
            8
          ],
          "Q2": [
            3,
            4,
            5,
            8
          ],
          "Q3": [
            5,
            8
          ],
          "Q4": [
            5,
            8
          ],
          "get_cost_on_this_client": 1.9257888197898865e-07,
          "put_cost_on_this_client": 1.718662679195404e-06,
          "get_latency_on_this_client": 200.14000000000001,
          "put_latency_on_this_client": 341.94000000000005
        }
      }
    }
  ],
  "overall_cost": 1.8629269811373301,
  "get_cost": 1.3089414685964582,
  "put_cost": 0.44695474207401276,
  "storage_cost": 0.003056983425192637,
  "vm_cost": 0.10397378704166668,
  "time_period_hrs": 1.0
}