{
  "output": [
    {
      "id": 8,
      "protocol": "abd",
      "m": 3,
      "selected_dcs": [
        1,
        5,
        8
      ],
      "get_cost": 0.0010259449481964113,
      "put_cost": 0.001077242195606232,
      "storage_cost": 1.760582401327891e-06,
      "vm_cost": 0.024153388889999995,
      "total_cost": 0.026258336616203967,
      "get_latency": 408,
      "put_latency": 408,
      "client_placement_info": {
        "0": {
          "Q1": [
            5,
            8
          ],
          "Q2": [
            5,
            8
          ],
          "get_cost_on_this_client": 2.9802322387695314e-09,
          "put_cost_on_this_client": 3.129243850708008e-09,
          "get_latency_on_this_client": 296.2,
          "put_latency_on_this_client": 296.2
        },
        "1": {
          "Q1": [
            1,
            5
          ],
          "Q2": [
            1,
            5
          ],
          "get_cost_on_this_client": 2.9802322387695314e-09,
          "put_cost_on_this_client": 3.129243850708008e-09,
          "get_latency_on_this_client": 408,
          "put_latency_on_this_client": 408
        },
        "2": {
          "Q1": [
            5,
            8
          ],
          "Q2": [
            5,
            8
          ],
          "get_cost_on_this_client": 2.9802322387695314e-09,
          "put_cost_on_this_client": 3.129243850708008e-09,
          "get_latency_on_this_client": 428,
          "put_latency_on_this_client": 428
        },
        "3": {
          "Q1": [
            5,
            8
          ],
          "Q2": [
            5,
            8
          ],
          "get_cost_on_this_client": 2.9802322387695314e-09,
          "put_cost_on_this_client": 3.129243850708008e-09,
          "get_latency_on_this_client": 277.2,
          "put_latency_on_this_client": 277.2
        },
        "4": {
          "Q1": [
            5,
            8
          ],
          "Q2": [
            5,
            8
          ],
          "get_cost_on_this_client": 2.9802322387695314e-09,
          "put_cost_on_this_client": 3.129243850708008e-09,
          "get_latency_on_this_client": 262.2,
          "put_latency_on_this_client": 262.2
        },
        "5": {
          "Q1": [
            5,
            8
          ],
          "Q2": [
            5,
            8
          ],
          "get_cost_on_this_client": 3.7252902984619143e-10,
          "put_cost_on_this_client": 3.91155481338501e-10,
          "get_latency_on_this_client": 115.82,
          "put_latency_on_this_client": 115.82
        },
        "6": {
          "Q1": [
            5,
            8
          ],
          "Q2": [
            5,
            8
          ],
          "get_cost_on_this_client": 2.9802322387695314e-09,
          "put_cost_on_this_client": 3.129243850708008e-09,
          "get_latency_on_this_client": 344,
          "put_latency_on_this_client": 344
        },
        "7": {
          "Q1": [
            5,
            8
          ],
          "Q2": [
            5,
            8
          ],
          "get_cost_on_this_client": 3.7252902984619143e-10,
          "put_cost_on_this_client": 3.91155481338501e-10,
          "get_latency_on_this_client": 134.9,
          "put_latency_on_this_client": 134.9
        },
        "8": {
          "Q1": [
            5,
            8
          ],
          "Q2": [
            5,
            8
          ],
          "get_cost_on_this_client": 3.7252902984619143e-10,
          "put_cost_on_this_client": 3.91155481338501e-10,
          "get_latency_on_this_client": 116.68,
          "put_latency_on_this_client": 116.68
        }
      }
    }
  ],
  "overall_cost": 0.026258336616203967,
  "get_cost": 0.0010259449481964113,
  "put_cost": 0.001077242195606232,
  "storage_cost": 1.760582401327891e-06,
  "vm_cost": 0.024153388889999995,
  "time_period_hrs": 1.0
}