{
  "output": [
    {
      "id": 0,
      "protocol": "replication",
      "m": 3,
      "k": 1,
      "selected_dcs": [
        2,
        5,
        7
      ],
      "get_cost": 7.077023573219774,
      "put_cost": 7.077783718705178,
      "storage_cost": 0.017767083154965755,
      "vm_cost": 0.0424110555575,
      "total_cost": 14.21498543063742,
      "get_latency": 329.6,
      "put_latency": 494.40000000000003,
      "client_placement_info": {
        "0": {
          "Q1": [
            2,
            7
          ],
          "Q2": [
            2,
            7
          ],
          "Q3": [
            2,
            7
          ],
          "Q4": [
            2,
            7
          ],
          "get_cost_on_this_client": 1.239909790456295e-05,
          "put_cost_on_this_client": 1.240042969584465e-05,
          "get_latency_on_this_client": 199.6,
          "put_latency_on_this_client": 299.4
        },
        "1": {
          "Q1": [
            2,
            7
          ],
          "Q2": [
            2,
            7
          ],
          "Q3": [
            2,
            7
          ],
          "Q4": [
            2,
            7
          ],
          "get_cost_on_this_client": 2.861330285668373e-05,
          "put_cost_on_this_client": 2.861637622117996e-05,
          "get_latency_on_this_client": 278,
          "put_latency_on_this_client": 417
        },
        "2": {
          "Q1": [
            2,
            7
          ],
          "Q2": [
            2,
            7
          ],
          "Q3": [
            2,
            7
          ],
          "Q4": [
            2,
            7
          ],
          "get_cost_on_this_client": 8.583990857005119e-06,
          "put_cost_on_this_client": 8.584912866353988e-06,
          "get_latency_on_this_client": 329.6,
          "put_latency_on_this_client": 494.40000000000003
        },
        "3": {
          "Q1": [
            5,
            7
          ],
          "Q2": [
            5,
            7
          ],
          "Q3": [
            5,
            7
          ],
          "Q4": [
            5,
            7
          ],
          "get_cost_on_this_client": 1.5260428190231322e-05,
          "put_cost_on_this_client": 1.5262067317962647e-05,
          "get_latency_on_this_client": 306.2,
          "put_latency_on_this_client": 459.29999999999995
        },
        "4": {
          "Q1": [
            5,
            7
          ],
          "Q2": [
            5,
            7
          ],
          "Q3": [
            5,
            7
          ],
          "Q4": [
            5,
            7
          ],
          "get_cost_on_this_client": 1.5260428190231322e-05,
          "put_cost_on_this_client": 1.5262067317962647e-05,
          "get_latency_on_this_client": 281.8,
          "put_latency_on_this_client": 422.70000000000005
        },
        "5": {
          "Q1": [
            5,
            7
          ],
          "Q2": [
            5,
            7
          ],
          "Q3": [
            5,
            7
          ],
          "Q4": [
            5,
            7
          ],
          "get_cost_on_this_client": 1.9075535237789152e-06,
          "put_cost_on_this_client": 1.907758414745331e-06,
          "get_latency_on_this_client": 135.98,
          "put_latency_on_this_client": 203.96999999999997
        },
        "6": {
          "Q1": [
            5,
            7
          ],
          "Q2": [
            5,
            7
          ],
          "Q3": [
            5,
            7
          ],
          "Q4": [
            5,
            7
          ],
          "get_cost_on_this_client": 1.5260428190231322e-05,
          "put_cost_on_this_client": 1.5262067317962647e-05,
          "get_latency_on_this_client": 310.2,
          "put_latency_on_this_client": 465.29999999999995
        },
        "7": {
          "Q1": [
            5,
            7
          ],
          "Q2": [
            5,
            7
          ],
          "Q3": [
            5,
            7
          ],
          "Q4": [
            5,
            7
          ],
          "get_cost_on_this_client": 1.9075535237789152e-06,
          "put_cost_on_this_client": 1.907758414745331e-06,
          "get_latency_on_this_client": 134.9,
          "put_latency_on_this_client": 202.35000000000002
        },
        "8": {
          "Q1": [
            5,
            7
          ],
          "Q2": [
            5,
            7
          ],
          "Q3": [
            5,
            7
          ],
          "Q4": [
            5,
            7
          ],
          "get_cost_on_this_client": 1.9075535237789152e-06,
          "put_cost_on_this_client": 1.907758414745331e-06,
          "get_latency_on_this_client": 116.68,
          "put_latency_on_this_client": 175.02
        }
      }
    }
  ],
  "overall_cost": 14.21498543063742,
  "get_cost": 7.077023573219774,
  "put_cost": 7.077783718705178,
  "storage_cost": 0.017767083154965755,
  "vm_cost": 0.0424110555575,
  "time_period_hrs": 1.0
}