{
  "output": [
    {
      "id": 0,
      "protocol": "cas",
      "m": 4,
      "k": 2,
      "selected_dcs": [
        1,
        5,
        7,
        8
      ],
      "get_cost": 12.554148864001037,
      "put_cost": 12.556845741346477,
      "storage_cost": 0.012149549510380992,
      "vm_cost": 0.08102171296666666,
      "total_cost": 25.20416586782456,
      "get_latency": 408,
      "put_latency": 612,
      "client_placement_info": {
        "0": {
          "Q1": [
            5,
            7
          ],
          "Q2": [
            5,
            7,
            8
          ],
          "Q3": [
            5,
            7,
            8
          ],
          "Q4": [
            5,
            7,
            8
          ],
          "get_cost_on_this_client": 1.1445730924606323e-05,
          "put_cost_on_this_client": 1.1448189616203308e-05,
          "get_latency_on_this_client": 296.2,
          "put_latency_on_this_client": 444.29999999999995
        },
        "1": {
          "Q1": [
            1,
            5
          ],
          "Q2": [
            1,
            5,
            7
          ],
          "Q3": [
            1,
            5,
            7
          ],
          "Q4": [
            1,
            5,
            7
          ],
          "get_cost_on_this_client": 1.4783591032028198e-05,
          "put_cost_on_this_client": 1.4786766842007637e-05,
          "get_latency_on_this_client": 408,
          "put_latency_on_this_client": 612
        },
        "2": {
          "Q1": [
            5,
            7
          ],
          "Q2": [
            5,
            7,
            8
          ],
          "Q3": [
            5,
            7,
            8
          ],
          "Q4": [
            5,
            7,
            8
          ],
          "get_cost_on_this_client": 1.1445730924606323e-05,
          "put_cost_on_this_client": 1.1448189616203308e-05,
          "get_latency_on_this_client": 428,
          "put_latency_on_this_client": 642
        },
        "3": {
          "Q1": [
            5,
            7
          ],
          "Q2": [
            5,
            7,
            8
          ],
          "Q3": [
            5,
            7,
            8
          ],
          "Q4": [
            5,
            7,
            8
          ],
          "get_cost_on_this_client": 1.1445730924606323e-05,
          "put_cost_on_this_client": 1.1448189616203308e-05,
          "get_latency_on_this_client": 306.2,
          "put_latency_on_this_client": 459.29999999999995
        },
        "4": {
          "Q1": [
            5,
            7
          ],
          "Q2": [
            5,
            7,
            8
          ],
          "Q3": [
            5,
            7,
            8
          ],
          "Q4": [
            5,
            7,
            8
          ],
          "get_cost_on_this_client": 1.1445730924606323e-05,
          "put_cost_on_this_client": 1.1448189616203308e-05,
          "get_latency_on_this_client": 281.8,
          "put_latency_on_this_client": 422.70000000000005
        },
        "5": {
          "Q1": [
            5,
            7
          ],
          "Q2": [
            5,
            7,
            8
          ],
          "Q3": [
            5,
            7,
            8
          ],
          "Q4": [
            5,
            7,
            8
          ],
          "get_cost_on_this_client": 1.4307163655757904e-06,
          "put_cost_on_this_client": 1.4310237020254135e-06,
          "get_latency_on_this_client": 135.98,
          "put_latency_on_this_client": 203.96999999999997
        },
        "6": {
          "Q1": [
            5,
            7
          ],
          "Q2": [
            5,
            7,
            8
          ],
          "Q3": [
            5,
            7,
            8
          ],
          "Q4": [
            5,
            7,
            8
          ],
          "get_cost_on_this_client": 1.1445730924606323e-05,
          "put_cost_on_this_client": 1.1448189616203308e-05,
          "get_latency_on_this_client": 327.1,
          "put_latency_on_this_client": 499.1
        },
        "7": {
          "Q1": [
            5,
            7
          ],
          "Q2": [
            5,
            7,
            8
          ],
          "Q3": [
            5,
            7,
            8
          ],
          "Q4": [
            5,
            7,
            8
          ],
          "get_cost_on_this_client": 1.4307163655757904e-06,
          "put_cost_on_this_client": 1.4310237020254135e-06,
          "get_latency_on_this_client": 134.9,
          "put_latency_on_this_client": 202.35000000000002
        },
        "8": {
          "Q1": [
            5,
            7
          ],
          "Q2": [
            5,
            7,
            8
          ],
          "Q3": [
            5,
            7,
            8
          ],
          "Q4": [
            5,
            7,
            8
          ],
          "get_cost_on_this_client": 1.4307163655757904e-06,
          "put_cost_on_this_client": 1.4310237020254135e-06,
          "get_latency_on_this_client": 116.68,
          "put_latency_on_this_client": 175.02
        }
      }
    }
  ],
  "overall_cost": 25.20416586782456,
  "get_cost": 12.554148864001037,
  "put_cost": 12.556845741346477,
  "storage_cost": 0.012149549510380992,
  "vm_cost": 0.08102171296666666,
  "time_period_hrs": 1.0
}