{
  "output": [
    {
      "id": 0,
      "protocol": "cas",
      "m": 4,
      "k": 2,
      "selected_dcs": [
        2,
        5,
        7,
        8
      ],
      "get_cost": 0.0018496066331863405,
      "put_cost": 0.003529712557792663,
      "storage_cost": 1.1226902269337274e-06,
      "vm_cost": 0.0785212963,
      "total_cost": 0.08390173818120594,
      "get_latency": 330.8,
      "put_latency": 499.1,
      "client_placement_info": {
        "0": {
          "Q1": [
            2,
            8
          ],
          "Q2": [
            2,
            7,
            8
          ],
          "Q3": [
            2,
            7,
            8
          ],
          "Q4": [
            2,
            7,
            8
          ],
          "get_cost_on_this_client": 2.309679985046387e-09,
          "put_cost_on_this_client": 4.461035132408142e-09,
          "get_latency_on_this_client": 189.82999999999998,
          "put_latency_on_this_client": 289.63
        },
        "1": {
          "Q1": [
            2,
            7
          ],
          "Q2": [
            2,
            7,
            8
          ],
          "Q3": [
            2,
            7,
            8
          ],
          "Q4": [
            2,
            7,
            8
          ],
          "get_cost_on_this_client": 5.168840289115906e-09,
          "put_cost_on_this_client": 9.778887033462524e-09,
          "get_latency_on_this_client": 301,
          "put_latency_on_this_client": 463
        },
        "2": {
          "Q1": [
            2,
            7
          ],
          "Q2": [
            2,
            7,
            8
          ],
          "Q3": [
            2,
            7,
            8
          ],
          "Q4": [
            2,
            7,
            8
          ],
          "get_cost_on_this_client": 1.7136335372924803e-09,
          "put_cost_on_this_client": 3.4552067518234253e-09,
          "get_latency_on_this_client": 330.8,
          "put_latency_on_this_client": 496.8
        },
        "3": {
          "Q1": [
            5,
            8
          ],
          "Q2": [
            5,
            7,
            8
          ],
          "Q3": [
            5,
            7,
            8
          ],
          "Q4": [
            5,
            7,
            8
          ],
          "get_cost_on_this_client": 2.7567148208618164e-09,
          "put_cost_on_this_client": 5.215406417846679e-09,
          "get_latency_on_this_client": 291.7,
          "put_latency_on_this_client": 444.79999999999995
        },
        "4": {
          "Q1": [
            5,
            8
          ],
          "Q2": [
            5,
            7,
            8
          ],
          "Q3": [
            5,
            7,
            8
          ],
          "Q4": [
            5,
            7,
            8
          ],
          "get_cost_on_this_client": 2.7567148208618164e-09,
          "put_cost_on_this_client": 5.215406417846679e-09,
          "get_latency_on_this_client": 272.0,
          "put_latency_on_this_client": 412.9
        },
        "5": {
          "Q1": [
            5,
            8
          ],
          "Q2": [
            5,
            7,
            8
          ],
          "Q3": [
            5,
            7,
            8
          ],
          "Q4": [
            5,
            7,
            8
          ],
          "get_cost_on_this_client": 3.4458935260772705e-10,
          "put_cost_on_this_client": 6.519258022308349e-10,
          "get_latency_on_this_client": 125.89999999999999,
          "put_latency_on_this_client": 193.89
        },
        "6": {
          "Q1": [
            5,
            7
          ],
          "Q2": [
            5,
            7,
            8
          ],
          "Q3": [
            5,
            7,
            8
          ],
          "Q4": [
            5,
            7,
            8
          ],
          "get_cost_on_this_client": 2.7567148208618164e-09,
          "put_cost_on_this_client": 5.215406417846679e-09,
          "get_latency_on_this_client": 327.1,
          "put_latency_on_this_client": 499.1
        },
        "7": {
          "Q1": [
            7,
            8
          ],
          "Q2": [
            5,
            7,
            8
          ],
          "Q3": [
            5,
            7,
            8
          ],
          "Q4": [
            5,
            7,
            8
          ],
          "get_cost_on_this_client": 3.4458935260772705e-10,
          "put_cost_on_this_client": 6.519258022308349e-10,
          "get_latency_on_this_client": 93.6,
          "put_latency_on_this_client": 161.05
        },
        "8": {
          "Q1": [
            7,
            8
          ],
          "Q2": [
            5,
            7,
            8
          ],
          "Q3": [
            5,
            7,
            8
          ],
          "Q4": [
            5,
            7,
            8
          ],
          "get_cost_on_this_client": 3.4458935260772705e-10,
          "put_cost_on_this_client": 6.519258022308349e-10,
          "get_latency_on_this_client": 84.51,
          "put_latency_on_this_client": 142.85000000000002
        }
      }
    }
  ],
  "overall_cost": 0.08390173818120594,
  "get_cost": 0.0018496066331863405,
  "put_cost": 0.003529712557792663,
  "storage_cost": 1.1226902269337274e-06,
  "vm_cost": 0.0785212963,
  "time_period_hrs": 1.0
}