{
    "input_groups": [
        {
            "availability_target": 2,
            "client_dist": [
                0.1111111111111111,
                0.1111111111111111,
                0.1111111111111111,
                0.1111111111111111,
                0.1111111111111111,
                0.1111111111111111,
                0.1111111111111111,
                0.1111111111111111,
                0.1111111111111111
            ],
            "object_size": 1e-06,
            "metadata_size": 1e-09,
            "num_objects": 1000000,
            "arrival_rate": 200,
            "read_ratio": 0.9,
            "write_ratio": 0.09999999999999998,
            "SLO_read": 1000,
            "SLO_write": 1000,
            "duration": 3600,
            "time_to_decode": 0.00028
        },
        {
            "availability_target": 2,
            "client_dist": [
                0.1111111111111111,
                0.1111111111111111,
                0.1111111111111111,
                0.1111111111111111,
                0.1111111111111111,
                0.1111111111111111,
                0.1111111111111111,
                0.1111111111111111,
                0.1111111111111111
            ],
            "object_size": 1e-06,
            "metadata_size": 1e-09,
            "num_objects": 1000000,
            "arrival_rate": 250,
            "read_ratio": 0.9,
            "write_ratio": 0.09999999999999998,
            "SLO_read": 1000,
            "SLO_write": 1000,
            "duration": 3600,
            "time_to_decode": 0.00028
        },
        {
            "availability_target": 2,
            "client_dist": [
                0.1111111111111111,
                0.1111111111111111,
                0.1111111111111111,
                0.1111111111111111,
                0.1111111111111111,
                0.1111111111111111,
                0.1111111111111111,
                0.1111111111111111,
                0.1111111111111111
            ],
            "object_size": 1e-06,
            "metadata_size": 1e-09,
            "num_objects": 1000000,
            "arrival_rate": 300,
            "read_ratio": 0.9,
            "write_ratio": 0.09999999999999998,
            "SLO_read": 1000,
            "SLO_write": 1000,
            "duration": 3600,
            "time_to_decode": 0.00028
        },
        {
            "availability_target": 2,
            "client_dist": [
                0.1111111111111111,
                0.1111111111111111,
                0.1111111111111111,
                0.1111111111111111,
                0.1111111111111111,
                0.1111111111111111,
                0.1111111111111111,
                0.1111111111111111,
                0.1111111111111111
            ],
            "object_size": 1e-06,
            "metadata_size": 1e-09,
            "num_objects": 1000000,
            "arrival_rate": 350,
            "read_ratio": 0.9,
            "write_ratio": 0.09999999999999998,
            "SLO_read": 1000,
            "SLO_write": 1000,
            "duration": 3600,
            "time_to_decode": 0.00028
        },
        {
            "availability_target": 2,
            "client_dist": [
                0.1111111111111111,
                0.1111111111111111,
                0.1111111111111111,
                0.1111111111111111,
                0.1111111111111111,
                0.1111111111111111,
                0.1111111111111111,
                0.1111111111111111,
                0.1111111111111111
            ],
            "object_size": 1e-06,
            "metadata_size": 1e-09,
            "num_objects": 1000000,
            "arrival_rate": 400,
            "read_ratio": 0.9,
            "write_ratio": 0.09999999999999998,
            "SLO_read": 1000,
            "SLO_write": 1000,
            "duration": 3600,
            "time_to_decode": 0.00028
        },
        {
            "availability_target": 2,
            "client_dist": [
                0.1111111111111111,
                0.1111111111111111,
                0.1111111111111111,
                0.1111111111111111,
                0.1111111111111111,
                0.1111111111111111,
                0.1111111111111111,
                0.1111111111111111,
                0.1111111111111111
            ],
            "object_size": 1e-06,
            "metadata_size": 1e-09,
            "num_objects": 1000000,
            "arrival_rate": 450,
            "read_ratio": 0.9,
            "write_ratio": 0.09999999999999998,
            "SLO_read": 1000,
            "SLO_write": 1000,
            "duration": 3600,
            "time_to_decode": 0.00028
        },
        {
            "availability_target": 2,
            "client_dist": [
                0.1111111111111111,
                0.1111111111111111,
                0.1111111111111111,
                0.1111111111111111,
                0.1111111111111111,
                0.1111111111111111,
                0.1111111111111111,
                0.1111111111111111,
                0.1111111111111111
            ],
            "object_size": 1e-06,
            "metadata_size": 1e-09,
            "num_objects": 1000000,
            "arrival_rate": 500,
            "read_ratio": 0.9,
            "write_ratio": 0.09999999999999998,
            "SLO_read": 1000,
            "SLO_write": 1000,
            "duration": 3600,
            "time_to_decode": 0.00028
        },
        {
            "availability_target": 2,
            "client_dist": [
                0.1111111111111111,
                0.1111111111111111,
                0.1111111111111111,
                0.1111111111111111,
                0.1111111111111111,
                0.1111111111111111,
                0.1111111111111111,
                0.1111111111111111,
                0.1111111111111111
            ],
            "object_size": 1e-06,
            "metadata_size": 1e-09,
            "num_objects": 1000000,
            "arrival_rate": 550,
            "read_ratio": 0.9,
            "write_ratio": 0.09999999999999998,
            "SLO_read": 1000,
            "SLO_write": 1000,
            "duration": 3600,
            "time_to_decode": 0.00028
        },
        {
            "availability_target": 2,
            "client_dist": [
                0.1111111111111111,
                0.1111111111111111,
                0.1111111111111111,
                0.1111111111111111,
                0.1111111111111111,
                0.1111111111111111,
                0.1111111111111111,
                0.1111111111111111,
                0.1111111111111111
            ],
            "object_size": 1e-06,
            "metadata_size": 1e-09,
            "num_objects": 1000000,
            "arrival_rate": 600,
            "read_ratio": 0.9,
            "write_ratio": 0.09999999999999998,
            "SLO_read": 1000,
            "SLO_write": 1000,
            "duration": 3600,
            "time_to_decode": 0.00028
        },
        {
            "availability_target": 2,
            "client_dist": [
                0.1111111111111111,
                0.1111111111111111,
                0.1111111111111111,
                0.1111111111111111,
                0.1111111111111111,
                0.1111111111111111,
                0.1111111111111111,
                0.1111111111111111,
                0.1111111111111111
            ],
            "object_size": 1e-06,
            "metadata_size": 1e-09,
            "num_objects": 1000000,
            "arrival_rate": 650,
            "read_ratio": 0.9,
            "write_ratio": 0.09999999999999998,
            "SLO_read": 1000,
            "SLO_write": 1000,
            "duration": 3600,
            "time_to_decode": 0.00028
        },
        {
            "availability_target": 2,