{
  "output": [
    {
      "id": 0,
      "protocol": "abd",
      "m": 5,
      "selected_dcs": [
        0,
        1,
        2,
        3,
        4
      ],
      "get_cost": 7.191233279999997,
      "put_cost": 0.14700762720000007,
      "storage_cost": 0.07849315068493151,
      "vm_cost": 0.9580000000000001,
      "total_cost": 8.374734057884927,
      "get_latency": 391.48,
      "put_latency": 391.48
    }
  ],
  "overall_cost": 8.374734057884927,
  "get_cost": 7.191233279999997,
  "put_cost": 0.14700762720000007,
  "storage_cost": 0.07849315068493151,
  "vm_cost": 0.9580000000000001,
  "time_period_hrs": 1.0
}