{
  "output": [
    {
      "id": 0,
      "protocol": "cas",
      "m": 6,
      "k": 2,
      "selected_dcs": [
        0,
        2,
        3,
        5,
        7,
        8
      ],
      "get_cost": 0.96234063156,
      "put_cost": 0.10894725233280002,
      "storage_cost": 0.04582191780821918,
      "vm_cost": 1.13,
      "total_cost": 2.2471098017010194,
      "get_latency": 504.95,
      "put_latency": 757.9
    }
  ],
  "overall_cost": 2.2471098017010194,
  "get_cost": 0.96234063156,
  "put_cost": 0.10894725233280002,
  "storage_cost": 0.04582191780821918,
  "vm_cost": 1.13,
  "time_period_hrs": 1.0
}