{
  "output": [
    {
      "id": 0,
      "protocol": "abd",
      "m": 5,
      "selected_dcs": [
        0,
        1,
        2,
        3,
        4
      ],
      "get_cost": 5.7398140799999995,
      "put_cost": 0.14700714739200002,
      "storage_cost": 0.07849315068493151,
      "vm_cost": 0.9580000000000001,
      "total_cost": 6.923314378076931,
      "get_latency": 548.08,
      "put_latency": 548.08
    }
  ],
  "overall_cost": 6.923314378076931,
  "get_cost": 5.7398140799999995,
  "put_cost": 0.14700714739200002,
  "storage_cost": 0.07849315068493151,
  "vm_cost": 0.9580000000000001,
  "time_period_hrs": 1.0
}