{
"workload_config": [
        {
            "timestamp": 10,
            "grp_id": [ 1, 2, 3, 4, 5],
            "grp_workload": [
                {
                    "availability_target": 2,
                    "client_dist": [
                        0.1111111111111111,
                        0.1111111111111111,
                        0.1111111111111111,
                        0.1111111111111111,
                        0.1111111111111111,
                        0.1111111111111111,
                        0.1111111111111111,
                        0.1111111111111111,
                        0.1111111111111111
                    ],
                    "object_size": 1e-06,
                    "metadata_size": 1e-09,
                    "num_objects": 1,
                    "arrival_rate": 1000,
                    "read_ratio": 0.9,
                    "write_ratio": 0.1,
                    "SLO_read": 1000,
                    "SLO_write": 1000,
                    "duration": 3600,
                    "time_to_decode": 0.00028,
                    "keys" : ["group11", "group12"]
                },
                {
                    "availability_target": 2,
                    "client_dist": [
                        0.1111111111111111,
                        0.1111111111111111,
                        0.1111111111111111,
                        0.1111111111111111,
                        0.1111111111111111,
                        0.1111111111111111,
                        0.1111111111111111,
                        0.1111111111111111,
                        0.1111111111111111
                    ],
                    "object_size": 1e-06,
                    "metadata_size": 1e-09,
                    "num_objects": 10001,
                    "arrival_rate": 1000,
                    "read_ratio": 0.9,
                    "write_ratio": 0.1,
                    "SLO_read": 1000,
                    "SLO_write": 1000,
                    "duration": 3600,
                    "time_to_decode": 0.00028,
                    "keys" : ["group21", "group22"]
                },
                {
                    "availability_target": 2,
                    "client_dist": [
                        0.1111111111111111,
                        0.1111111111111111,
                        0.1111111111111111,
                        0.1111111111111111,
                        0.1111111111111111,
                        0.1111111111111111,
                        0.1111111111111111,
                        0.1111111111111111,
                        0.1111111111111111
                    ],
                    "object_size": 1e-06,
                    "metadata_size": 1e-09,
                    "num_objects": 20001,
                    "arrival_rate": 1000,
                    "read_ratio": 0.9,
                    "write_ratio": 0.1,
                    "SLO_read": 1000,
                    "SLO_write": 1000,
                    "duration": 3600,
                    "time_to_decode": 0.00028,
                    "keys" : ["group31", "group32"]
                },
                {
                    "availability_target": 2,
                    "client_dist": [
                        0.1111111111111111,
                        0.1111111111111111,
                        0.1111111111111111,
                        0.1111111111111111,
                        0.1111111111111111,
                        0.1111111111111111,
                        0.1111111111111111,
                        0.1111111111111111,
                        0.1111111111111111
                    ],
                    "object_size": 1e-06,
                    "metadata_size": 1e-09,
                    "num_objects": 30001,
                    "arrival_rate": 1000,
                    "read_ratio": 0.9,
                    "write_ratio": 0.1,
                    "SLO_read": 1000,
                    "SLO_write": 1000,
                    "duration": 3600,
                    "time_to_decode": 0.00028,
                    "keys" : ["group41", "group42"]
                },
                {
                    "availability_target": 2,
                    "client_dist": [
                        0.1111111111111111,
                        0.1111111111111111,
                        0.1111111111111111,
                        0.1111111111111111,
                        0.1111111111111111,
                        0.1111111111111111,
                        0.1111111111111111,
                        0.1111111111111111,
                        0.1111111111111111
                    ],
                    "object_size": 1e-06,
                    "metadata_size": 1e-09,
                    "num_objects": 40001,
                    "arrival_rate": 1000,
                    "read_ratio": 0.9,
                    "write_ratio": 0.1,
                    "SLO_read": 1000,
                    "SLO_write": 1000,
                    "duration": 3600,
                    "time_to_decode": 0.00028,
                    "keys" : ["group51", "group52"]
                }
            ]
        },
        {
            "timestamp": 50,
            "grp_id": [ 2, 5],
            "grp_workload": [
                {
                    "availability_target": 2,
                    "client_dist": [
                        0.1111111111111111,
                        0.1111111111111111,
                        0.1111111111111111,
                        0.1111111111111111,
                        0.1111111111111111,
                        0.1111111111111111,
                        0.1111111111111111,
                        0.1111111111111111,
                        0.1111111111111111
                    ],
                    "object_size": 1e-06,
                    "metadata_size": 1e-09,
                    "num_objects": 1000000,
                    "arrival_rate": 200,
                    "read_ratio": 0.9,
                    "write_ratio": 0.1,
                    "SLO_read": 1000,
                    "SLO_write": 1000,
                    "duration": 3600,
                    "time_to_decode": 0.00028,
                    "keys" : ["group21", "group51"]
                },
                {
                    "availability_target": 2,
                    "client_dist": [
                        0.1111111111111111,
                        0.1111111111111111,
                        0.1111111111111111,
                        0.1111111111111111,
                        0.1111111111111111,
                        0.1111111111111111,
                        0.1111111111111111,
                        0.1111111111111111,
                        0.1111111111111111
                    ],
                    "object_size": 1e-06,
                    "metadata_size": 1e-09,
                    "num_objects": 1000000,
                    "arrival_rate": 250,
                    "read_ratio": 0.9,
                    "write_ratio": 0.1,
                    "SLO_read": 1000,
                    "SLO_write": 1000,
                    "duration": 3600,
                    "time_to_decode": 0.00028,
                    "keys" : ["group22", "group52"]
                }
            ]
        }
    ]
}
