{
"workload_config": [
        {
            "timestamp": 2,
            "id": 1,
            "grp_id": [2],
            "grp_workload": [
                {
                    "availability_target": 2,
                    "client_dist": [
                        1,
                        0.1111111111111111,
                        0.1111111111111111,
                        0.1111111111111111,
                        0.1111111111111111,
                        0.1111111111111111,
                        0.1111111111111111,
                        0.1111111111111111,
                        0.1111111111111111
                    ],
                    "object_size": 30,
                    "metadata_size": 1e-09,
                    "num_objects": 10001,
                    "arrival_rate": 1,
                    "read_ratio": 0.9,
                    "write_ratio": 0.1,
                    "SLO_read": 1000,
                    "SLO_write": 1000,
                    "duration": 10,
                    "time_to_decode": 0.00028,
                    "keys" : ["group21"]
                }
            ]
        }
    ]
}
