{
  "output": [
    {
      "id": 8,
      "protocol": "replication",
      "m": 5,
      "k": 1,
      "selected_dcs": [
        1,
        3,
        5,
        7,
        8
      ],
      "get_cost": 0.09918725118041036,
      "put_cost": 0.10024141520261766,
      "storage_cost": 0.0003056983425192637,
      "vm_cost": 0.0719718092625,
      "total_cost": 0.2717061739880473,
      "get_latency": 578,
      "put_latency": 867,
      "client_placement_info": {
        "0": {
          "Q1": [
            3,
            5,
            7
          ],
          "Q2": [
            3,
            5,
            7
          ],
          "Q3": [
            3,
            5,
            7
          ],
          "Q4": [
            3,
            5,
            7
          ],
          "get_cost_on_this_client": 2.3134052753448484e-07,
          "put_cost_on_this_client": 2.3379921913146972e-07,
          "get_latency_on_this_client": 452.2,
          "put_latency_on_this_client": 678.3
        },
        "1": {
          "Q1": [
            1,
            3,
            5
          ],
          "Q2": [
            1,
            3,
            5
          ],
          "Q3": [
            1,
            3,
            5
          ],
          "Q4": [
            1,
            3,
            5
          ],
          "get_cost_on_this_client": 2.988148480653763e-07,
          "put_cost_on_this_client": 3.0199065804481506e-07,
          "get_latency_on_this_client": 578,
          "put_latency_on_this_client": 867
        },
        "2": {
          "Q1": [
            3,
            5,
            7
          ],
          "Q2": [
            3,
            5,
            7
          ],
          "Q3": [
            3,
            5,
            7
          ],
          "Q4": [
            3,
            5,
            7
          ],
          "get_cost_on_this_client": 2.3134052753448484e-07,
          "put_cost_on_this_client": 2.3379921913146972e-07,
          "get_latency_on_this_client": 428,
          "put_latency_on_this_client": 642
        },
        "3": {
          "Q1": [
            3,
            5,
            7
          ],
          "Q2": [
            3,
            5,
            7
          ],
          "Q3": [
            3,
            5,
            7
          ],
          "Q4": [
            3,
            5,
            7
          ],
          "get_cost_on_this_client": 1.6386620700359343e-07,
          "put_cost_on_this_client": 1.6560778021812438e-07,
          "get_latency_on_this_client": 306.2,
          "put_latency_on_this_client": 459.29999999999995
        },
        "4": {
          "Q1": [
            3,
            5,
            7
          ],
          "Q2": [
            3,
            5,
            7
          ],
          "Q3": [
            3,
            5,
            7
          ],
          "Q4": [
            3,
            5,
            7
          ],
          "get_cost_on_this_client": 1.7350539565086363e-07,
          "put_cost_on_this_client": 1.753494143486023e-07,
          "get_latency_on_this_client": 281.8,
          "put_latency_on_this_client": 422.70000000000005
        },
        "5": {
          "Q1": [
            5,
            7,
            8
          ],
          "Q2": [
            5,
            7,
            8
          ],
          "Q3": [
            5,
            7,
            8
          ],
          "Q4": [
            5,
            7,
            8
          ],
          "get_cost_on_this_client": 2.8917565941810605e-08,
          "put_cost_on_this_client": 2.9224902391433715e-08,
          "get_latency_on_this_client": 135.98,
          "put_latency_on_this_client": 203.96999999999997
        },
        "6": {
          "Q1": [
            3,
            5,
            7
          ],
          "Q2": [
            3,
            5,
            7
          ],
          "Q3": [
            3,
            5,
            7
          ],
          "Q4": [
            3,
            5,
            7
          ],
          "get_cost_on_this_client": 2.3134052753448484e-07,
          "put_cost_on_this_client": 2.3379921913146972e-07,
          "get_latency_on_this_client": 404.2,
          "put_latency_on_this_client": 606.3
        },
        "7": {
          "Q1": [
            5,
            7,
            8
          ],
          "Q2": [
            5,
            7,
            8
          ],
          "Q3": [
            5,
            7,
            8
          ],
          "Q4": [
            5,
            7,
            8
          ],
          "get_cost_on_this_client": 2.8917565941810605e-08,
          "put_cost_on_this_client": 2.9224902391433715e-08,
          "get_latency_on_this_client": 134.9,
          "put_latency_on_this_client": 202.35000000000002
        },
        "8": {
          "Q1": [
            5,
            7,
            8
          ],
          "Q2": [
            5,
            7,
            8
          ],
          "Q3": [
            5,
            7,
            8
          ],
          "Q4": [
            5,
            7,
            8
          ],
          "get_cost_on_this_client": 2.8917565941810605e-08,
          "put_cost_on_this_client": 2.9224902391433715e-08,
          "get_latency_on_this_client": 116.68,
          "put_latency_on_this_client": 175.02
        }
      }
    },
    {
      "id": 8,
      "protocol": "replication",
      "m": 5,
      "k": 1,
      "selected_dcs": [
        0,
        1,
        5,
        7,
        8
      ],
      "get_cost": 0.027782551478594535,
      "put_cost": 0.028077824972569942,
      "storage_cost": 0.0003109239552119007,
      "vm_cost": 0.07194305092916667,
      "total_cost": 0.12811435133554305,
      "get_latency": 504.2,
      "put_latency": 756.3,
      "client_placement_info": {
        "0": {
          "Q1": [
            0,
            5,
            7
          ],
          "Q2": [
            0,
            5,
            7
          ],
          "Q3": [
            0,
            5,
            7
          ],
          "Q4": [
            0,
            5,
            7
          ],
          "get_cost_on_this_client": 1.6386620700359343e-07,
          "put_cost_on_this_client": 1.6560778021812438e-07,
          "get_latency_on_this_client": 296.2,
          "put_latency_on_this_client": 444.29999999999995
        },
        "1": {
          "Q1": [
            0,
            1,
            5
          ],
          "Q2": [
            0,
            1,
            5
          ],
          "Q3": [
            0,
            1,
            5
          ],
          "Q4": [
            0,
            1,
            5
          ],
          "get_cost_on_this_client": 2.988148480653763e-07,
          "put_cost_on_this_client": 3.0199065804481506e-07,
          "get_latency_on_this_client": 408,
          "put_latency_on_this_client": 612
        },
        "2": {
          "Q1": [
            0,
            5,
            7
          ],
          "Q2": [
            0,
            5,
            7
          ],
          "Q3": [
            0,
            5,
            7
          ],
          "Q4": [
            0,
            5,
            7
          ],
          "get_cost_on_this_client": 2.0242296159267428e-07,
          "put_cost_on_this_client": 2.0457431674003603e-07,
          "get_latency_on_this_client": 428,
          "put_latency_on_this_client": 642
        },
        "3": {
          "Q1": [
            0,
            5,
            7
          ],
          "Q2": [
            0,
            5,
            7
          ],
          "Q3": [
            0,
            5,
            7
          ],
          "Q4": [
            0,
            5,
            7
          ],
          "get_cost_on_this_client": 2.3134052753448484e-07,
          "put_cost_on_this_client": 2.3379921913146972e-07,
          "get_latency_on_this_client": 458,