{
  "output": [
    {
      "id": 0,
      "protocol": "cas",
      "m": 7,
      "k": 3,
      "selected_dcs": [
        1,
        2,
        3,
        4,
        5,
        7,
        8
      ],
      "get_cost": 0.0636409968137741,
      "put_cost": 0.06566327065229416,
      "storage_cost": 0.00014196247814997145,
      "vm_cost": 0.10198027130083336,
      "total_cost": 0.2314265012450516,
      "get_latency": 634.2,
      "put_latency": 951.3000000000001,
      "client_placement_info": {
        "0": {
          "Q1": [
            2,
            3,
            4
          ],
          "Q2": [
            2,
            3,
            4,
            5,
            7
          ],
          "Q3": [
            2,
            3,
            4,
            5,
            7
          ],
          "Q4": [
            2,
            3,
            4,
            5,
            7
          ],
          "get_cost_on_this_client": 1.197711875041326e-07,
          "put_cost_on_this_client": 1.235616703828176e-07,
          "get_latency_on_this_client": 452.2,
          "put_latency_on_this_client": 678.3
        },
        "1": {
          "Q1": [
            1,
            2,
            3
          ],
          "Q2": [
            1,
            2,
            3,
            4,
            5
          ],
          "Q3": [
            1,
            2,
            3,
            4,
            5
          ],
          "Q4": [
            1,
            2,
            3,
            4,
            5
          ],
          "get_cost_on_this_client": 1.970895876487096e-07,
          "put_cost_on_this_client": 2.0333876212437946e-07,
          "get_latency_on_this_client": 578,
          "put_latency_on_this_client": 867
        },
        "2": {
          "Q1": [
            2,
            3,
            4
          ],
          "Q2": [
            2,
            3,
            4,
            5,
            7
          ],
          "Q3": [
            2,
            3,
            4,
            5,
            7
          ],
          "Q4": [
            2,
            3,
            4,
            5,
            7
          ],
          "get_cost_on_this_client": 1.0664574801921845e-07,
          "put_cost_on_this_client": 1.1002644896507263e-07,
          "get_latency_on_this_client": 417.3,
          "put_latency_on_this_client": 631.3
        },
        "3": {
          "Q1": [
            2,
            3,
            4
          ],
          "Q2": [
            2,
            3,
            4,
            5,
            7
          ],
          "Q3": [
            2,
            3,
            4,
            5,
            7
          ],
          "Q4": [
            2,
            3,
            4,
            5,
            7
          ],
          "get_cost_on_this_client": 8.695758879184722e-08,
          "put_cost_on_this_client": 8.97236168384552e-08,
          "get_latency_on_this_client": 401.2,
          "put_latency_on_this_client": 601.8
        },
        "4": {
          "Q1": [
            2,
            3,
            4
          ],
          "Q2": [
            2,
            3,
            4,
            5,
            7
          ],
          "Q3": [
            2,
            3,
            4,
            5,
            7
          ],
          "Q4": [
            2,
            3,
            4,
            5,
            7
          ],
          "get_cost_on_this_client": 8.695758879184722e-08,
          "put_cost_on_this_client": 8.97236168384552e-08,
          "get_latency_on_this_client": 407.2,
          "put_latency_on_this_client": 610.8
        },
        "5": {
          "Q1": [
            5,
            7,
            8
          ],
          "Q2": [
            2,
            3,
            5,
            7,
            8
          ],
          "Q3": [
            2,
            3,
            5,
            7,
            8
          ],
          "Q4": [
            2,
            3,
            5,
            7,
            8
          ],
          "get_cost_on_this_client": 6.070670982201893e-08,
          "put_cost_on_this_client": 6.265317400296528e-08,
          "get_latency_on_this_client": 281.99,
          "put_latency_on_this_client": 495.99
        },
        "6": {
          "Q1": [
            2,
            3,
            4
          ],
          "Q2": [
            2,
            3,
            4,
            5,
            7
          ],
          "Q3": [
            2,
            3,
            4,
            5,
            7
          ],
          "Q4": [
            2,
            3,
            4,
            5,
            7
          ],
          "get_cost_on_this_client": 1.2961526711781818e-07,
          "put_cost_on_this_client": 1.337130864461263e-07,
          "get_latency_on_this_client": 634.2,
          "put_latency_on_this_client": 951.3000000000001
        },
        "7": {
          "Q1": [
            5,
            7,
            8
          ],
          "Q2": [
            2,
            3,
            5,
            7,
            8
          ],
          "Q3": [
            2,
            3,
            5,
            7,
            8
          ],
          "Q4": [
            2,
            3,
            5,
            7,
            8
          ],
          "get_cost_on_this_client": 6.070670982201893e-08,
          "put_cost_on_this_client": 6.265317400296528e-08,
          "get_latency_on_this_client": 247.35000000000002,
          "put_latency_on_this_client": 427.25
        },
        "8": {
          "Q1": [
            5,
            7,
            8
          ],
          "Q2": [
            2,
            3,
            5,
            7,
            8
          ],
          "Q3": [
            2,
            3,
            5,
            7,
            8
          ],
          "Q4": [
            2,
            3,
            5,
            7,
            8
          ],
          "get_cost_on_this_client": 6.070670982201893e-08,
          "put_cost_on_this_client": 6.265317400296528e-08,
          "get_latency_on_this_client": 223.24,
          "put_latency_on_this_client": 388.14
        }
      }
    },
    {
      "id": 1,
      "protocol": "cas",
      "m": 6,
      "k": 2,
      "selected_dcs": [
        0,
        1,
        2,
        5,
        7,
        8
      ],
      "get_cost": 0.03836707212030888,
      "put_cost": 0.039185124915093184,
      "storage_cost": 0.00018420284741545376,
      "vm_cost": 0.08669490278166667,
      "total_cost": 0.1644313026644842,
      "get_latency": 634.2,
      "put_latency": 951.3000000000001,
      "client_placement_info": {
        "0": {
          "Q1": [
            0,
            2,
            5
          ],
          "Q2": [
            0,
            2,
            5,
            7
          ],
          "Q3": [
            0,
            2,
            5,
            7
          ],
          "Q4": [
            0,
            2,
            5,
            7
          ],
          "get_cost_on_this_client": 1.0633841156959536e-07,
          "put_cost_on_this_client": 1.085922122001648e-07,
          "get_latency_on_this_client": 296.2,
          "put_latency_on_this_client": 444.29999999999995
        },
        "1": {
          "Q1": [
            0,
            1,
            2
          ],
          "Q2": [
            0,
            1,
            2,
            5
          ],
          "Q3": [
            0,
            1,
            2,
            5
          ],
          "Q4": [
            0,
            1,
            2,
            5
          ],
          "get_cost_on_this_client": 2.2252090275287626e-07,
          "put_cost_on_this_client": 2.2723339498043059e-07,
          "get_latency_on_this_client": 319.1,
          "put_latency_on_this_client": 523.1
        },
        "2": {
          "Q1": [
            0,
            2,
            5
          ],