{
  "output": [
    {
      "id": 0,
      "protocol": "abd",
      "m": 5,
      "selected_dcs": [
        2,
        3,
        5,
        7,
        8
      ],
      "get_cost": 0.0019688159227371216,
      "put_cost": 0.0020672567188739772,
      "storage_cost": 2.8577569412858516e-06,
      "vm_cost": 0.07022151759583334,
      "total_cost": 0.07426044799438572,
      "get_latency": 634.2,
      "put_latency": 634.2,
      "client_placement_info": {
        "0": {
          "Q1": [
            2,
            3,
            5
          ],
          "Q2": [
            2,
            3,
            5
          ],
          "get_cost_on_this_client": 3.91155481338501e-09,
          "put_cost_on_this_client": 4.10713255405426e-09,
          "get_latency_on_this_client": 452.2,
          "put_latency_on_this_client": 452.2
        },
        "1": {
          "Q1": [
            2,
            3,
            5
          ],
          "Q2": [
            2,
            3,
            5
          ],
          "get_cost_on_this_client": 8.381903171539307e-09,
          "put_cost_on_this_client": 8.800998330116271e-09,
          "get_latency_on_this_client": 578,
          "put_latency_on_this_client": 578
        },
        "2": {
          "Q1": [
            2,
            3,
            5
          ],
          "Q2": [
            2,
            3,
            5
          ],
          "get_cost_on_this_client": 3.1664967536926265e-09,
          "put_cost_on_this_client": 3.3248215913772577e-09,
          "get_latency_on_this_client": 428,
          "put_latency_on_this_client": 428
        },
        "3": {
          "Q1": [
            2,
            3,
            5
          ],
          "Q2": [
            2,
            3,
            5
          ],
          "get_cost_on_this_client": 3.1664967536926265e-09,
          "put_cost_on_this_client": 3.3248215913772577e-09,
          "get_latency_on_this_client": 401.2,
          "put_latency_on_this_client": 401.2
        },
        "4": {
          "Q1": [
            2,
            3,
            5
          ],
          "Q2": [
            2,
            3,
            5
          ],
          "get_cost_on_this_client": 3.3527612686157223e-09,
          "put_cost_on_this_client": 3.5203993320465086e-09,
          "get_latency_on_this_client": 407.2,
          "put_latency_on_this_client": 407.2
        },
        "5": {
          "Q1": [
            5,
            7,
            8
          ],
          "Q2": [
            5,
            7,
            8
          ],
          "get_cost_on_this_client": 5.587935447692871e-10,
          "put_cost_on_this_client": 5.867332220077514e-10,
          "get_latency_on_this_client": 135.98,
          "put_latency_on_this_client": 135.98
        },
        "6": {
          "Q1": [
            2,
            3,
            5
          ],
          "Q2": [
            2,
            3,
            5
          ],
          "get_cost_on_this_client": 4.470348358154297e-09,
          "put_cost_on_this_client": 4.693865776062011e-09,
          "get_latency_on_this_client": 634.2,
          "put_latency_on_this_client": 634.2
        },
        "7": {
          "Q1": [
            5,
            7,
            8
          ],
          "Q2": [
            5,
            7,
            8
          ],
          "get_cost_on_this_client": 5.587935447692871e-10,
          "put_cost_on_this_client": 5.867332220077514e-10,
          "get_latency_on_this_client": 134.9,
          "put_latency_on_this_client": 134.9
        },
        "8": {
          "Q1": [
            5,
            7,
            8
          ],
          "Q2": [
            5,
            7,
            8
          ],
          "get_cost_on_this_client": 5.587935447692871e-10,
          "put_cost_on_this_client": 5.867332220077514e-10,
          "get_latency_on_this_client": 116.68,
          "put_latency_on_this_client": 116.68
        }
      }
    },
    {
      "id": 1,
      "protocol": "abd",
      "m": 5,
      "selected_dcs": [
        1,
        4,
        5,
        7,
        8
      ],
      "get_cost": 0.19626617431640622,
      "put_cost": 0.09918725118041033,
      "storage_cost": 0.0003056983425192637,
      "vm_cost": 0.0719718092625,
      "total_cost": 0.3677309331018358,
      "get_latency": 554,
      "put_latency": 554,
      "client_placement_info": {
        "0": {
          "Q1": [
            4,
            5,
            7
          ],
          "Q2": [
            4,
            5,
            7
          ],
          "get_cost_on_this_client": 4.57763671875e-07,
          "put_cost_on_this_client": 2.3134052753448484e-07,
          "get_latency_on_this_client": 436.2,
          "put_latency_on_this_client": 436.2
        },
        "1": {
          "Q1": [
            1,
            4,
            5
          ],
          "Q2": [
            1,
            4,
            5
          ],
          "get_cost_on_this_client": 5.91278076171875e-07,
          "put_cost_on_this_client": 2.988148480653763e-07,
          "get_latency_on_this_client": 554,
          "put_latency_on_this_client": 554
        },
        "2": {
          "Q1": [
            4,
            5,
            7
          ],
          "Q2": [
            4,
            5,
            7
          ],
          "get_cost_on_this_client": 4.57763671875e-07,
          "put_cost_on_this_client": 2.3134052753448484e-07,
          "get_latency_on_this_client": 428,
          "put_latency_on_this_client": 428
        },
        "3": {
          "Q1": [
            4,
            5,
            7
          ],
          "Q2": [
            4,
            5,
            7
          ],
          "get_cost_on_this_client": 3.4332275390625e-07,
          "put_cost_on_this_client": 1.7350539565086363e-07,
          "get_latency_on_this_client": 306.2,
          "put_latency_on_this_client": 306.2
        },
        "4": {
          "Q1": [
            4,
            5,
            7
          ],
          "Q2": [
            4,
            5,
            7
          ],
          "get_cost_on_this_client": 3.2424926757812497e-07,
          "put_cost_on_this_client": 1.6386620700359343e-07,
          "get_latency_on_this_client": 281.8,
          "put_latency_on_this_client": 281.8
        },
        "5": {
          "Q1": [
            5,
            7,
            8
          ],
          "Q2": [
            5,
            7,
            8
          ],
          "get_cost_on_this_client": 5.7220458984375e-08,
          "put_cost_on_this_client": 2.8917565941810605e-08,
          "get_latency_on_this_client": 135.98,
          "put_latency_on_this_client": 135.98
        },
        "6": {
          "Q1": [
            4,
            5,
            7
          ],
          "Q2": [
            4,
            5,
            7
          ],
          "get_cost_on_this_client": 4.57763671875e-07,
          "put_cost_on_this_client": 2.3134052753448484e-07,
          "get_latency_on_this_client": 383.8,
          "put_latency_on_this_client": 383.8
        },
        "7": {
          "Q1": [
            5,
            7,
            8
          ],
          "Q2": [
            5,
            7,
            8
          ],
          "get_cost_on_this_client": 5.7220458984375e-08,
          "put_cost_on_this_client": 2.8917565941810605e-08,
          "get_latency_on_this_client": 134.9,
          "put_latency_on_this_client": 134.9
        },
        "8": {
          "Q1": [
            5,
            7,
            8
          ],
          "Q2": [
            5,
            7,
            8
          ],
          "get_cost_on_this_client": 5.7220458984375e-08,
          "put_cost_on_this_client": 2.8917565941810605e-08,
          "get_latency_on_this_client": 116.68,
          "put_latency_on_this_client": 116.68
        }
      }
    },
    {
      "id": 2,
      "protocol": "abd",
      "m": 5,