{
  "output": [
    {
      "id": 8,
      "protocol": "replication",
      "m": 3,
      "k": 1,
      "selected_dcs": [
        2,
        5,
        7
      ],
      "get_cost": 0.07152277976274489,
      "put_cost": 0.07228292524814604,
      "storage_cost": 0.00017767083154965753,
      "vm_cost": 0.0424110555575,
      "total_cost": 0.18639443139994058,
      "get_latency": 329.6,
      "put_latency": 494.40000000000003,
      "client_placement_info": {
        "0": {
          "Q1": [
            2,
            7
          ],
          "Q2": [
            2,
            7
          ],
          "Q3": [
            2,
            7
          ],
          "Q4": [
            2,
            7
          ],
          "get_cost_on_this_client": 1.2530945241451264e-07,
          "put_cost_on_this_client": 1.2664124369621279e-07,
          "get_latency_on_this_client": 199.6,
          "put_latency_on_this_client": 299.4
        },
        "1": {
          "Q1": [
            2,
            7
          ],
          "Q2": [
            2,
            7
          ],
          "Q3": [
            2,
            7
          ],
          "Q4": [
            2,
            7
          ],
          "get_cost_on_this_client": 2.891756594181061e-07,
          "put_cost_on_this_client": 2.9224902391433717e-07,
          "get_latency_on_this_client": 278,
          "put_latency_on_this_client": 417
        },
        "2": {
          "Q1": [
            2,
            7
          ],
          "Q2": [
            2,
            7
          ],
          "Q3": [
            2,
            7
          ],
          "Q4": [
            2,
            7
          ],
          "get_cost_on_this_client": 8.675269782543182e-08,
          "put_cost_on_this_client": 8.767470717430115e-08,
          "get_latency_on_this_client": 329.6,
          "put_latency_on_this_client": 494.40000000000003
        },
        "3": {
          "Q1": [
            5,
            7
          ],
          "Q2": [
            5,
            7
          ],
          "Q3": [
            5,
            7
          ],
          "Q4": [
            5,
            7
          ],
          "get_cost_on_this_client": 1.5422701835632324e-07,
          "put_cost_on_this_client": 1.558661460876465e-07,
          "get_latency_on_this_client": 306.2,
          "put_latency_on_this_client": 459.29999999999995
        },
        "4": {
          "Q1": [
            5,
            7
          ],
          "Q2": [
            5,
            7
          ],
          "Q3": [
            5,
            7
          ],
          "Q4": [
            5,
            7
          ],
          "get_cost_on_this_client": 1.5422701835632324e-07,
          "put_cost_on_this_client": 1.558661460876465e-07,
          "get_latency_on_this_client": 281.8,
          "put_latency_on_this_client": 422.70000000000005
        },
        "5": {
          "Q1": [
            5,
            7
          ],
          "Q2": [
            5,
            7
          ],
          "Q3": [
            5,
            7
          ],
          "Q4": [
            5,
            7
          ],
          "get_cost_on_this_client": 1.9278377294540405e-08,
          "put_cost_on_this_client": 1.9483268260955812e-08,
          "get_latency_on_this_client": 135.98,
          "put_latency_on_this_client": 203.96999999999997
        },
        "6": {
          "Q1": [
            5,
            7
          ],
          "Q2": [
            5,
            7
          ],
          "Q3": [
            5,
            7
          ],
          "Q4": [
            5,
            7
          ],
          "get_cost_on_this_client": 1.5422701835632324e-07,
          "put_cost_on_this_client": 1.558661460876465e-07,
          "get_latency_on_this_client": 310.2,
          "put_latency_on_this_client": 465.29999999999995
        },
        "7": {
          "Q1": [
            5,
            7
          ],
          "Q2": [
            5,
            7
          ],
          "Q3": [
            5,
            7
          ],
          "Q4": [
            5,
            7
          ],
          "get_cost_on_this_client": 1.9278377294540405e-08,
          "put_cost_on_this_client": 1.9483268260955812e-08,
          "get_latency_on_this_client": 134.9,
          "put_latency_on_this_client": 202.35000000000002
        },
        "8": {
          "Q1": [
            5,
            7
          ],
          "Q2": [
            5,
            7
          ],
          "Q3": [
            5,
            7
          ],
          "Q4": [
            5,
            7
          ],
          "get_cost_on_this_client": 1.9278377294540405e-08,
          "put_cost_on_this_client": 1.9483268260955812e-08,
          "get_latency_on_this_client": 116.68,
          "put_latency_on_this_client": 175.02
        }
      }
    },
    {
      "id": 8,
      "protocol": "replication",
      "m": 3,
      "k": 1,
      "selected_dcs": [
        1,
        5,
        8
      ],
      "get_cost": 0.06882380694150923,
      "put_cost": 0.06955526769161223,
      "storage_cost": 0.00018028363789597603,
      "vm_cost": 0.0422684305575,
      "total_cost": 0.18082778882851747,
      "get_latency": 428,
      "put_latency": 642,
      "client_placement_info": {
        "0": {
          "Q1": [
            5,
            8
          ],
          "Q2": [
            5,
            8
          ],
          "Q3": [
            5,
            8
          ],
          "Q4": [
            5,
            8
          ],
          "get_cost_on_this_client": 1.5422701835632324e-07,
          "put_cost_on_this_client": 1.558661460876465e-07,
          "get_latency_on_this_client": 296.2,
          "put_latency_on_this_client": 444.29999999999995
        },
        "1": {
          "Q1": [
            1,
            5
          ],
          "Q2": [
            1,
            5
          ],
          "Q3": [
            1,
            5
          ],
          "Q4": [
            1,
            5
          ],
          "get_cost_on_this_client": 1.5422701835632324e-07,
          "put_cost_on_this_client": 1.558661460876465e-07,
          "get_latency_on_this_client": 408,
          "put_latency_on_this_client": 612
        },
        "2": {
          "Q1": [
            5,
            8
          ],
          "Q2": [
            5,
            8
          ],
          "Q3": [
            5,
            8
          ],
          "Q4": [
            5,
            8
          ],
          "get_cost_on_this_client": 1.5422701835632324e-07,
          "put_cost_on_this_client": 1.558661460876465e-07,
          "get_latency_on_this_client": 428,
          "put_latency_on_this_client": 642
        },
        "3": {
          "Q1": [
            5,
            8
          ],
          "Q2": [
            5,
            8
          ],
          "Q3": [
            5,
            8
          ],
          "Q4": [
            5,
            8
          ],
          "get_cost_on_this_client": 1.5422701835632324e-07,
          "put_cost_on_this_client": 1.558661460876465e-07,
          "get_latency_on_this_client": 277.2,
          "put_latency_on_this_client": 415.79999999999995
        },
        "4": {
          "Q1": [
            5,
            8
          ],
          "Q2": [
            5,
            8
          ],
          "Q3": [
            5,
            8
          ],
          "Q4": [
            5,
            8
          ],
          "get_cost_on_this_client": 1.5422701835632324e-07,
          "put_cost_on_this_client": 1.558661460876465e-07,
          "get_latency_on_this_client": 262.2,
          "put_latency_on_this_client": 393.29999999999995
        },
        "5": {
          "Q1": [
            5,
            8
          ],
          "Q2": [
            5,
            8
          ],
          "Q3": [
            5,
            8
          ],
          "Q4": [
            5,
            8
          ],