{
  "output": [
    {
      "id": 0,
      "protocol": "abd",
      "m": 3,
      "selected_dcs": [
        5,
        7,
        8
      ],
      "get_cost": 0.0015124678611755371,
      "put_cost": 0.0015880912542343144,
      "storage_cost": 1.6840353404005913e-06,
      "vm_cost": 0.04021305555750001,
      "total_cost": 0.04331529870825026,
      "get_latency": 428,
      "put_latency": 428,
      "client_placement_info": {
        "0": {
          "Q1": [
            5,
            7
          ],
          "Q2": [
            5,
            7
          ],
          "get_cost_on_this_client": 2.9802322387695314e-09,
          "put_cost_on_this_client": 3.129243850708008e-09,
          "get_latency_on_this_client": 296.2,
          "put_latency_on_this_client": 296.2
        },
        "1": {
          "Q1": [
            5,
            7
          ],
          "Q2": [
            5,
            7
          ],
          "get_cost_on_this_client": 5.587935447692871e-09,
          "put_cost_on_this_client": 5.8673322200775145e-09,
          "get_latency_on_this_client": 408,
          "put_latency_on_this_client": 408
        },
        "2": {
          "Q1": [
            5,
            7
          ],
          "Q2": [
            5,
            7
          ],
          "get_cost_on_this_client": 2.9802322387695314e-09,
          "put_cost_on_this_client": 3.129243850708008e-09,
          "get_latency_on_this_client": 428,
          "put_latency_on_this_client": 428
        },
        "3": {
          "Q1": [
            5,
            7
          ],
          "Q2": [
            5,
            7
          ],
          "get_cost_on_this_client": 2.9802322387695314e-09,
          "put_cost_on_this_client": 3.129243850708008e-09,
          "get_latency_on_this_client": 306.2,
          "put_latency_on_this_client": 306.2
        },
        "4": {
          "Q1": [
            5,
            7
          ],
          "Q2": [
            5,
            7
          ],
          "get_cost_on_this_client": 2.9802322387695314e-09,
          "put_cost_on_this_client": 3.129243850708008e-09,
          "get_latency_on_this_client": 281.8,
          "put_latency_on_this_client": 281.8
        },
        "5": {
          "Q1": [
            5,
            7
          ],
          "Q2": [
            5,
            7
          ],
          "get_cost_on_this_client": 3.7252902984619143e-10,
          "put_cost_on_this_client": 3.91155481338501e-10,
          "get_latency_on_this_client": 135.98,
          "put_latency_on_this_client": 135.98
        },
        "6": {
          "Q1": [
            5,
            7
          ],
          "Q2": [
            5,
            7
          ],
          "get_cost_on_this_client": 2.9802322387695314e-09,
          "put_cost_on_this_client": 3.129243850708008e-09,
          "get_latency_on_this_client": 310.2,
          "put_latency_on_this_client": 310.2
        },
        "7": {
          "Q1": [
            5,
            7
          ],
          "Q2": [
            5,
            7
          ],
          "get_cost_on_this_client": 3.7252902984619143e-10,
          "put_cost_on_this_client": 3.91155481338501e-10,
          "get_latency_on_this_client": 134.9,
          "put_latency_on_this_client": 134.9
        },
        "8": {
          "Q1": [
            5,
            7
          ],
          "Q2": [
            5,
            7
          ],
          "get_cost_on_this_client": 3.7252902984619143e-10,
          "put_cost_on_this_client": 3.91155481338501e-10,
          "get_latency_on_this_client": 116.68,
          "put_latency_on_this_client": 116.68
        }
      }
    },
    {
      "id": 8,
      "protocol": "replication",
      "m": 3,
      "k": 1,
      "selected_dcs": [
        1,
        5,
        8
      ],
      "get_cost": 0.06882380694150923,
      "put_cost": 0.06955526769161223,
      "storage_cost": 0.00018028363789597603,
      "vm_cost": 0.0422684305575,
      "total_cost": 0.18082778882851747,
      "get_latency": 428,
      "put_latency": 642,
      "client_placement_info": {
        "0": {
          "Q1": [
            5,
            8
          ],
          "Q2": [
            5,
            8
          ],
          "Q3": [
            5,
            8
          ],
          "Q4": [
            5,
            8
          ],
          "get_cost_on_this_client": 1.5422701835632324e-07,
          "put_cost_on_this_client": 1.558661460876465e-07,
          "get_latency_on_this_client": 296.2,
          "put_latency_on_this_client": 444.29999999999995
        },
        "1": {
          "Q1": [
            1,
            5
          ],
          "Q2": [
            1,
            5
          ],
          "Q3": [
            1,
            5
          ],
          "Q4": [
            1,
            5
          ],
          "get_cost_on_this_client": 1.5422701835632324e-07,
          "put_cost_on_this_client": 1.558661460876465e-07,
          "get_latency_on_this_client": 408,
          "put_latency_on_this_client": 612
        },
        "2": {
          "Q1": [
            5,
            8
          ],
          "Q2": [
            5,
            8
          ],
          "Q3": [
            5,
            8
          ],
          "Q4": [
            5,
            8
          ],
          "get_cost_on_this_client": 1.5422701835632324e-07,
          "put_cost_on_this_client": 1.558661460876465e-07,
          "get_latency_on_this_client": 428,
          "put_latency_on_this_client": 642
        },
        "3": {
          "Q1": [
            5,
            8
          ],
          "Q2": [
            5,
            8
          ],
          "Q3": [
            5,
            8
          ],
          "Q4": [
            5,
            8
          ],
          "get_cost_on_this_client": 1.5422701835632324e-07,
          "put_cost_on_this_client": 1.558661460876465e-07,
          "get_latency_on_this_client": 277.2,
          "put_latency_on_this_client": 415.79999999999995
        },
        "4": {
          "Q1": [
            5,
            8
          ],
          "Q2": [
            5,
            8
          ],
          "Q3": [
            5,
            8
          ],
          "Q4": [
            5,
            8
          ],
          "get_cost_on_this_client": 1.5422701835632324e-07,
          "put_cost_on_this_client": 1.558661460876465e-07,
          "get_latency_on_this_client": 262.2,
          "put_latency_on_this_client": 393.29999999999995
        },
        "5": {
          "Q1": [
            5,
            8
          ],
          "Q2": [
            5,
            8
          ],
          "Q3": [
            5,
            8
          ],
          "Q4": [
            5,
            8
          ],
          "get_cost_on_this_client": 1.9278377294540405e-08,
          "put_cost_on_this_client": 1.9483268260955812e-08,
          "get_latency_on_this_client": 115.82,
          "put_latency_on_this_client": 173.73
        },
        "6": {
          "Q1": [
            5,
            8
          ],
          "Q2": [
            5,
            8
          ],
          "Q3": [
            5,
            8
          ],
          "Q4": [
            5,
            8
          ],
          "get_cost_on_this_client": 1.5422701835632324e-07,
          "put_cost_on_this_client": 1.558661460876465e-07,
          "get_latency_on_this_client": 344,
          "put_latency_on_this_client": 516
        },
        "7": {
          "Q1": [
            5,
            8
          ],
          "Q2": [
            5,
            8
          ],
          "Q3": [
            5,
            8
          ],
          "Q4": [
            5,
            8
          ],
          "get_cost_on_this_client": 1.9278377294540405e-08,
          "put_cost_on_this_client": 1.9483268260955812e-08,
          "get_latency_on_this_client": 134.9,
          "put_latency_on_this_client": 202.35000000000002
        },