{
    "input_groups": [
        {
            "availability_target": 1,
            "client_dist": [
                0.0,
                0.0,
                0.0,
                0.0,
                0.0,
                0.0,
                0.0,
                0.5,
                0.5
            ],
            "object_size": 9.5367431640625e-06,
            "metadata_size": 9.313225746154785e-08,
            "num_objects": 10000000,
            "arrival_rate": 50,
            "read_ratio": 0.1,
            "write_ratio": 0.9,
            "SLO_read": 500,
            "SLO_write": 500,
            "duration": 3600,
            "time_to_decode": 0.00028
        }
    ]
}