{
  "output": [
    {
      "id": 0,
      "protocol": "cas",
      "m": 4,
      "k": 2,
      "selected_dcs": [
        2,
        5,
        7,
        8
      ],
      "get_cost": 3.1284861266613,
      "put_cost": 3.1291581690311427,
      "storage_cost": 0.01149634792380137,
      "vm_cost": 0.03140851852,
      "total_cost": 6.300549162136244,
      "get_latency": 330.8,
      "put_latency": 499.1,
      "client_placement_info": {
        "0": {
          "Q1": [
            2,
            8
          ],
          "Q2": [
            2,
            7,
            8
          ],
          "Q3": [
            2,
            7,
            8
          ],
          "Q4": [
            2,
            7,
            8
          ],
          "get_cost_on_this_client": 1.0014912113547327e-05,
          "put_cost_on_this_client": 1.0017063468694688e-05,
          "get_latency_on_this_client": 189.82999999999998,
          "put_latency_on_this_client": 289.63
        },
        "1": {
          "Q1": [
            2,
            7
          ],
          "Q2": [
            2,
            7,
            8
          ],
          "Q3": [
            2,
            7,
            8
          ],
          "Q4": [
            2,
            7,
            8
          ],
          "get_cost_on_this_client": 2.1460745483636852e-05,
          "put_cost_on_this_client": 2.14653555303812e-05,
          "get_latency_on_this_client": 301,
          "put_latency_on_this_client": 463
        },
        "2": {
          "Q1": [
            2,
            7
          ],
          "Q2": [
            2,
            7,
            8
          ],
          "Q3": [
            2,
            7,
            8
          ],
          "Q4": [
            2,
            7,
            8
          ],
          "get_cost_on_this_client": 8.107153698801994e-06,
          "put_cost_on_this_client": 8.108895272016526e-06,
          "get_latency_on_this_client": 330.8,
          "put_latency_on_this_client": 496.8
        },
        "3": {
          "Q1": [
            5,
            8
          ],
          "Q2": [
            5,
            7,
            8
          ],
          "Q3": [
            5,
            7,
            8
          ],
          "Q4": [
            5,
            7,
            8
          ],
          "get_cost_on_this_client": 1.1445730924606323e-05,
          "put_cost_on_this_client": 1.1448189616203308e-05,
          "get_latency_on_this_client": 291.7,
          "put_latency_on_this_client": 444.79999999999995
        },
        "4": {
          "Q1": [
            5,
            8
          ],
          "Q2": [
            5,
            7,
            8
          ],
          "Q3": [
            5,
            7,
            8
          ],
          "Q4": [
            5,
            7,
            8
          ],
          "get_cost_on_this_client": 1.1445730924606323e-05,
          "put_cost_on_this_client": 1.1448189616203308e-05,
          "get_latency_on_this_client": 272.0,
          "put_latency_on_this_client": 412.9
        },
        "5": {
          "Q1": [
            5,
            8
          ],
          "Q2": [
            5,
            7,
            8
          ],
          "Q3": [
            5,
            7,
            8
          ],
          "Q4": [
            5,
            7,
            8
          ],
          "get_cost_on_this_client": 1.4307163655757904e-06,
          "put_cost_on_this_client": 1.4310237020254135e-06,
          "get_latency_on_this_client": 125.89999999999999,
          "put_latency_on_this_client": 193.89
        },
        "6": {
          "Q1": [
            5,
            7
          ],
          "Q2": [
            5,
            7,
            8
          ],
          "Q3": [
            5,
            7,
            8
          ],
          "Q4": [
            5,
            7,
            8
          ],
          "get_cost_on_this_client": 1.1445730924606323e-05,
          "put_cost_on_this_client": 1.1448189616203308e-05,
          "get_latency_on_this_client": 327.1,
          "put_latency_on_this_client": 499.1
        },
        "7": {
          "Q1": [
            7,
            8
          ],
          "Q2": [
            5,
            7,
            8
          ],
          "Q3": [
            5,
            7,
            8
          ],
          "Q4": [
            5,
            7,
            8
          ],
          "get_cost_on_this_client": 1.4307163655757904e-06,
          "put_cost_on_this_client": 1.4310237020254135e-06,
          "get_latency_on_this_client": 93.6,
          "put_latency_on_this_client": 161.05
        },
        "8": {
          "Q1": [
            7,
            8
          ],
          "Q2": [
            5,
            7,
            8
          ],
          "Q3": [
            5,
            7,
            8
          ],
          "Q4": [
            5,
            7,
            8
          ],
          "get_cost_on_this_client": 1.4307163655757904e-06,
          "put_cost_on_this_client": 1.4310237020254135e-06,
          "get_latency_on_this_client": 84.51,
          "put_latency_on_this_client": 142.85000000000002
        }
      }
    }
  ],
  "overall_cost": 6.300549162136244,
  "get_cost": 3.1284861266613,
  "put_cost": 3.1291581690311427,
  "storage_cost": 0.01149634792380137,
  "vm_cost": 0.03140851852,
  "time_period_hrs": 1.0
}