{
  "output": [
    {
      "id": 0,
      "protocol": "cas",
      "m": 6,
      "k": 2,
      "selected_dcs": [
        0,
        1,
        5,
        6,
        7,
        8
      ],
      "get_cost": 1.7810679227113726,
      "put_cost": 3.401712463237345,
      "storage_cost": 0.01946540728007277,
      "vm_cost": 0.12861119445000002,
      "total_cost": 5.330856987678791,
      "get_latency": 506.4,
      "put_latency": 759.5999999999999,
      "client_placement_info": {
        "0": {
          "Q1": [
            0,
            5,
            6
          ],
          "Q2": [
            0,
            5,
            6
          ],
          "Q3": [
            0,
            5,
            6,
            7
          ],
          "Q4": [
            0,
            5,
            6,
            7,
            8
          ],
          "get_cost_on_this_client": 1.5737367793917655e-05,
          "put_cost_on_this_client": 8.11053439974785e-06,
          "get_latency_on_this_client": 506.4,
          "put_latency_on_this_client": 759.5999999999999
        },
        "1": {
          "Q1": [
            0,
            1,
            5
          ],
          "Q2": [
            0,
            1,
            5
          ],
          "Q3": [
            0,
            1,
            5,
            6
          ],
          "Q4": [
            0,
            1,
            5,
            6,
            7
          ],
          "get_cost_on_this_client": 2.9090242460370064e-05,
          "put_cost_on_this_client": 1.4789840206503867e-05,
          "get_latency_on_this_client": 494.8,
          "put_latency_on_this_client": 698.8
        },
        "2": {
          "Q1": [
            0,
            5,
            6
          ],
          "Q2": [
            0,
            5,
            6
          ],
          "Q3": [
            0,
            5,
            6,
            7
          ],
          "Q4": [
            0,
            5,
            6,
            7,
            8
          ],
          "get_cost_on_this_client": 1.764512620866299e-05,
          "put_cost_on_this_client": 1.0018702596426012e-05,
          "get_latency_on_this_client": 638.6,
          "put_latency_on_this_client": 957.9000000000001
        },
        "3": {
          "Q1": [
            0,
            5,
            6
          ],
          "Q2": [
            0,
            5,
            6
          ],
          "Q3": [
            0,
            5,
            6,
            7
          ],
          "Q4": [
            0,
            5,
            6,
            7,
            8
          ],
          "get_cost_on_this_client": 1.9075945019721984e-05,
          "put_cost_on_this_client": 1.1449828743934631e-05,
          "get_latency_on_this_client": 458,
          "put_latency_on_this_client": 687
        },
        "4": {
          "Q1": [
            0,
            5,
            6
          ],
          "Q2": [
            0,
            5,
            6
          ],
          "Q3": [
            0,
            5,
            6,
            7
          ],
          "Q4": [
            0,
            5,
            6,
            7,
            8
          ],
          "get_cost_on_this_client": 1.9075945019721984e-05,
          "put_cost_on_this_client": 1.1449828743934631e-05,
          "get_latency_on_this_client": 444,
          "put_latency_on_this_client": 666
        },
        "5": {
          "Q1": [
            5,
            7,
            8
          ],
          "Q2": [
            5,
            7,
            8
          ],
          "Q3": [
            0,
            5,
            7,
            8
          ],
          "Q4": [
            0,
            5,
            6,
            7,
            8
          ],
          "get_cost_on_this_client": 9.060213342308998e-06,
          "put_cost_on_this_client": 1.4319457113742828e-06,
          "get_latency_on_this_client": 213.99,
          "put_latency_on_this_client": 281.98
        },
        "6": {
          "Q1": [
            0,
            5,
            6
          ],
          "Q2": [
            0,
            5,
            6
          ],
          "Q3": [
            0,
            5,
            6,
            7
          ],
          "Q4": [
            0,
            5,
            6,
            7,
            8
          ],
          "get_cost_on_this_client": 1.5737367793917655e-05,
          "put_cost_on_this_client": 8.11053439974785e-06,
          "get_latency_on_this_client": 504.2,
          "put_latency_on_this_client": 756.3
        },
        "7": {
          "Q1": [
            5,
            7,
            8
          ],
          "Q2": [
            5,
            7,
            8
          ],
          "Q3": [
            0,
            5,
            7,
            8
          ],
          "Q4": [
            0,
            5,
            6,
            7,
            8
          ],
          "get_cost_on_this_client": 9.060213342308998e-06,
          "put_cost_on_this_client": 1.4319457113742828e-06,
          "get_latency_on_this_client": 222.45,
          "put_latency_on_this_client": 236.10000000000002
        },
        "8": {
          "Q1": [
            5,
            7,
            8
          ],
          "Q2": [
            5,
            7,
            8
          ],
          "Q3": [
            0,
            5,
            7,
            8
          ],
          "Q4": [
            0,
            5,
            6,
            7,
            8
          ],
          "get_cost_on_this_client": 9.060213342308998e-06,
          "put_cost_on_this_client": 1.4319457113742828e-06,
          "get_latency_on_this_client": 231.24,
          "put_latency_on_this_client": 211.64
        }
      }
    }
  ],
  "overall_cost": 5.330856987678791,
  "get_cost": 1.7810679227113726,
  "put_cost": 3.401712463237345,
  "storage_cost": 0.01946540728007277,
  "vm_cost": 0.12861119445000002,
  "time_period_hrs": 1.0
}