{
  "output": [
    {
      "id": 8,
      "protocol": "replication",
      "m": 3,
      "k": 1,
      "selected_dcs": [
        2,
        5,
        7
      ],
      "get_cost": 1.821565255522728,
      "put_cost": 0.20261332392692566,
      "storage_cost": 0.0017767083154965752,
      "vm_cost": 0.060587222225,
      "total_cost": 2.0865425099901502,
      "get_latency": 329.6,
      "put_latency": 494.40000000000003,
      "client_placement_info": {
        "0": {
          "Q1": [
            2,
            7
          ],
          "Q2": [
            2,
            7
          ],
          "Q3": [
            2,
            7
          ],
          "Q4": [
            2,
            7
          ],
          "get_cost_on_this_client": 1.2411084026098252e-06,
          "put_cost_on_this_client": 1.2424401938915252e-06,
          "get_latency_on_this_client": 199.6,
          "put_latency_on_this_client": 299.4
        },
        "1": {
          "Q1": [
            2,
            7
          ],
          "Q2": [
            2,
            7
          ],
          "Q3": [
            2,
            7
          ],
          "Q4": [
            2,
            7
          ],
          "get_cost_on_this_client": 2.8640963137149812e-06,
          "put_cost_on_this_client": 2.867169678211212e-06,
          "get_latency_on_this_client": 278,
          "put_latency_on_this_client": 417
        },
        "2": {
          "Q1": [
            2,
            7
          ],
          "Q2": [
            2,
            7
          ],
          "Q3": [
            2,
            7
          ],
          "Q4": [
            2,
            7
          ],
          "get_cost_on_this_client": 8.592288941144942e-07,
          "put_cost_on_this_client": 8.601509034633636e-07,
          "get_latency_on_this_client": 329.6,
          "put_latency_on_this_client": 494.40000000000003
        },
        "3": {
          "Q1": [
            5,
            7
          ],
          "Q2": [
            5,
            7
          ],
          "Q3": [
            5,
            7
          ],
          "Q4": [
            5,
            7
          ],
          "get_cost_on_this_client": 1.5275180339813233e-06,
          "put_cost_on_this_client": 1.5291571617126466e-06,
          "get_latency_on_this_client": 306.2,
          "put_latency_on_this_client": 459.29999999999995
        },
        "4": {
          "Q1": [
            5,
            7
          ],
          "Q2": [
            5,
            7
          ],
          "Q3": [
            5,
            7
          ],
          "Q4": [
            5,
            7
          ],
          "get_cost_on_this_client": 1.5275180339813233e-06,
          "put_cost_on_this_client": 1.5291571617126466e-06,
          "get_latency_on_this_client": 281.8,
          "put_latency_on_this_client": 422.70000000000005
        },
        "5": {
          "Q1": [
            5,
            7
          ],
          "Q2": [
            5,
            7
          ],
          "Q3": [
            5,
            7
          ],
          "Q4": [
            5,
            7
          ],
          "get_cost_on_this_client": 1.9093975424766541e-07,
          "put_cost_on_this_client": 1.9114464521408082e-07,
          "get_latency_on_this_client": 135.98,
          "put_latency_on_this_client": 203.96999999999997
        },
        "6": {
          "Q1": [
            5,
            7
          ],
          "Q2": [
            5,
            7
          ],
          "Q3": [
            5,
            7
          ],
          "Q4": [
            5,
            7
          ],
          "get_cost_on_this_client": 1.5275180339813233e-06,
          "put_cost_on_this_client": 1.5291571617126466e-06,
          "get_latency_on_this_client": 310.2,
          "put_latency_on_this_client": 465.29999999999995
        },
        "7": {
          "Q1": [
            5,
            7
          ],
          "Q2": [
            5,
            7
          ],
          "Q3": [
            5,
            7
          ],
          "Q4": [
            5,
            7
          ],
          "get_cost_on_this_client": 1.9093975424766541e-07,
          "put_cost_on_this_client": 1.9114464521408082e-07,
          "get_latency_on_this_client": 134.9,
          "put_latency_on_this_client": 202.35000000000002
        },
        "8": {
          "Q1": [
            5,
            7
          ],
          "Q2": [
            5,
            7
          ],
          "Q3": [
            5,
            7
          ],
          "Q4": [
            5,
            7
          ],
          "get_cost_on_this_client": 1.9093975424766541e-07,
          "put_cost_on_this_client": 1.9114464521408082e-07,
          "get_latency_on_this_client": 116.68,
          "put_latency_on_this_client": 175.02
        }
      }
    }
  ],
  "overall_cost": 2.0865425099901502,
  "get_cost": 1.821565255522728,
  "put_cost": 0.20261332392692566,
  "storage_cost": 0.0017767083154965752,
  "vm_cost": 0.060587222225,
  "time_period_hrs": 1.0
}