{
  "output": [
    {
      "id": 0,
      "protocol": "cas",
      "m": 6,
      "k": 4,
      "selected_dcs": [
        0,
        1,
        2,
        5,
        7,
        8
      ],
      "get_cost": 0.24746990762650964,
      "put_cost": 2.2367885615676637,
      "storage_cost": 0.0009210142370772688,
      "vm_cost": 0.12384986111666667,
      "total_cost": 2.6090293445479174,
      "get_latency": 634.2,
      "put_latency": 951.3000000000001,
      "client_placement_info": {
        "0": {
          "Q1": [
            0,
            2
          ],
          "Q2": [
            0,
            2,
            5,
            7,
            8
          ],
          "Q3": [
            0,
            2,
            5,
            7,
            8
          ],
          "Q4": [
            0,
            2,
            5,
            7,
            8
          ],
          "get_cost_on_this_client": 7.158704102039338e-07,
          "put_cost_on_this_client": 7.189437747001649e-07,
          "get_latency_on_this_client": 217.76,
          "put_latency_on_this_client": 365.86
        },
        "1": {
          "Q1": [
            0,
            1
          ],
          "Q2": [
            0,
            1,
            2,
            5,
            7
          ],
          "Q3": [
            0,
            1,
            2,
            5,
            7
          ],
          "Q4": [
            0,
            1,
            2,
            5,
            7
          ],
          "get_cost_on_this_client": 1.4559924602508544e-06,
          "put_cost_on_this_client": 1.4622416347265243e-06,
          "get_latency_on_this_client": 319.1,
          "put_latency_on_this_client": 523.1
        },
        "2": {
          "Q1": [
            0,
            2
          ],
          "Q2": [
            0,
            2,
            5,
            7,
            8
          ],
          "Q3": [
            0,
            2,
            5,
            7,
            8
          ],
          "Q4": [
            0,
            2,
            5,
            7,
            8
          ],
          "get_cost_on_this_client": 7.158704102039338e-07,
          "put_cost_on_this_client": 7.189437747001649e-07,
          "get_latency_on_this_client": 286.11,
          "put_latency_on_this_client": 500.11
        },
        "3": {
          "Q1": [
            0,
            2
          ],
          "Q2": [
            0,
            2,
            5,
            7,
            8
          ],
          "Q3": [
            0,
            2,
            5,
            7,
            8
          ],
          "Q4": [
            0,
            2,
            5,
            7,
            8
          ],
          "get_cost_on_this_client": 9.553134441375732e-07,
          "put_cost_on_this_client": 9.594112634658814e-07,
          "get_latency_on_this_client": 458,
          "put_latency_on_this_client": 687
        },
        "4": {
          "Q1": [
            0,
            2
          ],
          "Q2": [
            0,
            2,
            5,
            7,
            8
          ],
          "Q3": [
            0,
            2,
            5,
            7,
            8
          ],
          "Q4": [
            0,
            2,
            5,
            7,
            8
          ],
          "get_cost_on_this_client": 9.553134441375732e-07,
          "put_cost_on_this_client": 9.594112634658814e-07,
          "get_latency_on_this_client": 444,
          "put_latency_on_this_client": 666
        },
        "5": {
          "Q1": [
            5,
            7
          ],
          "Q2": [
            0,
            2,
            5,
            7,
            8
          ],
          "Q3": [
            0,
            2,
            5,
            7,
            8
          ],
          "Q4": [
            0,
            2,
            5,
            7,
            8
          ],
          "get_cost_on_this_client": 4.5320019125938416e-07,
          "put_cost_on_this_client": 4.551466554403305e-07,
          "get_latency_on_this_client": 281.99,
          "put_latency_on_this_client": 495.99
        },
        "6": {
          "Q1": [
            0,
            2
          ],
          "Q2": [
            0,
            2,
            5,
            7,
            8
          ],
          "Q3": [
            0,
            2,
            5,
            7,
            8
          ],
          "Q4": [
            0,
            2,
            5,
            7,
            8
          ],
          "get_cost_on_this_client": 9.553134441375732e-07,
          "put_cost_on_this_client": 9.594112634658814e-07,
          "get_latency_on_this_client": 634.2,
          "put_latency_on_this_client": 951.3000000000001
        },
        "7": {
          "Q1": [
            5,
            7
          ],
          "Q2": [
            0,
            2,
            5,
            7,
            8
          ],
          "Q3": [
            0,
            2,
            5,
            7,
            8
          ],
          "Q4": [
            0,
            2,
            5,
            7,
            8
          ],
          "get_cost_on_this_client": 4.5320019125938416e-07,
          "put_cost_on_this_client": 4.551466554403305e-07,
          "get_latency_on_this_client": 247.35000000000002,
          "put_latency_on_this_client": 427.25
        },
        "8": {
          "Q1": [
            5,
            7
          ],
          "Q2": [
            0,
            2,
            5,
            7,
            8
          ],
          "Q3": [
            0,
            2,
            5,
            7,
            8
          ],
          "Q4": [
            0,
            2,
            5,
            7,
            8
          ],
          "get_cost_on_this_client": 4.5320019125938416e-07,
          "put_cost_on_this_client": 4.551466554403305e-07,
          "get_latency_on_this_client": 223.24,
          "put_latency_on_this_client": 388.14
        }
      }
    }
  ],
  "overall_cost": 2.6090293445479174,
  "get_cost": 0.24746990762650964,
  "put_cost": 2.2367885615676637,
  "storage_cost": 0.0009210142370772688,
  "vm_cost": 0.12384986111666667,
  "time_period_hrs": 1.0
}