{
  "output": [
    {
      "id": 0,
      "protocol": "cas",
      "m": 4,
      "k": 2,
      "selected_dcs": [
        2,
        5,
        7,
        8
      ],
      "get_cost": 0.0013317167758941653,
      "put_cost": 0.00028237700462341303,
      "storage_cost": 1.1226902269337274e-06,
      "vm_cost": 0.03140851852,
      "total_cost": 0.03302373499074451,
      "get_latency": 634.2,
      "put_latency": 951.3000000000001,
      "client_placement_info": {
        "0": {
          "Q1": [
            2,
            5
          ],
          "Q2": [
            2,
            5,
            7
          ],
          "Q3": [
            2,
            5,
            7
          ],
          "Q4": [
            2,
            5,
            7
          ],
          "get_cost_on_this_client": 2.309679985046387e-09,
          "put_cost_on_this_client": 4.461035132408142e-09,
          "get_latency_on_this_client": 296.2,
          "put_latency_on_this_client": 444.29999999999995
        },
        "1": {
          "Q1": [
            2,
            5
          ],
          "Q2": [
            2,
            5,
            7
          ],
          "Q3": [
            2,
            5,
            7
          ],
          "Q4": [
            2,
            5,
            7
          ],
          "get_cost_on_this_client": 5.168840289115906e-09,
          "put_cost_on_this_client": 9.778887033462524e-09,
          "get_latency_on_this_client": 408,
          "put_latency_on_this_client": 612
        },
        "2": {
          "Q1": [
            2,
            5
          ],
          "Q2": [
            2,
            5,
            7
          ],
          "Q3": [
            2,
            5,
            7
          ],
          "Q4": [
            2,
            5,
            7
          ],
          "get_cost_on_this_client": 1.7136335372924803e-09,
          "put_cost_on_this_client": 3.4552067518234253e-09,
          "get_latency_on_this_client": 428,
          "put_latency_on_this_client": 642
        },
        "3": {
          "Q1": [
            2,
            5
          ],
          "Q2": [
            2,
            5,
            7
          ],
          "Q3": [
            2,
            5,
            7
          ],
          "Q4": [
            2,
            5,
            7
          ],
          "get_cost_on_this_client": 2.7567148208618164e-09,
          "put_cost_on_this_client": 5.215406417846679e-09,
          "get_latency_on_this_client": 401.2,
          "put_latency_on_this_client": 601.8
        },
        "4": {
          "Q1": [
            2,
            5
          ],
          "Q2": [
            2,
            5,
            7
          ],
          "Q3": [
            2,
            5,
            7
          ],
          "Q4": [
            2,
            5,
            7
          ],
          "get_cost_on_this_client": 2.7567148208618164e-09,
          "put_cost_on_this_client": 5.215406417846679e-09,
          "get_latency_on_this_client": 407.2,
          "put_latency_on_this_client": 610.8
        },
        "5": {
          "Q1": [
            5,
            7
          ],
          "Q2": [
            5,
            7,
            8
          ],
          "Q3": [
            5,
            7,
            8
          ],
          "Q4": [
            5,
            7,
            8
          ],
          "get_cost_on_this_client": 3.4458935260772705e-10,
          "put_cost_on_this_client": 6.519258022308349e-10,
          "get_latency_on_this_client": 135.98,
          "put_latency_on_this_client": 203.96999999999997
        },
        "6": {
          "Q1": [
            2,
            5
          ],
          "Q2": [
            2,
            5,
            7
          ],
          "Q3": [
            2,
            5,
            7
          ],
          "Q4": [
            2,
            5,
            7
          ],
          "get_cost_on_this_client": 2.7567148208618164e-09,
          "put_cost_on_this_client": 5.215406417846679e-09,
          "get_latency_on_this_client": 634.2,
          "put_latency_on_this_client": 951.3000000000001
        },
        "7": {
          "Q1": [
            5,
            7
          ],
          "Q2": [
            5,
            7,
            8
          ],
          "Q3": [
            5,
            7,
            8
          ],
          "Q4": [
            5,
            7,
            8
          ],
          "get_cost_on_this_client": 3.4458935260772705e-10,
          "put_cost_on_this_client": 6.519258022308349e-10,
          "get_latency_on_this_client": 134.9,
          "put_latency_on_this_client": 202.35000000000002
        },
        "8": {
          "Q1": [
            5,
            7
          ],
          "Q2": [
            5,
            7,
            8
          ],
          "Q3": [
            5,
            7,
            8
          ],
          "Q4": [
            5,
            7,
            8
          ],
          "get_cost_on_this_client": 3.4458935260772705e-10,
          "put_cost_on_this_client": 6.519258022308349e-10,
          "get_latency_on_this_client": 116.68,
          "put_latency_on_this_client": 175.02
        }
      }
    }
  ],
  "overall_cost": 0.03302373499074451,
  "get_cost": 0.0013317167758941653,
  "put_cost": 0.00028237700462341303,
  "storage_cost": 1.1226902269337274e-06,
  "vm_cost": 0.03140851852,
  "time_period_hrs": 1.0
}