{
  "output": [
    {
      "id": 0,
      "protocol": "cas",
      "m": 6,
      "k": 2,
      "selected_dcs": [
        1,
        2,
        5,
        6,
        7,
        8
      ],
      "get_cost": 0.00024496112018823624,
      "put_cost": 0.005411859601736069,
      "storage_cost": 1.8498873057430737e-06,
      "vm_cost": 0.12793119445000004,
      "total_cost": 0.1335898650592301,
      "get_latency": 327.1,
      "put_latency": 499.1,
      "client_placement_info": {
        "0": {
          "Q1": [
            2,
            7,
            8
          ],
          "Q2": [
            1,
            2,
            7,
            8
          ],
          "Q3": [
            1,
            2,
            7,
            8
          ],
          "Q4": [
            1,
            2,
            7,
            8
          ],
          "get_cost_on_this_client": 3.827735781669616e-09,
          "put_cost_on_this_client": 7.515773177146912e-09,
          "get_latency_on_this_client": 214.8,
          "put_latency_on_this_client": 329.8
        },
        "1": {
          "Q1": [
            1,
            2,
            7
          ],
          "Q2": [
            1,
            2,
            7,
            8
          ],
          "Q3": [
            1,
            2,
            7,
            8
          ],
          "Q4": [
            1,
            2,
            7,
            8
          ],
          "get_cost_on_this_client": 5.317851901054382e-09,
          "put_cost_on_this_client": 1.0030344128608703e-08,
          "get_latency_on_this_client": 301,
          "put_latency_on_this_client": 463
        },
        "2": {
          "Q1": [
            1,
            2,
            7
          ],
          "Q2": [
            1,
            2,
            7,
            8
          ],
          "Q3": [
            1,
            2,
            7,
            8
          ],
          "Q4": [
            1,
            2,
            7,
            8
          ],
          "get_cost_on_this_client": 3.948807716369629e-09,
          "put_cost_on_this_client": 7.227063179016113e-09,
          "get_latency_on_this_client": 330.8,
          "put_latency_on_this_client": 496.8
        },
        "3": {
          "Q1": [
            5,
            7,
            8
          ],
          "Q2": [
            2,
            5,
            7,
            8
          ],
          "Q3": [
            2,
            5,
            7,
            8
          ],
          "Q4": [
            2,
            5,
            7,
            8
          ],
          "get_cost_on_this_client": 3.948807716369629e-09,
          "put_cost_on_this_client": 7.227063179016113e-09,
          "get_latency_on_this_client": 353.7,
          "put_latency_on_this_client": 554.3
        },
        "4": {
          "Q1": [
            5,
            7,
            8
          ],
          "Q2": [
            5,
            6,
            7,
            8
          ],
          "Q3": [
            5,
            6,
            7,
            8
          ],
          "Q4": [
            5,
            6,
            7,
            8
          ],
          "get_cost_on_this_client": 3.948807716369629e-09,
          "put_cost_on_this_client": 7.227063179016113e-09,
          "get_latency_on_this_client": 333.0,
          "put_latency_on_this_client": 525.1
        },
        "5": {
          "Q1": [
            5,
            7,
            8
          ],
          "Q2": [
            5,
            6,
            7,
            8
          ],
          "Q3": [
            5,
            6,
            7,
            8
          ],
          "Q4": [
            5,
            6,
            7,
            8
          ],
          "get_cost_on_this_client": 8.195638656616211e-10,
          "put_cost_on_this_client": 1.94646418094635e-09,
          "get_latency_on_this_client": 184.08999999999997,
          "put_latency_on_this_client": 300.18999999999994
        },
        "6": {
          "Q1": [
            5,
            6,
            7
          ],
          "Q2": [
            5,
            6,
            7,
            8
          ],
          "Q3": [
            5,
            6,
            7,
            8
          ],
          "Q4": [
            5,
            6,
            7,
            8
          ],
          "get_cost_on_this_client": 2.905726432800293e-09,
          "put_cost_on_this_client": 5.466863512992859e-09,
          "get_latency_on_this_client": 327.1,
          "put_latency_on_this_client": 499.1
        },
        "7": {
          "Q1": [
            5,
            7,
            8
          ],
          "Q2": [
            1,
            5,
            7,
            8
          ],
          "Q3": [
            1,
            5,
            7,
            8
          ],
          "Q4": [
            1,
            5,
            7,
            8
          ],
          "get_cost_on_this_client": 1.1455267667770386e-09,
          "put_cost_on_this_client": 2.989545464515686e-09,
          "get_latency_on_this_client": 206.55,
          "put_latency_on_this_client": 345.65
        },
        "8": {
          "Q1": [
            5,
            7,
            8
          ],
          "Q2": [
            1,
            5,
            7,
            8
          ],
          "Q3": [
            1,
            5,
            7,
            8
          ],
          "Q4": [
            1,
            5,
            7,
            8
          ],
          "get_cost_on_this_client": 1.1455267667770386e-09,
          "put_cost_on_this_client": 2.989545464515686e-09,
          "get_latency_on_this_client": 222.44,
          "put_latency_on_this_client": 386.53999999999996
        }
      }
    }
  ],
  "overall_cost": 0.1335898650592301,
  "get_cost": 0.00024496112018823624,
  "put_cost": 0.005411859601736069,
  "storage_cost": 1.8498873057430737e-06,
  "vm_cost": 0.12793119445000004,
  "time_period_hrs": 1.0
}