{
  "output": [
    {
      "id": 0,
      "protocol": "cas",
      "m": 6,
      "k": 2,
      "selected_dcs": [
        0,
        1,
        5,
        6,
        7,
        8
      ],
      "get_cost": 0.13679059781134129,
      "put_cost": 0.07136468030512332,
      "storage_cost": 0.0019465407280072774,
      "vm_cost": 0.05144447778,
      "total_cost": 0.26154629662447193,
      "get_latency": 506.4,
      "put_latency": 785.6,
      "client_placement_info": {
        "0": {
          "Q1": [
            0,
            5,
            6,
            7
          ],
          "Q2": [
            0,
            5,
            6,
            7,
            8
          ],
          "Q3": [
            0,
            5,
            6
          ],
          "Q4": [
            0,
            5,
            6
          ],
          "get_cost_on_this_client": 8.131843060255049e-07,
          "put_cost_on_this_client": 1.577865332365036e-06,
          "get_latency_on_this_client": 506.4,
          "put_latency_on_this_client": 759.5999999999999
        },
        "1": {
          "Q1": [
            0,
            1,
            5,
            6
          ],
          "Q2": [
            0,
            1,
            5,
            6,
            7
          ],
          "Q3": [
            0,
            1,
            5
          ],
          "Q4": [
            0,
            1,
            5
          ],
          "get_cost_on_this_client": 1.4829076826572418e-06,
          "put_cost_on_this_client": 2.9165949672460552e-06,
          "get_latency_on_this_client": 494.8,
          "put_latency_on_this_client": 785.6
        },
        "2": {
          "Q1": [
            0,
            5,
            6,
            7
          ],
          "Q2": [
            0,
            5,
            6,
            7,
            8
          ],
          "Q3": [
            0,
            5,
            6
          ],
          "Q4": [
            0,
            5,
            6
          ],
          "get_cost_on_this_client": 1.004328951239586e-06,
          "put_cost_on_this_client": 1.769419759511948e-06,
          "get_latency_on_this_client": 638.6,
          "put_latency_on_this_client": 957.9000000000001
        },
        "3": {
          "Q1": [
            0,
            5,
            6,
            7
          ],
          "Q2": [
            0,
            5,
            6,
            7,
            8
          ],
          "Q3": [
            0,
            5,
            6
          ],
          "Q4": [
            0,
            5,
            6
          ],
          "get_cost_on_this_client": 1.1476874351501464e-06,
          "put_cost_on_this_client": 1.9130855798721312e-06,
          "get_latency_on_this_client": 458,
          "put_latency_on_this_client": 687
        },
        "4": {
          "Q1": [
            0,
            5,
            6,
            7
          ],
          "Q2": [
            0,
            5,
            6,
            7,
            8
          ],
          "Q3": [
            0,
            5,
            6
          ],
          "Q4": [
            0,
            5,
            6
          ],
          "get_cost_on_this_client": 1.1476874351501464e-06,
          "put_cost_on_this_client": 1.9130855798721312e-06,
          "get_latency_on_this_client": 444,
          "put_latency_on_this_client": 666
        },
        "5": {
          "Q1": [
            0,
            5,
            7,
            8
          ],
          "Q2": [
            0,
            5,
            6,
            7,
            8
          ],
          "Q3": [
            5,
            7,
            8
          ],
          "Q4": [
            5,
            7,
            8
          ],
          "get_cost_on_this_client": 1.4417804777622223e-07,
          "put_cost_on_this_client": 9.074248373508453e-07,
          "get_latency_on_this_client": 213.99,
          "put_latency_on_this_client": 359.99
        },
        "6": {
          "Q1": [
            0,
            5,
            6,
            7
          ],
          "Q2": [
            0,
            5,
            6,
            7,
            8
          ],
          "Q3": [
            0,
            5,
            6
          ],
          "Q4": [
            0,
            5,
            6
          ],
          "get_cost_on_this_client": 8.131843060255049e-07,
          "put_cost_on_this_client": 1.577865332365036e-06,
          "get_latency_on_this_client": 504.2,
          "put_latency_on_this_client": 756.3
        },
        "7": {
          "Q1": [
            0,
            5,
            7,
            8
          ],
          "Q2": [
            0,
            5,
            6,
            7,
            8
          ],
          "Q3": [
            5,
            7,
            8
          ],
          "Q4": [
            5,
            7,
            8
          ],
          "get_cost_on_this_client": 1.4417804777622223e-07,
          "put_cost_on_this_client": 9.074248373508453e-07,
          "get_latency_on_this_client": 168.65,
          "put_latency_on_this_client": 323.65
        },
        "8": {
          "Q1": [
            0,
            5,
            7,
            8
          ],
          "Q2": [
            0,
            5,
            6,
            7,
            8
          ],
          "Q3": [
            5,
            7,
            8
          ],
          "Q4": [
            5,
            7,
            8
          ],
          "get_cost_on_this_client": 1.4417804777622223e-07,
          "put_cost_on_this_client": 9.074248373508453e-07,
          "get_latency_on_this_client": 153.3,
          "put_latency_on_this_client": 326.20000000000005
        }
      }
    }
  ],
  "overall_cost": 0.26154629662447193,
  "get_cost": 0.13679059781134129,
  "put_cost": 0.07136468030512332,
  "storage_cost": 0.0019465407280072774,
  "vm_cost": 0.05144447778,
  "time_period_hrs": 1.0
}