{
  "output": [
    {
      "id": 8,
      "protocol": "replication",
      "m": 5,
      "k": 1,
      "selected_dcs": [
        1,
        3,
        4,
        5,
        8
      ],
      "get_cost": 5.220231860876083,
      "put_cost": 1.785532385110855,
      "storage_cost": 0.030569834251926366,
      "vm_cost": 0.04158951481666667,
      "total_cost": 7.077923595055531,
      "get_latency": 578,
      "put_latency": 867,
      "client_placement_info": {
        "0": {
          "Q1": [
            3,
            4,
            5,
            8
          ],
          "Q2": [
            3,
            4,
            5,
            8
          ],
          "Q3": [
            3,
            4
          ],
          "Q4": [
            3,
            4
          ],
          "get_cost_on_this_client": 1.5262067317962647e-05,
          "put_cost_on_this_client": 3.052249550819397e-05,
          "get_latency_on_this_client": 452.2,
          "put_latency_on_this_client": 678.3
        },
        "1": {
          "Q1": [
            1,
            3,
            4,
            5
          ],
          "Q2": [
            1,
            3,
            4,
            5
          ],
          "Q3": [
            1,
            3
          ],
          "Q4": [
            1,
            3
          ],
          "get_cost_on_this_client": 1.5263501554727556e-05,
          "put_cost_on_this_client": 4.387537017464638e-05,
          "get_latency_on_this_client": 578,
          "put_latency_on_this_client": 867
        },
        "2": {
          "Q1": [
            3,
            4,
            5,
            8
          ],
          "Q2": [
            3,
            4,
            5,
            8
          ],
          "Q3": [
            3,
            4
          ],
          "Q4": [
            3,
            4
          ],
          "get_cost_on_this_client": 1.5262067317962647e-05,
          "put_cost_on_this_client": 3.052249550819397e-05,
          "get_latency_on_this_client": 417.3,
          "put_latency_on_this_client": 631.3
        },
        "3": {
          "Q1": [
            3,
            4,
            5,
            8
          ],
          "Q2": [
            3,
            4,
            5,
            8
          ],
          "Q3": [
            3,
            4
          ],
          "Q4": [
            3,
            4
          ],
          "get_cost_on_this_client": 2.8629694133996965e-06,
          "put_cost_on_this_client": 1.8122065812349318e-05,
          "get_latency_on_this_client": 153.39,
          "put_latency_on_this_client": 291.99
        },
        "4": {
          "Q1": [
            3,
            4,
            5,
            8
          ],
          "Q2": [
            3,
            4,
            5,
            8
          ],
          "Q3": [
            3,
            4
          ],
          "Q4": [
            3,
            4
          ],
          "get_cost_on_this_client": 2.8629694133996965e-06,
          "put_cost_on_this_client": 1.8122065812349318e-05,
          "get_latency_on_this_client": 146.31,
          "put_latency_on_this_client": 277.40999999999997
        },
        "5": {
          "Q1": [
            3,
            4,
            5,
            8
          ],
          "Q2": [
            3,
            4,
            5,
            8
          ],
          "Q3": [
            5,
            8
          ],
          "Q4": [
            5,
            8
          ],
          "get_cost_on_this_client": 1.9091926515102387e-06,
          "put_cost_on_this_client": 1.7168186604976655e-05,
          "get_latency_on_this_client": 147.61,
          "put_latency_on_this_client": 237.31
        },
        "6": {
          "Q1": [
            3,
            4,
            5,
            8
          ],
          "Q2": [
            3,
            4,
            5,
            8
          ],
          "Q3": [
            3,
            4
          ],
          "Q4": [
            3,
            4
          ],
          "get_cost_on_this_client": 1.5262067317962647e-05,
          "put_cost_on_this_client": 3.052249550819397e-05,
          "get_latency_on_this_client": 404.2,
          "put_latency_on_this_client": 606.3
        },
        "7": {
          "Q1": [
            3,
            4,
            5,
            8
          ],
          "Q2": [
            3,
            4,
            5,
            8
          ],
          "Q3": [
            5,
            8
          ],
          "Q4": [
            5,
            8
          ],
          "get_cost_on_this_client": 1.9091926515102387e-06,
          "put_cost_on_this_client": 1.7168186604976655e-05,
          "get_latency_on_this_client": 220.85000000000002,
          "put_latency_on_this_client": 374.25
        },
        "8": {
          "Q1": [
            3,
            4,
            5,
            8
          ],
          "Q2": [
            3,
            4,
            5,
            8
          ],
          "Q3": [
            5,
            8
          ],
          "Q4": [
            5,
            8
          ],
          "get_cost_on_this_client": 1.9091926515102387e-06,
          "put_cost_on_this_client": 1.7168186604976655e-05,
          "get_latency_on_this_client": 200.14000000000001,
          "put_latency_on_this_client": 341.94000000000005
        }
      }
    }
  ],
  "overall_cost": 7.077923595055531,
  "get_cost": 5.220231860876083,
  "put_cost": 1.785532385110855,
  "storage_cost": 0.030569834251926366,
  "vm_cost": 0.04158951481666667,
  "time_period_hrs": 1.0
}