{
  "output": [
    {
      "id": 8,
      "protocol": "replication",
      "m": 5,
      "k": 1,
      "selected_dcs": [
        1,
        3,
        4,
        5,
        8
      ],
      "get_cost": 0.17859011888504028,
      "put_cost": 0.5241371691226958,
      "storage_cost": 0.003056983425192637,
      "vm_cost": 0.04158951481666667,
      "total_cost": 0.7473737862495955,
      "get_latency": 578,
      "put_latency": 867,
      "client_placement_info": {
        "0": {
          "Q1": [
            3,
            4
          ],
          "Q2": [
            3,
            4
          ],
          "Q3": [
            3,
            4,
            5,
            8
          ],
          "Q4": [
            3,
            4,
            5,
            8
          ],
          "get_cost_on_this_client": 3.0533969402313236e-06,
          "put_cost_on_this_client": 1.5307962894439698e-06,
          "get_latency_on_this_client": 452.2,
          "put_latency_on_this_client": 678.3
        },
        "1": {
          "Q1": [
            1,
            3
          ],
          "Q2": [
            1,
            3
          ],
          "Q3": [
            1,
            3,
            4,
            5
          ],
          "Q4": [
            1,
            3,
            4,
            5
          ],
          "get_cost_on_this_client": 4.388540983200073e-06,
          "put_cost_on_this_client": 1.5322305262088776e-06,
          "get_latency_on_this_client": 578,
          "put_latency_on_this_client": 867
        },
        "2": {
          "Q1": [
            3,
            4
          ],
          "Q2": [
            3,
            4
          ],
          "Q3": [
            3,
            4,
            5,
            8
          ],
          "Q4": [
            3,
            4,
            5,
            8
          ],
          "get_cost_on_this_client": 3.0533969402313236e-06,
          "put_cost_on_this_client": 1.5307962894439698e-06,
          "get_latency_on_this_client": 417.3,
          "put_latency_on_this_client": 620.6
        },
        "3": {
          "Q1": [
            3,
            4
          ],
          "Q2": [
            3,
            4
          ],
          "Q3": [
            3,
            4,
            5,
            8
          ],
          "Q4": [
            3,
            4,
            5,
            8
          ],
          "get_cost_on_this_client": 1.812288537621498e-06,
          "put_cost_on_this_client": 2.8835609555244446e-07,
          "get_latency_on_this_client": 153.39,
          "put_latency_on_this_client": 168.18
        },
        "4": {
          "Q1": [
            3,
            4
          ],
          "Q2": [
            3,
            4
          ],
          "Q3": [
            3,
            4,
            5,
            8
          ],
          "Q4": [
            3,
            4,
            5,
            8
          ],
          "get_cost_on_this_client": 1.812288537621498e-06,
          "put_cost_on_this_client": 2.8835609555244446e-07,
          "get_latency_on_this_client": 146.31,
          "put_latency_on_this_client": 161.51999999999998
        },
        "5": {
          "Q1": [
            5,
            8
          ],
          "Q2": [
            5,
            8
          ],
          "Q3": [
            3,
            4,
            5,
            8
          ],
          "Q4": [
            3,
            4,
            5,
            8
          ],
          "get_cost_on_this_client": 1.7168186604976653e-06,
          "put_cost_on_this_client": 1.9278377294540405e-07,
          "get_latency_on_this_client": 147.61,
          "put_latency_on_this_client": 205.51999999999998
        },
        "6": {
          "Q1": [
            3,
            4
          ],
          "Q2": [
            3,
            4
          ],
          "Q3": [
            3,
            4,
            5,
            8
          ],
          "Q4": [
            3,
            4,
            5,
            8
          ],
          "get_cost_on_this_client": 3.0533969402313236e-06,
          "put_cost_on_this_client": 1.5307962894439698e-06,
          "get_latency_on_this_client": 404.2,
          "put_latency_on_this_client": 606.3
        },
        "7": {
          "Q1": [
            5,
            8
          ],
          "Q2": [
            5,
            8
          ],
          "Q3": [
            3,
            4,
            5,
            8
          ],
          "Q4": [
            3,
            4,
            5,
            8
          ],
          "get_cost_on_this_client": 1.7168186604976653e-06,
          "put_cost_on_this_client": 1.9278377294540405e-07,
          "get_latency_on_this_client": 220.85000000000002,
          "put_latency_on_this_client": 288.3
        },
        "8": {
          "Q1": [
            5,
            8
          ],
          "Q2": [
            5,
            8
          ],
          "Q3": [
            3,
            4,
            5,
            8
          ],
          "Q4": [
            3,
            4,
            5,
            8
          ],
          "get_cost_on_this_client": 1.7168186604976653e-06,
          "put_cost_on_this_client": 1.9278377294540405e-07,
          "get_latency_on_this_client": 200.14000000000001,
          "put_latency_on_this_client": 258.48
        }
      }
    }
  ],
  "overall_cost": 0.7473737862495955,
  "get_cost": 0.17859011888504028,
  "put_cost": 0.5241371691226958,
  "storage_cost": 0.003056983425192637,
  "vm_cost": 0.04158951481666667,
  "time_period_hrs": 1.0
}