{
  "output": [
    {
      "id": 0,
      "protocol": "cas",
      "m": 6,
      "k": 2,
      "selected_dcs": [
        0,
        1,
        2,
        5,
        7,
        8
      ],
      "get_cost": 0.012585075572133064,
      "put_cost": 0.026328274514526125,
      "storage_cost": 0.00018420284741545376,
      "vm_cost": 0.08669490278166667,
      "total_cost": 0.12579245571574132,
      "get_latency": 634.2,
      "put_latency": 951.3000000000001,
      "client_placement_info": {
        "0": {
          "Q1": [
            0,
            2,
            5
          ],
          "Q2": [
            0,
            2,
            5
          ],
          "Q3": [
            0,
            2,
            5,
            7
          ],
          "Q4": [
            0,
            2,
            5,
            7,
            8
          ],
          "get_cost_on_this_client": 1.4448538422584535e-07,
          "put_cost_on_this_client": 7.04452395439148e-08,
          "get_latency_on_this_client": 296.2,
          "put_latency_on_this_client": 444.29999999999995
        },
        "1": {
          "Q1": [
            0,
            1,
            2
          ],
          "Q2": [
            0,
            1,
            2
          ],
          "Q3": [
            0,
            1,
            2,
            5
          ],
          "Q4": [
            0,
            1,
            2,
            5,
            7
          ],
          "get_cost_on_this_client": 2.9404647648334505e-07,
          "put_cost_on_this_client": 1.5570782124996185e-07,
          "get_latency_on_this_client": 319.1,
          "put_latency_on_this_client": 434.2
        },
        "2": {
          "Q1": [
            0,
            2,
            5
          ],
          "Q2": [
            0,
            2,
            5
          ],
          "Q3": [
            0,
            2,
            5,
            7
          ],
          "Q4": [
            0,
            2,
            5,
            7,
            8
          ],
          "get_cost_on_this_client": 1.4448538422584535e-07,
          "put_cost_on_this_client": 7.04452395439148e-08,
          "get_latency_on_this_client": 428,
          "put_latency_on_this_client": 642
        },
        "3": {
          "Q1": [
            0,
            2,
            5
          ],
          "Q2": [
            0,
            2,
            5
          ],
          "Q3": [
            0,
            2,
            5,
            7
          ],
          "Q4": [
            0,
            2,
            5,
            7,
            8
          ],
          "get_cost_on_this_client": 1.9319355487823486e-07,
          "put_cost_on_this_client": 1.2017786502838134e-07,
          "get_latency_on_this_client": 458,
          "put_latency_on_this_client": 687
        },
        "4": {
          "Q1": [
            0,
            2,
            5
          ],
          "Q2": [
            0,
            2,
            5
          ],
          "Q3": [
            0,
            2,
            5,
            7
          ],
          "Q4": [
            0,
            2,
            5,
            7,
            8
          ],
          "get_cost_on_this_client": 1.9319355487823486e-07,
          "put_cost_on_this_client": 1.2017786502838134e-07,
          "get_latency_on_this_client": 444,
          "put_latency_on_this_client": 666
        },
        "5": {
          "Q1": [
            5,
            7,
            8
          ],
          "Q2": [
            5,
            7,
            8
          ],
          "Q3": [
            0,
            5,
            7,
            8
          ],
          "Q4": [
            0,
            2,
            5,
            7,
            8
          ],
          "get_cost_on_this_client": 9.090639650821686e-08,
          "put_cost_on_this_client": 1.5739351511001586e-08,
          "get_latency_on_this_client": 281.99,
          "put_latency_on_this_client": 281.98
        },
        "6": {
          "Q1": [
            0,
            2,
            5
          ],
          "Q2": [
            0,
            2,
            5
          ],
          "Q3": [
            0,
            2,
            5,
            7
          ],
          "Q4": [
            0,
            2,
            5,
            7,
            8
          ],
          "get_cost_on_this_client": 1.9319355487823486e-07,
          "put_cost_on_this_client": 1.2017786502838134e-07,
          "get_latency_on_this_client": 634.2,
          "put_latency_on_this_client": 951.3000000000001
        },
        "7": {
          "Q1": [
            5,
            7,
            8
          ],
          "Q2": [
            5,
            7,
            8
          ],
          "Q3": [
            0,
            5,
            7,
            8
          ],
          "Q4": [
            0,
            2,
            5,
            7,
            8
          ],
          "get_cost_on_this_client": 9.090639650821686e-08,
          "put_cost_on_this_client": 1.5739351511001586e-08,
          "get_latency_on_this_client": 247.35000000000002,
          "put_latency_on_this_client": 236.10000000000002
        },
        "8": {
          "Q1": [
            5,
            7,
            8
          ],
          "Q2": [
            5,
            7,
            8
          ],
          "Q3": [
            0,
            5,
            7,
            8
          ],
          "Q4": [
            0,
            2,
            5,
            7,
            8
          ],
          "get_cost_on_this_client": 9.090639650821686e-08,
          "put_cost_on_this_client": 1.5739351511001586e-08,
          "get_latency_on_this_client": 223.24,
          "put_latency_on_this_client": 211.64
        }
      }
    }
  ],
  "overall_cost": 0.12579245571574132,
  "get_cost": 0.012585075572133064,
  "put_cost": 0.026328274514526125,
  "storage_cost": 0.00018420284741545376,
  "vm_cost": 0.08669490278166667,
  "time_period_hrs": 1.0
}