{
  "output": [
    {
      "id": 0,
      "protocol": "cas",
      "m": 6,
      "k": 4,
      "selected_dcs": [
        2,
        3,
        4,
        5,
        7,
        8
      ],
      "get_cost": 0.000294409692287445,
      "put_cost": 0.00545075163245201,
      "storage_cost": 8.675333571760621e-07,
      "vm_cost": 0.08547812778166668,
      "total_cost": 0.09122415663976331,
      "get_latency": 634.2,
      "put_latency": 951.3000000000001,
      "client_placement_info": {
        "0": {
          "Q1": [
            2,
            3,
            4
          ],
          "Q2": [
            2,
            3,
            4,
            5,
            7
          ],
          "Q3": [
            2,
            3,
            4,
            5
          ],
          "Q4": [
            2,
            3,
            4,
            5,
            7
          ],
          "get_cost_on_this_client": 3.0128285288810733e-09,
          "put_cost_on_this_client": 5.983747541904449e-09,
          "get_latency_on_this_client": 452.2,
          "put_latency_on_this_client": 678.3
        },
        "1": {
          "Q1": [
            2,
            3,
            4
          ],
          "Q2": [
            2,
            3,
            4,
            5,
            7
          ],
          "Q3": [
            2,
            3,
            4,
            5
          ],
          "Q4": [
            2,
            3,
            4,
            5,
            7
          ],
          "get_cost_on_this_client": 6.35627657175064e-09,
          "put_cost_on_this_client": 1.2503005564212798e-08,
          "get_latency_on_this_client": 578,
          "put_latency_on_this_client": 867
        },
        "2": {
          "Q1": [
            2,
            3,
            4
          ],
          "Q2": [
            2,
            3,
            4,
            5,
            7
          ],
          "Q3": [
            2,
            3,
            4,
            5
          ],
          "Q4": [
            2,
            3,
            4,
            5,
            7
          ],
          "get_cost_on_this_client": 2.5099143385887145e-09,
          "put_cost_on_this_client": 5.071051418781281e-09,
          "get_latency_on_this_client": 417.3,
          "put_latency_on_this_client": 631.3
        },
        "3": {
          "Q1": [
            2,
            3,
            4
          ],
          "Q2": [
            2,
            3,
            4,
            5,
            7
          ],
          "Q3": [
            2,
            3,
            4,
            5
          ],
          "Q4": [
            2,
            3,
            4,
            5,
            7
          ],
          "get_cost_on_this_client": 1.755543053150177e-09,
          "put_cost_on_this_client": 3.7020072340965268e-09,
          "get_latency_on_this_client": 401.2,
          "put_latency_on_this_client": 601.8
        },
        "4": {
          "Q1": [
            2,
            3,
            4
          ],
          "Q2": [
            2,
            3,
            4,
            5,
            7
          ],
          "Q3": [
            2,
            3,
            4,
            5
          ],
          "Q4": [
            2,
            3,
            4,
            5,
            7
          ],
          "get_cost_on_this_client": 1.755543053150177e-09,
          "put_cost_on_this_client": 3.7020072340965268e-09,
          "get_latency_on_this_client": 407.2,
          "put_latency_on_this_client": 610.8
        },
        "5": {
          "Q1": [
            5,
            7,
            8
          ],
          "Q2": [
            2,
            3,
            5,
            7,
            8
          ],
          "Q3": [
            2,
            5,
            7,
            8
          ],
          "Q4": [
            2,
            3,
            5,
            7,
            8
          ],
          "get_cost_on_this_client": 7.497146725654601e-10,
          "put_cost_on_this_client": 1.8766149878501893e-09,
          "get_latency_on_this_client": 281.99,
          "put_latency_on_this_client": 495.99
        },
        "6": {
          "Q1": [
            2,
            3,
            4
          ],
          "Q2": [
            2,
            3,
            4,
            5,
            7
          ],
          "Q3": [
            2,
            3,
            4,
            5
          ],
          "Q4": [
            2,
            3,
            4,
            5,
            7
          ],
          "get_cost_on_this_client": 3.3900141716003415e-09,
          "put_cost_on_this_client": 6.668269634246826e-09,
          "get_latency_on_this_client": 634.2,
          "put_latency_on_this_client": 951.3000000000001
        },
        "7": {
          "Q1": [
            5,
            7,
            8
          ],
          "Q2": [
            2,
            3,
            5,
            7,
            8
          ],
          "Q3": [
            2,
            5,
            7,
            8
          ],
          "Q4": [
            2,
            3,
            5,
            7,
            8
          ],
          "get_cost_on_this_client": 7.497146725654601e-10,
          "put_cost_on_this_client": 1.8766149878501893e-09,
          "get_latency_on_this_client": 247.35000000000002,
          "put_latency_on_this_client": 427.25
        },
        "8": {
          "Q1": [
            5,
            7,
            8
          ],
          "Q2": [
            2,
            3,
            5,
            7,
            8
          ],
          "Q3": [
            2,
            5,
            7,
            8
          ],
          "Q4": [
            2,
            3,
            5,
            7,
            8
          ],
          "get_cost_on_this_client": 7.497146725654601e-10,
          "put_cost_on_this_client": 1.8766149878501893e-09,
          "get_latency_on_this_client": 223.24,
          "put_latency_on_this_client": 388.14
        }
      }
    }
  ],
  "overall_cost": 0.09122415663976331,
  "get_cost": 0.000294409692287445,
  "put_cost": 0.00545075163245201,
  "storage_cost": 8.675333571760621e-07,
  "vm_cost": 0.08547812778166668,
  "time_period_hrs": 1.0
}