{
  "output": [
    {
      "id": 0,
      "protocol": "cas",
      "m": 6,
      "k": 2,
      "selected_dcs": [
        0,
        1,
        5,
        6,
        7,
        8
      ],
      "get_cost": 1.3603928927332163,
      "put_cost": 0.7125199232250453,
      "storage_cost": 0.01946540728007277,
      "vm_cost": 0.05144447778,
      "total_cost": 2.143822701018334,
      "get_latency": 506.4,
      "put_latency": 785.6,
      "client_placement_info": {
        "0": {
          "Q1": [
            0,
            5,
            6,
            7
          ],
          "Q2": [
            0,
            5,
            6,
            7,
            8
          ],
          "Q3": [
            0,
            5,
            6
          ],
          "Q4": [
            0,
            5,
            6
          ],
          "get_cost_on_this_client": 8.108792826533318e-06,
          "put_cost_on_this_client": 1.5739928930997848e-05,
          "get_latency_on_this_client": 506.4,
          "put_latency_on_this_client": 759.5999999999999
        },
        "1": {
          "Q1": [
            0,
            1,
            5,
            6
          ],
          "Q2": [
            0,
            1,
            5,
            6,
            7
          ],
          "Q3": [
            0,
            1,
            5
          ],
          "Q4": [
            0,
            1,
            5
          ],
          "get_cost_on_this_client": 1.4786664396524429e-05,
          "put_cost_on_this_client": 2.909495495259762e-05,
          "get_latency_on_this_client": 494.8,
          "put_latency_on_this_client": 785.6
        },
        "2": {
          "Q1": [
            0,
            5,
            6,
            7
          ],
          "Q2": [
            0,
            5,
            6,
            7,
            8
          ],
          "Q3": [
            0,
            5,
            6
          ],
          "Q4": [
            0,
            5,
            6
          ],
          "get_cost_on_this_client": 1.001655124127865e-05,
          "put_cost_on_this_client": 1.7648097127676014e-05,
          "get_latency_on_this_client": 638.6,
          "put_latency_on_this_client": 957.9000000000001
        },
        "3": {
          "Q1": [
            0,
            5,
            6,
            7
          ],
          "Q2": [
            0,
            5,
            6,
            7,
            8
          ],
          "Q3": [
            0,
            5,
            6
          ],
          "Q4": [
            0,
            5,
            6
          ],
          "get_cost_on_this_client": 1.1447370052337647e-05,
          "put_cost_on_this_client": 1.907922327518463e-05,
          "get_latency_on_this_client": 458,
          "put_latency_on_this_client": 687
        },
        "4": {
          "Q1": [
            0,
            5,
            6,
            7
          ],
          "Q2": [
            0,
            5,
            6,
            7,
            8
          ],
          "Q3": [
            0,
            5,
            6
          ],
          "Q4": [
            0,
            5,
            6
          ],
          "get_cost_on_this_client": 1.1447370052337647e-05,
          "put_cost_on_this_client": 1.907922327518463e-05,
          "get_latency_on_this_client": 444,
          "put_latency_on_this_client": 666
        },
        "5": {
          "Q1": [
            0,
            5,
            7,
            8
          ],
          "Q2": [
            0,
            5,
            6,
            7,
            8
          ],
          "Q3": [
            5,
            7,
            8
          ],
          "Q4": [
            5,
            7,
            8
          ],
          "get_cost_on_this_client": 1.4316383749246598e-06,
          "put_cost_on_this_client": 9.061340242624284e-06,
          "get_latency_on_this_client": 213.99,
          "put_latency_on_this_client": 359.99
        },
        "6": {
          "Q1": [
            0,
            5,
            6,
            7
          ],
          "Q2": [
            0,
            5,
            6,
            7,
            8
          ],
          "Q3": [
            0,
            5,
            6
          ],
          "Q4": [
            0,
            5,
            6
          ],
          "get_cost_on_this_client": 8.108792826533318e-06,
          "put_cost_on_this_client": 1.5739928930997848e-05,
          "get_latency_on_this_client": 504.2,
          "put_latency_on_this_client": 756.3
        },
        "7": {
          "Q1": [
            0,
            5,
            7,
            8
          ],
          "Q2": [
            0,
            5,
            6,
            7,
            8
          ],
          "Q3": [
            5,
            7,
            8
          ],
          "Q4": [
            5,
            7,
            8
          ],
          "get_cost_on_this_client": 1.4316383749246598e-06,
          "put_cost_on_this_client": 9.061340242624284e-06,
          "get_latency_on_this_client": 168.65,
          "put_latency_on_this_client": 323.65
        },
        "8": {
          "Q1": [
            0,
            5,
            7,
            8
          ],
          "Q2": [
            0,
            5,
            6,
            7,
            8
          ],
          "Q3": [
            5,
            7,
            8
          ],
          "Q4": [
            5,
            7,
            8
          ],
          "get_cost_on_this_client": 1.4316383749246598e-06,
          "put_cost_on_this_client": 9.061340242624284e-06,
          "get_latency_on_this_client": 153.3,
          "put_latency_on_this_client": 326.20000000000005
        }
      }
    }
  ],
  "overall_cost": 2.143822701018334,
  "get_cost": 1.3603928927332163,
  "put_cost": 0.7125199232250453,
  "storage_cost": 0.01946540728007277,
  "vm_cost": 0.05144447778,
  "time_period_hrs": 1.0
}