{
  "output": [
    {
      "id": 0,
      "protocol": "cas",
      "m": 8,
      "k": 6,
      "selected_dcs": [
        0,
        1,
        2,
        3,
        4,
        5,
        7,
        8
      ],
      "get_cost": 8.612401932477951,
      "put_cost": 0.9575502698620161,
      "storage_cost": 0.008230339990903255,
      "vm_cost": 0.11720812315333336,
      "total_cost": 9.695390665484204,
      "get_latency": 634.2,
      "put_latency": 951.3000000000001,
      "client_placement_info": {
        "0": {
          "Q1": [
            0,
            2
          ],
          "Q2": [
            0,
            2,
            3,
            4,
            5,
            7,
            8
          ],
          "Q3": [
            0,
            2,
            3,
            4,
            5,
            7,
            8
          ],
          "Q4": [
            0,
            2,
            3,
            4,
            5,
            7,
            8
          ],
          "get_cost_on_this_client": 7.312117765347165e-06,
          "put_cost_on_this_client": 7.316830257574719e-06,
          "get_latency_on_this_client": 295.76,
          "put_latency_on_this_client": 521.86
        },
        "1": {
          "Q1": [
            0,
            1
          ],
          "Q2": [
            0,
            1,
            2,
            3,
            4,
            5,
            7
          ],
          "Q3": [
            0,
            1,
            2,
            3,
            4,
            5,
            7
          ],
          "Q4": [
            0,
            1,
            2,
            3,
            4,
            5,
            7
          ],
          "get_cost_on_this_client": 1.4465699593226116e-05,
          "put_cost_on_this_client": 1.4475022132198017e-05,
          "get_latency_on_this_client": 404.1,
          "put_latency_on_this_client": 693.1
        },
        "2": {
          "Q1": [
            0,
            2
          ],
          "Q2": [
            0,
            2,
            3,
            4,
            5,
            7,
            8
          ],
          "Q3": [
            0,
            2,
            3,
            4,
            5,
            7,
            8
          ],
          "Q4": [
            0,
            2,
            3,
            4,
            5,
            7,
            8
          ],
          "get_cost_on_this_client": 7.312117765347165e-06,
          "put_cost_on_this_client": 7.316830257574719e-06,
          "get_latency_on_this_client": 286.11,
          "put_latency_on_this_client": 500.11
        },
        "3": {
          "Q1": [
            3,
            4
          ],
          "Q2": [
            0,
            2,
            3,
            4,
            5,
            7,
            8
          ],
          "Q3": [
            0,
            2,
            3,
            4,
            5,
            7,
            8
          ],
          "Q4": [
            0,
            2,
            3,
            4,
            5,
            7,
            8
          ],
          "get_cost_on_this_client": 6.834973270694416e-06,
          "put_cost_on_this_client": 6.8393784264723475e-06,
          "get_latency_on_this_client": 243.79,
          "put_latency_on_this_client": 472.78999999999996
        },
        "4": {
          "Q1": [
            3,
            4
          ],
          "Q2": [
            0,
            2,
            3,
            4,
            5,
            7,
            8
          ],
          "Q3": [
            0,
            2,
            3,
            4,
            5,
            7,
            8
          ],
          "Q4": [
            0,
            2,
            3,
            4,
            5,
            7,
            8
          ],
          "get_cost_on_this_client": 6.834973270694416e-06,
          "put_cost_on_this_client": 6.8393784264723475e-06,
          "get_latency_on_this_client": 237.21,
          "put_latency_on_this_client": 459.21000000000004
        },
        "5": {
          "Q1": [
            5,
            7
          ],
          "Q2": [
            0,
            2,
            3,
            4,
            5,
            7,
            8
          ],
          "Q3": [
            0,
            2,
            3,
            4,
            5,
            7,
            8
          ],
          "Q4": [
            0,
            2,
            3,
            4,
            5,
            7,
            8
          ],
          "get_cost_on_this_client": 5.5633050700028745e-06,
          "put_cost_on_this_client": 5.566890661915144e-06,
          "get_latency_on_this_client": 281.99,
          "put_latency_on_this_client": 495.99
        },
        "6": {
          "Q1": [
            0,
            2
          ],
          "Q2": [
            0,
            2,
            3,
            4,
            5,
            7,
            8
          ],
          "Q3": [
            0,
            2,
            3,
            4,
            5,
            7,
            8
          ],
          "Q4": [
            0,
            2,
            3,
            4,
            5,
            7,
            8
          ],
          "get_cost_on_this_client": 8.902599414189659e-06,
          "put_cost_on_this_client": 8.90833636124929e-06,
          "get_latency_on_this_client": 634.2,
          "put_latency_on_this_client": 951.3000000000001
        },
        "7": {
          "Q1": [
            5,
            7
          ],
          "Q2": [
            0,
            2,
            3,
            4,
            5,
            7,
            8
          ],
          "Q3": [
            0,
            2,
            3,
            4,
            5,
            7,
            8
          ],
          "Q4": [
            0,
            2,
            3,
            4,
            5,
            7,
            8
          ],
          "get_cost_on_this_client": 5.5633050700028745e-06,
          "put_cost_on_this_client": 5.566890661915144e-06,
          "get_latency_on_this_client": 247.35000000000002,
          "put_latency_on_this_client": 427.25
        },
        "8": {
          "Q1": [
            5,
            7
          ],
          "Q2": [
            0,
            2,
            3,
            4,
            5,
            7,
            8
          ],
          "Q3": [
            0,
            2,
            3,
            4,
            5,
            7,
            8
          ],
          "Q4": [
            0,
            2,
            3,
            4,
            5,
            7,
            8
          ],
          "get_cost_on_this_client": 5.5633050700028745e-06,
          "put_cost_on_this_client": 5.566890661915144e-06,
          "get_latency_on_this_client": 223.24,
          "put_latency_on_this_client": 388.14
        }
      }
    }
  ],
  "overall_cost": 9.695390665484204,
  "get_cost": 8.612401932477951,
  "put_cost": 0.9575502698620161,
  "storage_cost": 0.008230339990903255,
  "vm_cost": 0.11720812315333336,
  "time_period_hrs": 1.0
}