{
  "output": [
    {
      "id": 0,
      "protocol": "cas",
      "m": 6,
      "k": 4,
      "selected_dcs": [
        0,
        1,
        5,
        6,
        7,
        8
      ],
      "get_cost": 1.7275355821475384,
      "put_cost": 15.554500197060406,
      "storage_cost": 0.009732703640036386,
      "vm_cost": 0.09002783611500002,
      "total_cost": 17.38179631896298,
      "get_latency": 504.2,
      "put_latency": 756.3,
      "client_placement_info": {
        "0": {
          "Q1": [
            0,
            5
          ],
          "Q2": [
            0,
            5,
            6,
            7,
            8
          ],
          "Q3": [
            0,
            5,
            6,
            7,
            8
          ],
          "Q4": [
            0,
            5,
            6,
            7,
            8
          ],
          "get_cost_on_this_client": 7.868735119700432e-06,
          "put_cost_on_this_client": 7.872115820646287e-06,
          "get_latency_on_this_client": 401.29999999999995,
          "put_latency_on_this_client": 654.5
        },
        "1": {
          "Q1": [
            0,
            1
          ],
          "Q2": [
            0,
            1,
            5,
            6,
            7
          ],
          "Q3": [
            0,
            1,
            5,
            6,
            7
          ],
          "Q4": [
            0,
            1,
            5,
            6,
            7
          ],
          "get_cost_on_this_client": 1.4545172452926636e-05,
          "put_cost_on_this_client": 1.4551421627402305e-05,
          "get_latency_on_this_client": 405.9,
          "put_latency_on_this_client": 696.7
        },
        "2": {
          "Q1": [
            0,
            5
          ],
          "Q2": [
            0,
            5,
            6,
            7,
            8
          ],
          "Q3": [
            0,
            5,
            6,
            7,
            8
          ],
          "Q4": [
            0,
            5,
            6,
            7,
            8
          ],
          "get_cost_on_this_client": 8.822819218039515e-06,
          "put_cost_on_this_client": 8.8266097009182e-06,
          "get_latency_on_this_client": 533.3,
          "put_latency_on_this_client": 852.5999999999999
        },
        "3": {
          "Q1": [
            0,
            5
          ],
          "Q2": [
            0,
            5,
            6,
            7,
            8
          ],
          "Q3": [
            0,
            5,
            6,
            7,
            8
          ],
          "Q4": [
            0,
            5,
            6,
            7,
            8
          ],
          "get_cost_on_this_client": 9.538382291793823e-06,
          "put_cost_on_this_client": 9.542480111122131e-06,
          "get_latency_on_this_client": 458,
          "put_latency_on_this_client": 687
        },
        "4": {
          "Q1": [
            0,
            5
          ],
          "Q2": [
            0,
            5,
            6,
            7,
            8
          ],
          "Q3": [
            0,
            5,
            6,
            7,
            8
          ],
          "Q4": [
            0,
            5,
            6,
            7,
            8
          ],
          "get_cost_on_this_client": 9.538382291793823e-06,
          "put_cost_on_this_client": 9.542480111122131e-06,
          "get_latency_on_this_client": 444,
          "put_latency_on_this_client": 666
        },
        "5": {
          "Q1": [
            5,
            7
          ],
          "Q2": [
            0,
            5,
            6,
            7,
            8
          ],
          "Q3": [
            0,
            5,
            6,
            7,
            8
          ],
          "Q4": [
            0,
            5,
            6,
            7,
            8
          ],
          "get_cost_on_this_client": 4.530157893896103e-06,
          "put_cost_on_this_client": 4.53210435807705e-06,
          "get_latency_on_this_client": 213.99,
          "put_latency_on_this_client": 359.99
        },
        "6": {
          "Q1": [
            0,
            6
          ],
          "Q2": [
            0,
            5,
            6,
            7,
            8
          ],
          "Q3": [
            0,
            5,
            6,
            7,
            8
          ],
          "Q4": [
            0,
            5,
            6,
            7,
            8
          ],
          "get_cost_on_this_client": 7.868735119700432e-06,
          "put_cost_on_this_client": 7.872115820646287e-06,
          "get_latency_on_this_client": 504.2,
          "put_latency_on_this_client": 756.3
        },
        "7": {
          "Q1": [
            5,
            7
          ],
          "Q2": [
            0,
            5,
            6,
            7,
            8
          ],
          "Q3": [
            0,
            5,
            6,
            7,
            8
          ],
          "Q4": [
            0,
            5,
            6,
            7,
            8
          ],
          "get_cost_on_this_client": 4.530157893896103e-06,
          "put_cost_on_this_client": 4.53210435807705e-06,
          "get_latency_on_this_client": 222.45,
          "put_latency_on_this_client": 377.45
        },
        "8": {
          "Q1": [
            5,
            7
          ],
          "Q2": [
            0,
            5,
            6,
            7,
            8
          ],
          "Q3": [
            0,
            5,
            6,
            7,
            8
          ],
          "Q4": [
            0,
            5,
            6,
            7,
            8
          ],
          "get_cost_on_this_client": 4.530157893896103e-06,
          "put_cost_on_this_client": 4.53210435807705e-06,
          "get_latency_on_this_client": 231.24,
          "put_latency_on_this_client": 404.14
        }
      }
    }
  ],
  "overall_cost": 17.38179631896298,
  "get_cost": 1.7275355821475384,
  "put_cost": 15.554500197060406,
  "storage_cost": 0.009732703640036386,
  "vm_cost": 0.09002783611500002,
  "time_period_hrs": 1.0
}