{
  "output": [
    {
      "id": 0,
      "protocol": "abd",
      "m": 5,
      "selected_dcs": [
        1,
        3,
        4,
        5,
        8
      ],
      "get_cost": 2.3651123046874996,
      "put_cost": 5.220231860876083,
      "storage_cost": 0.030569834251926366,
      "vm_cost": 0.04158951481666666,
      "total_cost": 7.657503514632176,
      "get_latency": 578,
      "put_latency": 578,
      "client_placement_info": {
        "0": {
          "Q1": [
            3,
            4,
            5,
            8
          ],
          "Q2": [
            3,
            4
          ],
          "get_cost_on_this_client": 4.57763671875e-05,
          "put_cost_on_this_client": 1.5262067317962647e-05,
          "get_latency_on_this_client": 452.2,
          "put_latency_on_this_client": 452.2
        },
        "1": {
          "Q1": [
            1,
            3,
            4,
            5
          ],
          "Q2": [
            1,
            3
          ],
          "get_cost_on_this_client": 5.91278076171875e-05,
          "put_cost_on_this_client": 1.5263501554727556e-05,
          "get_latency_on_this_client": 578,
          "put_latency_on_this_client": 578
        },
        "2": {
          "Q1": [
            3,
            4,
            5,
            8
          ],
          "Q2": [
            3,
            4
          ],
          "get_cost_on_this_client": 4.57763671875e-05,
          "put_cost_on_this_client": 1.5262067317962647e-05,
          "get_latency_on_this_client": 417.3,
          "put_latency_on_this_client": 417.3
        },
        "3": {
          "Q1": [
            3,
            4,
            5,
            8
          ],
          "Q2": [
            3,
            4
          ],
          "get_cost_on_this_client": 2.09808349609375e-05,
          "put_cost_on_this_client": 2.8629694133996965e-06,
          "get_latency_on_this_client": 153.39,
          "put_latency_on_this_client": 153.39
        },
        "4": {
          "Q1": [
            3,
            4,
            5,
            8
          ],
          "Q2": [
            3,
            4
          ],
          "get_cost_on_this_client": 2.09808349609375e-05,
          "put_cost_on_this_client": 2.8629694133996965e-06,
          "get_latency_on_this_client": 146.31,
          "put_latency_on_this_client": 146.31
        },
        "5": {
          "Q1": [
            3,
            4,
            5,
            8
          ],
          "Q2": [
            5,
            8
          ],
          "get_cost_on_this_client": 1.9073486328125e-05,
          "put_cost_on_this_client": 1.9091926515102387e-06,
          "get_latency_on_this_client": 147.61,
          "put_latency_on_this_client": 147.61
        },
        "6": {
          "Q1": [
            3,
            4,
            5,
            8
          ],
          "Q2": [
            3,
            4
          ],
          "get_cost_on_this_client": 4.57763671875e-05,
          "put_cost_on_this_client": 1.5262067317962647e-05,
          "get_latency_on_this_client": 404.2,
          "put_latency_on_this_client": 404.2
        },
        "7": {
          "Q1": [
            3,
            4,
            5,
            8
          ],
          "Q2": [
            5,
            8
          ],
          "get_cost_on_this_client": 1.9073486328125e-05,
          "put_cost_on_this_client": 1.9091926515102387e-06,
          "get_latency_on_this_client": 220.85000000000002,
          "put_latency_on_this_client": 220.85000000000002
        },
        "8": {
          "Q1": [
            3,
            4,
            5,
            8
          ],
          "Q2": [
            5,
            8
          ],
          "get_cost_on_this_client": 1.9073486328125e-05,
          "put_cost_on_this_client": 1.9091926515102387e-06,
          "get_latency_on_this_client": 200.14000000000001,
          "put_latency_on_this_client": 200.14000000000001
        }
      }
    }
  ],
  "overall_cost": 7.657503514632176,
  "get_cost": 2.3651123046874996,
  "put_cost": 5.220231860876083,
  "storage_cost": 0.030569834251926366,
  "vm_cost": 0.04158951481666666,
  "time_period_hrs": 1.0
}