{
  "output": [
    {
      "id": 0,
      "protocol": "abd",
      "m": 3,
      "selected_dcs": [
        1,
        5,
        8
      ],
      "get_cost": 35.0189208984375,
      "put_cost": 1.9457045942544933,
      "storage_cost": 0.0180283637895976,
      "vm_cost": 0.06038347222499999,
      "total_cost": 37.04303732870659,
      "get_latency": 428,
      "put_latency": 428,
      "client_placement_info": {
        "0": {
          "Q1": [
            5,
            8
          ],
          "Q2": [
            5,
            8
          ],
          "get_cost_on_this_client": 3.0517578125e-05,
          "put_cost_on_this_client": 1.5260428190231322e-05,
          "get_latency_on_this_client": 296.2,
          "put_latency_on_this_client": 296.2
        },
        "1": {
          "Q1": [
            1,
            5
          ],
          "Q2": [
            1,
            5
          ],
          "get_cost_on_this_client": 3.0517578125e-05,
          "put_cost_on_this_client": 1.5260428190231322e-05,
          "get_latency_on_this_client": 408,
          "put_latency_on_this_client": 408
        },
        "2": {
          "Q1": [
            5,
            8
          ],
          "Q2": [
            5,
            8
          ],
          "get_cost_on_this_client": 3.0517578125e-05,
          "put_cost_on_this_client": 1.5260428190231322e-05,
          "get_latency_on_this_client": 428,
          "put_latency_on_this_client": 428
        },
        "3": {
          "Q1": [
            5,
            8
          ],
          "Q2": [
            5,
            8
          ],
          "get_cost_on_this_client": 3.0517578125e-05,
          "put_cost_on_this_client": 1.5260428190231322e-05,
          "get_latency_on_this_client": 277.2,
          "put_latency_on_this_client": 277.2
        },
        "4": {
          "Q1": [
            5,
            8
          ],
          "Q2": [
            5,
            8
          ],
          "get_cost_on_this_client": 3.0517578125e-05,
          "put_cost_on_this_client": 1.5260428190231322e-05,
          "get_latency_on_this_client": 262.2,
          "put_latency_on_this_client": 262.2
        },
        "5": {
          "Q1": [
            5,
            8
          ],
          "Q2": [
            5,
            8
          ],
          "get_cost_on_this_client": 3.814697265625e-06,
          "put_cost_on_this_client": 1.9075535237789152e-06,
          "get_latency_on_this_client": 115.82,
          "put_latency_on_this_client": 115.82
        },
        "6": {
          "Q1": [
            5,
            8
          ],
          "Q2": [
            5,
            8
          ],
          "get_cost_on_this_client": 3.0517578125e-05,
          "put_cost_on_this_client": 1.5260428190231322e-05,
          "get_latency_on_this_client": 344,
          "put_latency_on_this_client": 344
        },
        "7": {
          "Q1": [
            5,
            8
          ],
          "Q2": [
            5,
            8
          ],
          "get_cost_on_this_client": 3.814697265625e-06,
          "put_cost_on_this_client": 1.9075535237789152e-06,
          "get_latency_on_this_client": 134.9,
          "put_latency_on_this_client": 134.9
        },
        "8": {
          "Q1": [
            5,
            8
          ],
          "Q2": [
            5,
            8
          ],
          "get_cost_on_this_client": 3.814697265625e-06,
          "put_cost_on_this_client": 1.9075535237789152e-06,
          "get_latency_on_this_client": 116.68,
          "put_latency_on_this_client": 116.68
        }
      }
    }
  ],
  "overall_cost": 37.04303732870659,
  "get_cost": 35.0189208984375,
  "put_cost": 1.9457045942544933,
  "storage_cost": 0.0180283637895976,
  "vm_cost": 0.06038347222499999,
  "time_period_hrs": 1.0
}