{
    "input_groups": [
        {
            "availability_target": 1,
            "client_dist": [
                0.1111111111111111,
                0.1111111111111111,
                0.1111111111111111,
                0.1111111111111111,
                0.1111111111111111,
                0.1111111111111111,
                0.1111111111111111,
                0.1111111111111111,
                0.1111111111111111
            ],
            "object_size": 9.5367431640625e-06,
            "metadata_size": 1.0244548320770264e-08,
            "num_objects": 1000000,
            "arrival_rate": 200,
            "read_ratio": 0.5,
            "write_ratio": 0.5,
            "SLO_read": 1000,
            "SLO_write": 1000,
            "duration": 3600,
            "time_to_decode": 0.00028
        }
    ]
}