{
  "output": [
    {
      "id": 0,
      "protocol": "replication",
      "m": 3,
      "k": 1,
      "selected_dcs": [
        5,
        7,
        8
      ],
      "get_cost": 0.0004179775714874267,
      "put_cost": 0.0004559755325317383,
      "storage_cost": 1.6840353404005913e-06,
      "vm_cost": 0.23495400000000002,
      "total_cost": 0.2358296371393596,
      "get_latency": 514.2,
      "put_latency": 771.3000000000001,
      "client_placement_info": {
        "0": {
          "Q1": [
            5,
            7
          ],
          "Q2": [
            5,
            7
          ],
          "Q3": [
            5,
            7
          ],
          "Q4": [
            5,
            7
          ],
          "get_cost_on_this_client": 1.6391277313232422e-09,
          "put_cost_on_this_client": 1.7881393432617189e-09
        },
        "1": {
          "Q1": [
            5,
            7
          ],
          "Q2": [
            5,
            7
          ],
          "Q3": [
            5,
            7
          ],
          "Q4": [
            5,
            7
          ],
          "get_cost_on_this_client": 1.6391277313232422e-09,
          "put_cost_on_this_client": 1.7881393432617189e-09
        },
        "2": {
          "Q1": [
            5,
            7
          ],
          "Q2": [
            5,
            7
          ],
          "Q3": [
            5,
            7
          ],
          "Q4": [
            5,
            7
          ],
          "get_cost_on_this_client": 1.6391277313232422e-09,
          "put_cost_on_this_client": 1.7881393432617189e-09
        },
        "3": {
          "Q1": [
            5,
            7
          ],
          "Q2": [
            5,
            7
          ],
          "Q3": [
            5,
            7
          ],
          "Q4": [
            5,
            7
          ],
          "get_cost_on_this_client": 1.6391277313232422e-09,
          "put_cost_on_this_client": 1.7881393432617189e-09
        },
        "4": {
          "Q1": [
            5,
            7
          ],
          "Q2": [
            5,
            7
          ],
          "Q3": [
            5,
            7
          ],
          "Q4": [
            5,
            7
          ],
          "get_cost_on_this_client": 1.6391277313232422e-09,
          "put_cost_on_this_client": 1.7881393432617189e-09
        },
        "5": {
          "Q1": [
            5,
            7
          ],
          "Q2": [
            5,
            7
          ],
          "Q3": [
            5,
            7
          ],
          "Q4": [
            5,
            7
          ],
          "get_cost_on_this_client": 2.0489096641540527e-10,
          "put_cost_on_this_client": 2.2351741790771486e-10
        },
        "6": {
          "Q1": [
            5,
            7
          ],
          "Q2": [
            5,
            7
          ],
          "Q3": [
            5,
            7
          ],
          "Q4": [
            5,
            7
          ],
          "get_cost_on_this_client": 1.6391277313232422e-09,
          "put_cost_on_this_client": 1.7881393432617189e-09
        },
        "7": {
          "Q1": [
            5,
            7
          ],
          "Q2": [
            5,
            7
          ],
          "Q3": [
            5,
            7
          ],
          "Q4": [
            5,
            7
          ],
          "get_cost_on_this_client": 2.0489096641540527e-10,
          "put_cost_on_this_client": 2.2351741790771486e-10
        },
        "8": {
          "Q1": [
            5,
            7
          ],
          "Q2": [
            5,
            7
          ],
          "Q3": [
            5,
            7
          ],
          "Q4": [
            5,
            7
          ],
          "get_cost_on_this_client": 2.0489096641540527e-10,
          "put_cost_on_this_client": 2.2351741790771486e-10
        }
      }
    },
    {
      "id": 1,
      "protocol": "replication",
      "m": 3,
      "k": 1,
      "selected_dcs": [
        2,
        5,
        8
      ],
      "get_cost": 0.033983960747718804,
      "put_cost": 0.03401711583137512,
      "storage_cost": 0.00016721960616438355,
      "vm_cost": 0.237126,
      "total_cost": 0.30529429618525833,
      "get_latency": 656.2,
      "put_latency": 984.3000000000001,
      "client_placement_info": {
        "0": {
          "Q1": [
            2,
            5
          ],
          "Q2": [
            2,
            5
          ],
          "Q3": [
            2,
            5
          ],
          "Q4": [
            2,
            5
          ],
          "get_cost_on_this_client": 1.240987330675125e-07,
          "put_cost_on_this_client": 1.2421980500221252e-07
        },
        "1": {
          "Q1": [
            2,
            5
          ],
          "Q2": [
            2,
            5
          ],
          "Q3": [
            2,
            5
          ],
          "Q4": [
            2,
            5
          ],
          "get_cost_on_this_client": 1.240987330675125e-07,
          "put_cost_on_this_client": 1.2421980500221252e-07
        },
        "2": {
          "Q1": [
            2,
            5
          ],
          "Q2": [
            2,
            5
          ],
          "Q3": [
            2,
            5
          ],
          "Q4": [
            2,
            5
          ],
          "get_cost_on_this_client": 8.591450750827789e-08,
          "put_cost_on_this_client": 8.599832653999329e-08
        },
        "3": {
          "Q1": [
            2,
            5
          ],
          "Q2": [
            2,
            5
          ],
          "Q3": [
            2,
            5
          ],
          "Q4": [
            2,
            5
          ],
          "get_cost_on_this_client": 1.5273690223693848e-07,
          "put_cost_on_this_client": 1.5288591384887695e-07
        },
        "4": {
          "Q1": [
            2,
            5
          ],
          "Q2": [
            2,
            5
          ],
          "Q3": [
            2,
            5
          ],
          "Q4": [
            2,
            5
          ],
          "get_cost_on_this_client": 1.5273690223693848e-07,
          "put_cost_on_this_client": 1.5288591384887695e-07
        },
        "5": {
          "Q1": [
            5,
            8
          ],
          "Q2": [
            5,
            8
          ],
          "Q3": [
            5,
            8
          ],
          "Q4": [
            5,
            8
          ],
          "get_cost_on_this_client": 1.909211277961731e-08,
          "put_cost_on_this_client": 1.911073923110962e-08
        },
        "6": {
          "Q1": [
            2,
            5
          ],
          "Q2": [
            2,
            5
          ],
          "Q3": [
            2,
            5
          ],
          "Q4": [
            2,
            5
          ],
          "get_cost_on_this_client": 1.5273690223693848e-07,
          "put_cost_on_this_client": 1.5288591384887695e-07
        },
        "7": {
          "Q1": [
            5,
            8
          ],
          "Q2": [
            5,
            8
          ],
          "Q3": [
            5,
            8
          ],
          "Q4": [
            5,
            8
          ],
          "get_cost_on_this_client": 1.909211277961731e-08,
          "put_cost_on_this_client": 1.911073923110962e-08
        },
        "8": {
          "Q1": [
            5,
            8
          ],
          "Q2": [
            5,
            8
          ],
          "Q3": [
            5,
            8
          ],
          "Q4": [
            5,
            8
          ],
          "get_cost_on_this_client": 1.909211277961731e-08,
          "put_cost_on_this_client": 1.911073923110962e-08
        }
      }
    },
    {
      "id": 2,
      "protocol": "replication",
      "m": 3,
      "k": 1,