{
  "output": [
    {
      "id": 0,
      "protocol": "abd",
      "m": 5,
      "selected_dcs": [
        2,
        3,
        4,
        5,
        8
      ],
      "get_cost": 2.0599365234374996,
      "put_cost": 4.32600550353527,
      "storage_cost": 0.02926343107876712,
      "vm_cost": 0.417794,
      "total_cost": 6.832999458051535,
      "get_latency": 656.2,
      "put_latency": 656.2,
      "client_placement_info": {
        "0": {
          "Q1": [
            2,
            3,
            4,
            5
          ],
          "Q2": [
            2,
            3
          ],
          "get_cost_on_this_client": 4.00543212890625e-05,
          "put_cost_on_this_client": 1.239803619682789e-05
        },
        "1": {
          "Q1": [
            2,
            3,
            4,
            5
          ],
          "Q2": [
            2,
            3
          ],
          "get_cost_on_this_client": 4.00543212890625e-05,
          "put_cost_on_this_client": 1.239803619682789e-05
        },
        "2": {
          "Q1": [
            2,
            3,
            4,
            5
          ],
          "Q2": [
            2,
            3
          ],
          "get_cost_on_this_client": 3.24249267578125e-05,
          "put_cost_on_this_client": 8.583301678299904e-06
        },
        "3": {
          "Q1": [
            2,
            3,
            4,
            5
          ],
          "Q2": [
            3,
            4
          ],
          "get_cost_on_this_client": 2.09808349609375e-05,
          "put_cost_on_this_client": 2.861199900507927e-06
        },
        "4": {
          "Q1": [
            2,
            3,
            4,
            5
          ],
          "Q2": [
            3,
            4
          ],
          "get_cost_on_this_client": 2.09808349609375e-05,
          "put_cost_on_this_client": 2.861199900507927e-06
        },
        "5": {
          "Q1": [
            2,
            3,
            5,
            8
          ],
          "Q2": [
            5,
            8
          ],
          "get_cost_on_this_client": 1.9073486328125e-05,
          "put_cost_on_this_client": 1.9075162708759306e-06
        },
        "6": {
          "Q1": [
            2,
            3,
            4,
            5
          ],
          "Q2": [
            2,
            3
          ],
          "get_cost_on_this_client": 4.57763671875e-05,
          "put_cost_on_this_client": 1.5259087085723877e-05
        },
        "7": {
          "Q1": [
            2,
            3,
            5,
            8
          ],
          "Q2": [
            5,
            8
          ],
          "get_cost_on_this_client": 1.9073486328125e-05,
          "put_cost_on_this_client": 1.9075162708759306e-06
        },
        "8": {
          "Q1": [
            2,
            3,
            5,
            8
          ],
          "Q2": [
            5,
            8
          ],
          "get_cost_on_this_client": 1.9073486328125e-05,
          "put_cost_on_this_client": 1.9075162708759306e-06
        }
      }
    },
    {
      "id": 1,
      "protocol": "abd",
      "m": 3,
      "selected_dcs": [
        2,
        5,
        8
      ],
      "get_cost": 6.790161132812501,
      "put_cost": 3.3951137214899068,
      "storage_cost": 0.016721960616438356,
      "vm_cost": 0.237126,
      "total_cost": 10.439122814918846,
      "get_latency": 656.2,
      "put_latency": 656.2,
      "client_placement_info": {
        "0": {
          "Q1": [
            2,
            5
          ],
          "Q2": [
            2,
            5
          ],
          "get_cost_on_this_client": 2.47955322265625e-05,
          "put_cost_on_this_client": 1.239788718521595e-05
        },
        "1": {
          "Q1": [
            2,
            5
          ],
          "Q2": [
            2,
            5
          ],
          "get_cost_on_this_client": 2.47955322265625e-05,
          "put_cost_on_this_client": 1.239788718521595e-05
        },
        "2": {
          "Q1": [
            2,
            5
          ],
          "Q2": [
            2,
            5
          ],
          "get_cost_on_this_client": 1.71661376953125e-05,
          "put_cost_on_this_client": 8.583152666687966e-06
        },
        "3": {
          "Q1": [
            2,
            5
          ],
          "Q2": [
            2,
            5
          ],
          "get_cost_on_this_client": 3.0517578125e-05,
          "put_cost_on_this_client": 1.525893807411194e-05
        },
        "4": {
          "Q1": [
            2,
            5
          ],
          "Q2": [
            2,
            5
          ],
          "get_cost_on_this_client": 3.0517578125e-05,
          "put_cost_on_this_client": 1.525893807411194e-05
        },
        "5": {
          "Q1": [
            5,
            8
          ],
          "Q2": [
            5,
            8
          ],
          "get_cost_on_this_client": 3.814697265625e-06,
          "put_cost_on_this_client": 1.9073672592639923e-06
        },
        "6": {
          "Q1": [
            2,
            5
          ],
          "Q2": [
            2,
            5
          ],
          "get_cost_on_this_client": 3.0517578125e-05,
          "put_cost_on_this_client": 1.525893807411194e-05
        },
        "7": {
          "Q1": [
            5,
            8
          ],
          "Q2": [
            5,
            8
          ],
          "get_cost_on_this_client": 3.814697265625e-06,
          "put_cost_on_this_client": 1.9073672592639923e-06
        },
        "8": {
          "Q1": [
            5,
            8
          ],
          "Q2": [
            5,
            8
          ],
          "get_cost_on_this_client": 3.814697265625e-06,
          "put_cost_on_this_client": 1.9073672592639923e-06
        }
      }
    },
    {
      "id": 2,
      "protocol": "abd",
      "m": 3,
      "selected_dcs": [
        2,
        5,
        8
      ],
      "get_cost": 12.222290039062502,
      "put_cost": 0.6790227442979814,
      "storage_cost": 0.016721960616438356,
      "vm_cost": 0.237126,
      "total_cost": 13.155160743976921,
      "get_latency": 656.2,
      "put_latency": 656.2,
      "client_placement_info": {
        "0": {
          "Q1": [
            2,
            5
          ],
          "Q2": [
            2,
            5
          ],
          "get_cost_on_this_client": 2.47955322265625e-05,
          "put_cost_on_this_client": 1.239788718521595e-05
        },
        "1": {
          "Q1": [
            2,
            5
          ],
          "Q2": [
            2,
            5
          ],
          "get_cost_on_this_client": 2.47955322265625e-05,
          "put_cost_on_this_client": 1.239788718521595e-05
        },
        "2": {
          "Q1": [
            2,
            5
          ],
          "Q2": [
            2,
            5
          ],
          "get_cost_on_this_client": 1.71661376953125e-05,
          "put_cost_on_this_client": 8.583152666687966e-06
        },
        "3": {
          "Q1": [
            2,
            5
          ],
          "Q2": [
            2,
            5
          ],
          "get_cost_on_this_client": 3.0517578125e-05,
          "put_cost_on_this_client": 1.525893807411194e-05
        },
        "4": {
          "Q1": [
            2,
            5
          ],
          "Q2": [
            2,
            5
          ],
          "get_cost_on_this_client": 3.0517578125e-05,
          "put_cost_on_this_client": 1.525893807411194e-05
        },
        "5": {
          "Q1": [
            5,
            8
          ],
          "Q2": [
            5,
            8
          ],
          "get_cost_on_this_client": 3.814697265625e-06,
          "put_cost_on_this_client": 1.9073672592639923e-06
        },
        "6": {
          "Q1": [
            2,
            5
          ],
          "Q2": [
            2,
            5
          ],