{
  "output": [
    {
      "id": 0,
      "protocol": "cas",
      "m": 8,
      "k": 2,
      "selected_dcs": [
        0,
        1,
        2,
        3,
        4,
        5,
        7,
        8
      ],
      "get_cost": 1.4343327283859253,
      "put_cost": 3.021503090858459,
      "storage_cost": 0.024560379655393833,
      "vm_cost": 0.682208,
      "total_cost": 5.162604198899778,
      "get_latency": 656.2,
      "put_latency": 984.3000000000001,
      "client_placement_info": {
        "0": {
          "Q1": [
            0,
            1,
            2
          ],
          "Q2": [
            0,
            1,
            2
          ],
          "Q3": [
            0,
            1,
            2,
            3,
            4,
            5
          ],
          "Q4": [
            0,
            1,
            2,
            3,
            4,
            5,
            7
          ],
          "get_cost_on_this_client": 2.0504100248217587e-05,
          "put_cost_on_this_client": 5.245637148618699e-06
        },
        "1": {
          "Q1": [
            0,
            1,
            2
          ],
          "Q2": [
            0,
            1,
            2
          ],
          "Q3": [
            0,
            1,
            2,
            3,
            4,
            5
          ],
          "Q4": [
            0,
            1,
            2,
            3,
            4,
            5,
            7
          ],
          "get_cost_on_this_client": 2.0504100248217587e-05,
          "put_cost_on_this_client": 5.245637148618699e-06
        },
        "2": {
          "Q1": [
            0,
            1,
            2
          ],
          "Q2": [
            0,
            1,
            2
          ],
          "Q3": [
            0,
            1,
            2,
            3,
            4,
            5
          ],
          "Q4": [
            0,
            1,
            2,
            3,
            4,
            5,
            7
          ],
          "get_cost_on_this_client": 2.0504100248217587e-05,
          "put_cost_on_this_client": 5.245637148618699e-06
        },
        "3": {
          "Q1": [
            0,
            3,
            4
          ],
          "Q2": [
            0,
            3,
            4
          ],
          "Q3": [
            0,
            1,
            2,
            3,
            4,
            5
          ],
          "Q4": [
            0,
            1,
            2,
            3,
            4,
            5,
            7
          ],
          "get_cost_on_this_client": 2.0504100248217587e-05,
          "put_cost_on_this_client": 5.245637148618698e-06
        },
        "4": {
          "Q1": [
            0,
            3,
            4
          ],
          "Q2": [
            0,
            3,
            4
          ],
          "Q3": [
            0,
            1,
            2,
            3,
            4,
            5
          ],
          "Q4": [
            0,
            1,
            2,
            3,
            4,
            5,
            7
          ],
          "get_cost_on_this_client": 2.0504100248217587e-05,
          "put_cost_on_this_client": 5.245637148618698e-06
        },
        "5": {
          "Q1": [
            5,
            7,
            8
          ],
          "Q2": [
            5,
            7,
            8
          ],
          "Q3": [
            0,
            1,
            2,
            5,
            7,
            8
          ],
          "Q4": [
            0,
            1,
            2,
            3,
            5,
            7,
            8
          ],
          "get_cost_on_this_client": 1.6689328476786612e-05,
          "put_cost_on_this_client": 1.4307908713817596e-06
        },
        "6": {
          "Q1": [
            0,
            1,
            2
          ],
          "Q2": [
            0,
            1,
            2
          ],
          "Q3": [
            0,
            1,
            2,
            3,
            4,
            5
          ],
          "Q4": [
            0,
            1,
            2,
            3,
            4,
            5,
            7
          ],
          "get_cost_on_this_client": 2.6703104376792913e-05,
          "put_cost_on_this_client": 1.1444762349128723e-05
        },
        "7": {
          "Q1": [
            5,
            7,
            8
          ],
          "Q2": [
            5,
            7,
            8
          ],
          "Q3": [
            0,
            1,
            2,
            5,
            7,
            8
          ],
          "Q4": [
            0,
            1,
            2,
            3,
            5,
            7,
            8
          ],
          "get_cost_on_this_client": 1.6689328476786612e-05,
          "put_cost_on_this_client": 1.4307908713817596e-06
        },
        "8": {
          "Q1": [
            5,
            7,
            8
          ],
          "Q2": [
            5,
            7,
            8
          ],
          "Q3": [
            0,
            1,
            2,
            5,
            7,
            8
          ],
          "Q4": [
            0,
            1,
            2,
            3,
            5,
            7,
            8
          ],
          "get_cost_on_this_client": 1.6689328476786612e-05,
          "put_cost_on_this_client": 1.4307908713817596e-06
        }
      }
    },
    {
      "id": 1,
      "protocol": "cas",
      "m": 6,
      "k": 4,
      "selected_dcs": [
        0,
        1,
        2,
        5,
        7,
        8
      ],
      "get_cost": 2.4605065584182744,
      "put_cost": 2.4606026709079742,
      "storage_cost": 0.009144822212114725,
      "vm_cost": 0.50154,
      "total_cost": 5.431794051538363,
      "get_latency": 603.6,
      "put_latency": 931.7,
      "client_placement_info": {
        "0": {
          "Q1": [
            0,
            1
          ],
          "Q2": [
            0,
            1,
            2,
            5,
            7
          ],
          "Q3": [
            0,
            1,
            2,
            5,
            7
          ],
          "Q4": [
            0,
            1,
            2,
            5,
            7
          ],
          "get_cost_on_this_client": 6.437357515096665e-06,
          "put_cost_on_this_client": 6.4376089721918105e-06
        },
        "1": {
          "Q1": [
            0,
            1
          ],
          "Q2": [
            0,
            1,
            2,
            5,
            7
          ],
          "Q3": [
            0,
            1,
            2,
            5,
            7
          ],
          "Q4": [
            0,
            1,
            2,
            5,
            7
          ],
          "get_cost_on_this_client": 6.437357515096665e-06,
          "put_cost_on_this_client": 6.4376089721918105e-06
        },
        "2": {
          "Q1": [
            0,
            2
          ],
          "Q2": [
            0,
            1,
            2,
            5,
            7
          ],
          "Q3": [
            0,
            1,
            2,
            5,
            7
          ],
          "Q4": [
            0,
            1,
            2,
            5,
            7
          ],
          "get_cost_on_this_client": 6.437357515096665e-06,
          "put_cost_on_this_client": 6.4376089721918105e-06
        },
        "3": {
          "Q1": [
            0,
            1
          ],
          "Q2": [
            0,
            1,
            2,
            5,
            7
          ],
          "Q3": [
            0,
            1,
            2,
            5,
            7
          ],
          "Q4": [
            0,
            1,
            2,
            5,
            7
          ],
          "get_cost_on_this_client": 9.536892175674438e-06,