{
  "output": [
    {
      "id": 0,
      "protocol": "cas",
      "m": 6,
      "k": 4,
      "selected_dcs": [
        0,
        1,
        2,
        5,
        7,
        8
      ],
      "get_cost": 2.4605065584182744,
      "put_cost": 2.4606026709079742,
      "storage_cost": 0.009144822212114725,
      "vm_cost": 0.50154,
      "total_cost": 5.431794051538363,
      "get_latency": 603.6,
      "put_latency": 931.7,
      "client_placement_info": {
        "0": {
          "Q1": [
            0,
            1
          ],
          "Q2": [
            0,
            1,
            2,
            5,
            7
          ],
          "Q3": [
            0,
            1,
            2,
            5,
            7
          ],
          "Q4": [
            0,
            1,
            2,
            5,
            7
          ],
          "get_cost_on_this_client": 6.437357515096665e-06,
          "put_cost_on_this_client": 6.4376089721918105e-06
        },
        "1": {
          "Q1": [
            0,
            1
          ],
          "Q2": [
            0,
            1,
            2,
            5,
            7
          ],
          "Q3": [
            0,
            1,
            2,
            5,
            7
          ],
          "Q4": [
            0,
            1,
            2,
            5,
            7
          ],
          "get_cost_on_this_client": 6.437357515096665e-06,
          "put_cost_on_this_client": 6.4376089721918105e-06
        },
        "2": {
          "Q1": [
            0,
            2
          ],
          "Q2": [
            0,
            1,
            2,
            5,
            7
          ],
          "Q3": [
            0,
            1,
            2,
            5,
            7
          ],
          "Q4": [
            0,
            1,
            2,
            5,
            7
          ],
          "get_cost_on_this_client": 6.437357515096665e-06,
          "put_cost_on_this_client": 6.4376089721918105e-06
        },
        "3": {
          "Q1": [
            0,
            1
          ],
          "Q2": [
            0,
            1,
            2,
            5,
            7
          ],
          "Q3": [
            0,
            1,
            2,
            5,
            7
          ],
          "Q4": [
            0,
            1,
            2,
            5,
            7
          ],
          "get_cost_on_this_client": 9.536892175674438e-06,
          "put_cost_on_this_client": 9.537264704704284e-06
        },
        "4": {
          "Q1": [
            0,
            1
          ],
          "Q2": [
            0,
            1,
            2,
            5,
            7
          ],
          "Q3": [
            0,
            1,
            2,
            5,
            7
          ],
          "Q4": [
            0,
            1,
            2,
            5,
            7
          ],
          "get_cost_on_this_client": 9.536892175674438e-06,
          "put_cost_on_this_client": 9.537264704704284e-06
        },
        "5": {
          "Q1": [
            5,
            7
          ],
          "Q2": [
            0,
            1,
            5,
            7,
            8
          ],
          "Q3": [
            0,
            1,
            5,
            7,
            8
          ],
          "Q4": [
            0,
            1,
            5,
            7,
            8
          ],
          "get_cost_on_this_client": 4.52997162938118e-06,
          "put_cost_on_this_client": 4.530148580670357e-06
        },
        "6": {
          "Q1": [
            0,
            1
          ],
          "Q2": [
            0,
            1,
            2,
            5,
            7
          ],
          "Q3": [
            0,
            1,
            2,
            5,
            7
          ],
          "Q4": [
            0,
            1,
            2,
            5,
            7
          ],
          "get_cost_on_this_client": 9.536892175674438e-06,
          "put_cost_on_this_client": 9.537264704704284e-06
        },
        "7": {
          "Q1": [
            5,
            7
          ],
          "Q2": [
            0,
            1,
            5,
            7,
            8
          ],
          "Q3": [
            0,
            1,
            5,
            7,
            8
          ],
          "Q4": [
            0,
            1,
            5,
            7,
            8
          ],
          "get_cost_on_this_client": 4.52997162938118e-06,
          "put_cost_on_this_client": 4.530148580670357e-06
        },
        "8": {
          "Q1": [
            5,
            7
          ],
          "Q2": [
            0,
            1,
            5,
            7,
            8
          ],
          "Q3": [
            0,
            1,
            5,
            7,
            8
          ],
          "Q4": [
            0,
            1,
            5,
            7,
            8
          ],
          "get_cost_on_this_client": 4.52997162938118e-06,
          "put_cost_on_this_client": 4.530148580670357e-06
        }
      }
    },
    {
      "id": 1,
      "protocol": "cas",
      "m": 8,
      "k": 6,
      "selected_dcs": [
        0,
        1,
        2,
        3,
        4,
        5,
        7,
        8
      ],
      "get_cost": 4.1834813232223205,
      "put_cost": 4.183726447323958,
      "storage_cost": 0.008186793218464612,
      "vm_cost": 0.682208,
      "total_cost": 9.057602563764744,
      "get_latency": 603.6,
      "put_latency": 931.7,
      "client_placement_info": {
        "0": {
          "Q1": [
            0,
            1
          ],
          "Q2": [
            0,
            1,
            2,
            3,
            4,
            5,
            7
          ],
          "Q3": [
            0,
            1,
            2,
            3,
            4,
            5,
            7
          ],
          "Q4": [
            0,
            1,
            2,
            3,
            4,
            5,
            7
          ],
          "get_cost_on_this_client": 6.83472181359927e-06,
          "put_cost_on_this_client": 6.835122282306354e-06
        },
        "1": {
          "Q1": [
            0,
            1
          ],
          "Q2": [
            0,
            1,
            2,
            3,
            4,
            5,
            7
          ],
          "Q3": [
            0,
            1,
            2,
            3,
            4,
            5,
            7
          ],
          "Q4": [
            0,
            1,
            2,
            3,
            4,
            5,
            7
          ],
          "get_cost_on_this_client": 6.83472181359927e-06,
          "put_cost_on_this_client": 6.835122282306354e-06
        },
        "2": {
          "Q1": [
            0,
            2
          ],
          "Q2": [
            0,
            1,
            2,
            3,
            4,
            5,
            7
          ],
          "Q3": [
            0,
            1,
            2,
            3,
            4,
            5,
            7
          ],
          "Q4": [
            0,
            1,
            2,
            3,
            4,
            5,
            7
          ],
          "get_cost_on_this_client": 6.83472181359927e-06,
          "put_cost_on_this_client": 6.835122282306354e-06
        },
        "3": {
          "Q1": [
            3,
            4
          ],
          "Q2": [
            0,
            1,
            2,
            3,
            4,
            5,
            7
          ],
          "Q3": [
            0,
            1,
            2,
            3,
            4,
            5,
            7
          ],
          "Q4": [
            0,
            1,
            2,
            3,
            4,
            5,
            7
          ],
          "get_cost_on_this_client": 6.834693873922031e-06,