{
  "output": [
    {
      "id": 0,
      "protocol": "abd",
      "m": 3,
      "selected_dcs": [
        2,
        5,
        8
      ],
      "get_cost": 0.067901611328125,
      "put_cost": 0.033983960747718804,
      "storage_cost": 0.00016721960616438355,
      "vm_cost": 0.237126,
      "total_cost": 0.3391787916820082,
      "get_latency": 656.2,
      "put_latency": 656.2,
      "client_placement_info": {
        "0": {
          "Q1": [
            2,
            5
          ],
          "Q2": [
            2,
            5
          ],
          "get_cost_on_this_client": 2.47955322265625e-07,
          "put_cost_on_this_client": 1.240987330675125e-07
        },
        "1": {
          "Q1": [
            2,
            5
          ],
          "Q2": [
            2,
            5
          ],
          "get_cost_on_this_client": 2.47955322265625e-07,
          "put_cost_on_this_client": 1.240987330675125e-07
        },
        "2": {
          "Q1": [
            2,
            5
          ],
          "Q2": [
            2,
            5
          ],
          "get_cost_on_this_client": 1.71661376953125e-07,
          "put_cost_on_this_client": 8.591450750827789e-08
        },
        "3": {
          "Q1": [
            2,
            5
          ],
          "Q2": [
            2,
            5
          ],
          "get_cost_on_this_client": 3.0517578125e-07,
          "put_cost_on_this_client": 1.5273690223693848e-07
        },
        "4": {
          "Q1": [
            2,
            5
          ],
          "Q2": [
            2,
            5
          ],
          "get_cost_on_this_client": 3.0517578125e-07,
          "put_cost_on_this_client": 1.5273690223693848e-07
        },
        "5": {
          "Q1": [
            5,
            8
          ],
          "Q2": [
            5,
            8
          ],
          "get_cost_on_this_client": 3.814697265625e-08,
          "put_cost_on_this_client": 1.909211277961731e-08
        },
        "6": {
          "Q1": [
            2,
            5
          ],
          "Q2": [
            2,
            5
          ],
          "get_cost_on_this_client": 3.0517578125e-07,
          "put_cost_on_this_client": 1.5273690223693848e-07
        },
        "7": {
          "Q1": [
            5,
            8
          ],
          "Q2": [
            5,
            8
          ],
          "get_cost_on_this_client": 3.814697265625e-08,
          "put_cost_on_this_client": 1.909211277961731e-08
        },
        "8": {
          "Q1": [
            5,
            8
          ],
          "Q2": [
            5,
            8
          ],
          "get_cost_on_this_client": 3.814697265625e-08,
          "put_cost_on_this_client": 1.909211277961731e-08
        }
      }
    },
    {
      "id": 1,
      "protocol": "abd",
      "m": 3,
      "selected_dcs": [
        5,
        7,
        8
      ],
      "get_cost": 0.020942687988281253,
      "put_cost": 0.010481569916009903,
      "storage_cost": 0.00017244521885702053,
      "vm_cost": 0.23495399999999997,
      "total_cost": 0.26655070312314816,
      "get_latency": 514.2,
      "put_latency": 514.2,
      "client_placement_info": {
        "0": {
          "Q1": [
            5,
            7
          ],
          "Q2": [
            5,
            7
          ],
          "get_cost_on_this_client": 3.0517578125e-07,
          "put_cost_on_this_client": 1.5273690223693848e-07
        },
        "1": {
          "Q1": [
            5,
            7
          ],
          "Q2": [
            5,
            7
          ],
          "get_cost_on_this_client": 3.0517578125e-07,
          "put_cost_on_this_client": 1.5273690223693848e-07
        },
        "2": {
          "Q1": [
            5,
            7
          ],
          "Q2": [
            5,
            7
          ],
          "get_cost_on_this_client": 3.0517578125e-07,
          "put_cost_on_this_client": 1.5273690223693848e-07
        },
        "3": {
          "Q1": [
            5,
            7
          ],
          "Q2": [
            5,
            7
          ],
          "get_cost_on_this_client": 3.0517578125e-07,
          "put_cost_on_this_client": 1.5273690223693848e-07
        },
        "4": {
          "Q1": [
            5,
            7
          ],
          "Q2": [
            5,
            7
          ],
          "get_cost_on_this_client": 3.0517578125e-07,
          "put_cost_on_this_client": 1.5273690223693848e-07
        },
        "5": {
          "Q1": [
            5,
            7
          ],
          "Q2": [
            5,
            7
          ],
          "get_cost_on_this_client": 3.814697265625e-08,
          "put_cost_on_this_client": 1.909211277961731e-08
        },
        "6": {
          "Q1": [
            5,
            7
          ],
          "Q2": [
            5,
            7
          ],
          "get_cost_on_this_client": 3.0517578125e-07,
          "put_cost_on_this_client": 1.5273690223693848e-07
        },
        "7": {
          "Q1": [
            5,
            7
          ],
          "Q2": [
            5,
            7
          ],
          "get_cost_on_this_client": 3.814697265625e-08,
          "put_cost_on_this_client": 1.909211277961731e-08
        },
        "8": {
          "Q1": [
            5,
            7
          ],
          "Q2": [
            5,
            7
          ],
          "get_cost_on_this_client": 3.814697265625e-08,
          "put_cost_on_this_client": 1.909211277961731e-08
        }
      }
    },
    {
      "id": 2,
      "protocol": "abd",
      "m": 3,
      "selected_dcs": [
        5,
        6,
        8
      ],
      "get_cost": 0.061798095703125,
      "put_cost": 0.03092922270298005,
      "storage_cost": 0.0001881220569349315,
      "vm_cost": 0.260836,
      "total_cost": 0.35375144046303997,
      "get_latency": 670.2,
      "put_latency": 670.2,
      "client_placement_info": {
        "0": {
          "Q1": [
            5,
            6
          ],
          "Q2": [
            5,
            6
          ],
          "get_cost_on_this_client": 3.0517578125e-07,
          "put_cost_on_this_client": 1.5273690223693848e-07
        },
        "1": {
          "Q1": [
            5,
            6
          ],
          "Q2": [
            5,
            6
          ],
          "get_cost_on_this_client": 3.0517578125e-07,
          "put_cost_on_this_client": 1.5273690223693848e-07
        },
        "2": {
          "Q1": [
            5,
            6
          ],
          "Q2": [
            5,
            6
          ],
          "get_cost_on_this_client": 3.0517578125e-07,
          "put_cost_on_this_client": 1.5273690223693848e-07
        },
        "3": {
          "Q1": [
            5,
            6
          ],
          "Q2": [
            5,
            6
          ],
          "get_cost_on_this_client": 3.0517578125e-07,
          "put_cost_on_this_client": 1.5273690223693848e-07
        },
        "4": {
          "Q1": [
            5,
            6
          ],
          "Q2": [
            5,
            6
          ],
          "get_cost_on_this_client": 3.0517578125e-07,
          "put_cost_on_this_client": 1.5273690223693848e-07
        },
        "5": {
          "Q1": [
            5,
            8
          ],
          "Q2": [
            5,
            8
          ],
          "get_cost_on_this_client": 3.814697265625e-08,
          "put_cost_on_this_client": 1.909211277961731e-08
        },
        "6": {
          "Q1": [
            5,
            6
          ],
          "Q2": [
            5,
            6
          ],
          "get_cost_on_this_client": 1.71661376953125e-07,
          "put_cost_on_this_client": 8.591450750827789e-08
        },
        "7": {
          "Q1": [
            5,
            8
          ],
          "Q2": [
            5,
            8
          ],