{
  "output": [
    {
      "id": 0,
      "protocol": "replication",
      "m": 3,
      "k": 1,
      "selected_dcs": [
        2,
        5,
        8
      ],
      "get_cost": 0.0067967921495437605,
      "put_cost": 0.06123080849647522,
      "storage_cost": 0.00016721960616438355,
      "vm_cost": 0.237126,
      "total_cost": 0.3053208202521834,
      "get_latency": 656.2,
      "put_latency": 984.3000000000001,
      "client_placement_info": {
        "0": {
          "Q1": [
            2,
            5
          ],
          "Q2": [
            2,
            5
          ],
          "Q3": [
            2,
            5
          ],
          "Q4": [
            2,
            5
          ],
          "get_cost_on_this_client": 1.240987330675125e-07,
          "put_cost_on_this_client": 1.2421980500221252e-07
        },
        "1": {
          "Q1": [
            2,
            5
          ],
          "Q2": [
            2,
            5
          ],
          "Q3": [
            2,
            5
          ],
          "Q4": [
            2,
            5
          ],
          "get_cost_on_this_client": 1.240987330675125e-07,
          "put_cost_on_this_client": 1.2421980500221252e-07
        },
        "2": {
          "Q1": [
            2,
            5
          ],
          "Q2": [
            2,
            5
          ],
          "Q3": [
            2,
            5
          ],
          "Q4": [
            2,
            5
          ],
          "get_cost_on_this_client": 8.591450750827789e-08,
          "put_cost_on_this_client": 8.599832653999329e-08
        },
        "3": {
          "Q1": [
            2,
            5
          ],
          "Q2": [
            2,
            5
          ],
          "Q3": [
            2,
            5
          ],
          "Q4": [
            2,
            5
          ],
          "get_cost_on_this_client": 1.5273690223693848e-07,
          "put_cost_on_this_client": 1.5288591384887695e-07
        },
        "4": {
          "Q1": [
            2,
            5
          ],
          "Q2": [
            2,
            5
          ],
          "Q3": [
            2,
            5
          ],
          "Q4": [
            2,
            5
          ],
          "get_cost_on_this_client": 1.5273690223693848e-07,
          "put_cost_on_this_client": 1.5288591384887695e-07
        },
        "5": {
          "Q1": [
            5,
            8
          ],
          "Q2": [
            5,
            8
          ],
          "Q3": [
            5,
            8
          ],
          "Q4": [
            5,
            8
          ],
          "get_cost_on_this_client": 1.909211277961731e-08,
          "put_cost_on_this_client": 1.911073923110962e-08
        },
        "6": {
          "Q1": [
            2,
            5
          ],
          "Q2": [
            2,
            5
          ],
          "Q3": [
            2,
            5
          ],
          "Q4": [
            2,
            5
          ],
          "get_cost_on_this_client": 1.5273690223693848e-07,
          "put_cost_on_this_client": 1.5288591384887695e-07
        },
        "7": {
          "Q1": [
            5,
            8
          ],
          "Q2": [
            5,
            8
          ],
          "Q3": [
            5,
            8
          ],
          "Q4": [
            5,
            8
          ],
          "get_cost_on_this_client": 1.909211277961731e-08,
          "put_cost_on_this_client": 1.911073923110962e-08
        },
        "8": {
          "Q1": [
            5,
            8
          ],
          "Q2": [
            5,
            8
          ],
          "Q3": [
            5,
            8
          ],
          "Q4": [
            5,
            8
          ],
          "get_cost_on_this_client": 1.909211277961731e-08,
          "put_cost_on_this_client": 1.911073923110962e-08
        }
      }
    },
    {
      "id": 1,
      "protocol": "replication",
      "m": 3,
      "k": 1,
      "selected_dcs": [
        2,
        5,
        8
      ],
      "get_cost": 0.033983960747718804,
      "put_cost": 0.03401711583137512,
      "storage_cost": 0.00016721960616438355,
      "vm_cost": 0.237126,
      "total_cost": 0.30529429618525833,
      "get_latency": 656.2,
      "put_latency": 984.3000000000001,
      "client_placement_info": {
        "0": {
          "Q1": [
            2,
            5
          ],
          "Q2": [
            2,
            5
          ],
          "Q3": [
            2,
            5
          ],
          "Q4": [
            2,
            5
          ],
          "get_cost_on_this_client": 1.240987330675125e-07,
          "put_cost_on_this_client": 1.2421980500221252e-07
        },
        "1": {
          "Q1": [
            2,
            5
          ],
          "Q2": [
            2,
            5
          ],
          "Q3": [
            2,
            5
          ],
          "Q4": [
            2,
            5
          ],
          "get_cost_on_this_client": 1.240987330675125e-07,
          "put_cost_on_this_client": 1.2421980500221252e-07
        },
        "2": {
          "Q1": [
            2,
            5
          ],
          "Q2": [
            2,
            5
          ],
          "Q3": [
            2,
            5
          ],
          "Q4": [
            2,
            5
          ],
          "get_cost_on_this_client": 8.591450750827789e-08,
          "put_cost_on_this_client": 8.599832653999329e-08
        },
        "3": {
          "Q1": [
            2,
            5
          ],
          "Q2": [
            2,
            5
          ],
          "Q3": [
            2,
            5
          ],
          "Q4": [
            2,
            5
          ],
          "get_cost_on_this_client": 1.5273690223693848e-07,
          "put_cost_on_this_client": 1.5288591384887695e-07
        },
        "4": {
          "Q1": [
            2,
            5
          ],
          "Q2": [
            2,
            5
          ],
          "Q3": [
            2,
            5
          ],
          "Q4": [
            2,
            5
          ],
          "get_cost_on_this_client": 1.5273690223693848e-07,
          "put_cost_on_this_client": 1.5288591384887695e-07
        },
        "5": {
          "Q1": [
            5,
            8
          ],
          "Q2": [
            5,
            8
          ],
          "Q3": [
            5,
            8
          ],
          "Q4": [
            5,
            8
          ],
          "get_cost_on_this_client": 1.909211277961731e-08,
          "put_cost_on_this_client": 1.911073923110962e-08
        },
        "6": {
          "Q1": [
            2,
            5
          ],
          "Q2": [
            2,
            5
          ],
          "Q3": [
            2,
            5
          ],
          "Q4": [
            2,
            5
          ],
          "get_cost_on_this_client": 1.5273690223693848e-07,
          "put_cost_on_this_client": 1.5288591384887695e-07
        },
        "7": {
          "Q1": [
            5,
            8
          ],
          "Q2": [
            5,
            8
          ],
          "Q3": [
            5,
            8
          ],
          "Q4": [
            5,
            8
          ],
          "get_cost_on_this_client": 1.909211277961731e-08,
          "put_cost_on_this_client": 1.911073923110962e-08
        },
        "8": {
          "Q1": [
            5,
            8
          ],
          "Q2": [
            5,
            8
          ],
          "Q3": [
            5,
            8
          ],
          "Q4": [
            5,
            8
          ],
          "get_cost_on_this_client": 1.909211277961731e-08,
          "put_cost_on_this_client": 1.911073923110962e-08
        }
      }
    },
    {
      "id": 2,
      "protocol": "replication",
      "m": 3,
      "k": 1,