{
  "workload_config": [
    {
      "timestamp": 2,
      "id": 1,
      "grp_id": [
        2, 3, 5
      ],
      "grp_workload": [
        {
          "availability_target": 2,
          "client_dist": [
            0.1111111111,
            0.1111111111,
            0.1111111111,
            0.1111111111,
            0.1111111111,
            0.1111111111,
            0.1111111111,
            0.1111111111,
            0.1111111111
          ],
          "object_size": 8192,
          "metadata_size": 1e-09,
          "num_objects": 10001,
          "arrival_rate": 100,
          "read_ratio": 0.5,
          "write_ratio": 0.5,
          "SLO_read": 1000,
          "SLO_write": 1000,
          "duration": 10,
          "time_to_decode": 0.00028,
          "keys": [
            "222221", "222222", "222223", "222224", "222225", "222226", "222227", "222228", "222229", "222230", "222231", "222232", "222233", "222234"
          ]
        },
        {
          "availability_target": 2,
          "client_dist": [
            0.1111111111,
            0.1111111111,
            0.1111111111,
            0.1111111111,
            0.1111111111,
            0.1111111111,
            0.1111111111,
            0.1111111111,
            0.1111111111
          ],
          "object_size": 512,
          "metadata_size": 1e-09,
          "num_objects": 10001,
          "arrival_rate": 50,
          "read_ratio": 0.5,
          "write_ratio": 0.5,
          "SLO_read": 1000,
          "SLO_write": 1000,
          "duration": 10,
          "time_to_decode": 0.00028,
          "keys": [
            "333331", "333332", "333333", "333334", "333335"
          ]
        },
        {
          "availability_target": 2,
          "client_dist": [
            0.1111111111,
            0.1111111111,
            0.1111111111,
            0.1111111111,
            0.1111111111,
            0.1111111111,
            0.1111111111,
            0.1111111111,
            0.1111111111
          ],
          "object_size": 1024,
          "metadata_size": 1e-09,
          "num_objects": 10001,
          "arrival_rate": 50,
          "read_ratio": 0.5,
          "write_ratio": 0.5,
          "SLO_read": 1000,
          "SLO_write": 1000,
          "duration": 10,
          "time_to_decode": 0.00028,
          "keys": [
            "555551", "555552", "555553", "555554", "555555", "555556", "555557", "555558"
          ]
        }
      ]
    }
  ]
}
