{
  "workload_config": [
    {
      "timestamp": 2,
      "id": 1,
      "grp_id": [
        2,6
      ],
      "grp_workload": [
        {
          "availability_target": 2,
          "client_dist": [
            0.1111111111111111,
            0.1111111111111111,
            0.1111111111111111,
            0.1111111111111111,
            0.1111111111111111,
            0.1111111111111111,
            0.1111111111111111,
            0.1111111111111111,
            0.1111111111111111
          ],
          "object_size": 1024,
          "metadata_size": 1e-09,
          "num_objects": 10001,
          "arrival_rate": 100,
          "read_ratio": 0.9,
          "write_ratio": 0.1,
          "SLO_read": 1000,
          "SLO_write": 1000,
          "duration": 60,
          "time_to_decode": 0.00028,
          "keys": [
            "20", "21", "22", "23", "24", "25", "26", "27", "28", "29", "210", "211", "212", "213", "214", "215", "216", "217", "218", "219", "220", "221", "222", "223", "224", "225", "226", "227", "228", "229", "230", "231", "232", "233", "234", "235", "236", "237", "238", "239", "240", "241", "242", "243", "244", "245", "246", "247", "248", "249", "250", "251", "252", "253", "254", "255", "256", "257", "258", "259", "260", "261", "262", "263", "264", "265", "266", "267", "268", "269", "270", "271", "272", "273", "274", "275", "276", "277", "278", "279", "280", "281", "282", "283", "284", "285", "286", "287", "288", "289", "290", "291", "292", "293", "294", "295", "296", "297", "298", "299"
          ]
        },
        {
          "availability_target": 2,
          "client_dist": [
            0.1111111111111111,
            0.1111111111111111,
            0.1111111111111111,
            0.1111111111111111,
            0.1111111111111111,
            0.1111111111111111,
            0.1111111111111111,
            0.1111111111111111,
            0.1111111111111111
          ],
          "object_size": 1024,
          "metadata_size": 1e-09,
          "num_objects": 10001,
          "arrival_rate": 100,
          "read_ratio": 0.9,
          "write_ratio": 0.1,
          "SLO_read": 1000,
          "SLO_write": 1000,
          "duration": 60,
          "time_to_decode": 0.00028,
          "keys": [
            "60", "61", "62", "63", "64", "65", "66", "67", "68", "69", "610", "611", "612", "613", "614", "615", "616", "617", "618", "619", "620", "621", "622", "623", "624", "625", "626", "627", "628", "629", "630", "631", "632", "633", "634", "635", "636", "637", "638", "639", "640", "641", "642", "643", "644", "645", "646", "647", "648", "649", "650", "651", "652", "653", "654", "655", "656", "657", "658", "659", "660", "661", "662", "663", "664", "665", "666", "667", "668", "669", "670", "671", "672", "673", "674", "675", "676", "677", "678", "679", "680", "681", "682", "683", "684", "685", "686", "687", "688", "689", "690", "691", "692", "693", "694", "695", "696", "697", "698", "699"
          ]
        }
      ]
    }
  ]
}

