{
  "workload_config": [
    {
      "timestamp": 2,
      "id": 1,
      "grp_workload": [
        {
          "id": 0,
          "availability_target": 1,
          "client_dist": [
              0.1111111111111111,
              0.1111111111111111,
              0.1111111111111111,
              0.1111111111111111,
              0.1111111111111111,
              0.1111111111111111,
              0.1111111111111111,
              0.1111111111111111,
              0.1111111111111111
          ],
          "object_size": 1024,
          "metadata_size": 9.313225746154785e-10,
          "num_objects": 1000000,
          "arrival_rate": 600,
          "read_ratio": 0.5,
          "write_ratio": 0.5,
          "SLO_read": 1000,
          "SLO_write": 1000,
          "duration": 200,
          "time_to_decode": 0.00028,
          "keys": [
            "222221", "222222", "222223", "222224", "222225", "222226", "222227", "222228", "222229", "222230", "222231", "222232", "222233", "222234", "222235", "222236", "222237", "222238", "222239", "222240", "222241", "222242", "222243", "222244", "222245", "222246", "222247", "222248", "222249", "222250"
          ]
        }
      ]
    }
  ]
}

