{
  "workload_config": [
    {
      "timestamp": 2,
      "id": 1,
      "grp_id": [
        2, 5, 7
      ],
      "grp_workload": [
        {
          "availability_target": 2,
          "client_dist": [
            1,
            0,
            0,
            0,
            0,
            0,
            0,
            0,
            0
          ],
          "object_size": 8192,
          "metadata_size": 1e-09,
          "num_objects": 10001,
          "arrival_rate": 60,
          "read_ratio": 0.6,
          "write_ratio": 0.4,
          "SLO_read": 1000,
          "SLO_write": 1000,
          "duration": 30,
          "time_to_decode": 0.00028,
          "keys": [
            "222221", "222222", "222223", "222224", "222225", "222226", "222227", "2222281"
          ]
        },
        {
          "availability_target": 2,
          "client_dist": [
            0,
            1,
            0,
            0,
            0,
            0,
            0,
            0,
            0
          ],
          "object_size": 65536,
          "metadata_size": 1e-09,
          "num_objects": 10001,
          "arrival_rate": 30,
          "read_ratio": 0.6,
          "write_ratio": 0.4,
          "SLO_read": 1000,
          "SLO_write": 1000,
          "duration": 20,
          "time_to_decode": 0.00028,
          "keys": [
            "2252221", "5222222", "2225223", "2522224", "5222225", "5222226", "5222227", "52222281"
          ]
        },
        {
          "availability_target": 2,
          "client_dist": [
            0,
            0,
            1,
            0,
            0,
            0,
            0,
            0,
            0
          ],
          "object_size": 1024,
          "metadata_size": 1e-09,
          "num_objects": 10001,
          "arrival_rate": 30,
          "read_ratio": 0.6,
          "write_ratio": 0.4,
          "SLO_read": 1000,
          "SLO_write": 1000,
          "duration": 30,
          "time_to_decode": 0.00028,
          "keys": [
            "2222721", "2227222", "2222273", "2227224", "2222725", "2227226", "2227227", "22222781"
          ]
        }
      ]
    }
  ]
}
