{
  "workload_config": [
    {
      "timestamp": 2,
      "id": 1,
      "grp_id": [
        2, 3, 5
      ],
      "grp_workload": [
        {
          "availability_target": 2,
          "client_dist": [
            0.1111111111,
            0.1111111111,
            0.1111111111,
            0.1111111111,
            0.1111111111,
            0.1111111111,
            0.1111111111,
            0.1111111111,
            0.1111111111
          ],
          "object_size": 5,
          "metadata_size": 1e-09,
          "num_objects": 10001,
          "arrival_rate": 20,
          "read_ratio": 0.5,
          "write_ratio": 0.5,
          "SLO_read": 1000,
          "SLO_write": 1000,
          "duration": 6,
          "time_to_decode": 0.00028,
          "keys": [
            "222221", "222222", "222223"
          ]
        },
        {
          "availability_target": 2,
          "client_dist": [
            0.1111111111,
            0.1111111111,
            0.1111111111,
            0.1111111111,
            0.1111111111,
            0.1111111111,
            0.1111111111,
            0.1111111111,
            0.1111111111
          ],
          "object_size": 10,
          "metadata_size": 1e-09,
          "num_objects": 10001,
          "arrival_rate": 30,
          "read_ratio": 0.5,
          "write_ratio": 0.5,
          "SLO_read": 1000,
          "SLO_write": 1000,
          "duration": 6,
          "time_to_decode": 0.00028,
          "keys": [
            "333331", "333332"
          ]
        },
        {
          "availability_target": 2,
          "client_dist": [
            0.1111111111,
            0.1111111111,
            0.1111111111,
            0.1111111111,
            0.1111111111,
            0.1111111111,
            0.1111111111,
            0.1111111111,
            0.1111111111
          ],
          "object_size": 5,
          "metadata_size": 1e-09,
          "num_objects": 10001,
          "arrival_rate": 20,
          "read_ratio": 0.5,
          "write_ratio": 0.5,
          "SLO_read": 1000,
          "SLO_write": 1000,
          "duration": 6,
          "time_to_decode": 0.00028,
          "keys": [
            "555551", "555552"
          ]
        }
      ]
    },
    {
      "timestamp": 20,
      "id": 2,
      "grp_id": [
        2, 5
      ],
      "grp_workload": [
        {
          "availability_target": 2,
          "client_dist": [
            0.1111111111,
            0.1111111111,
            0.1111111111,
            0.1111111111,
            0.1111111111,
            0.1111111111,
            0.1111111111,
            0.1111111111,
            0.1111111111
          ],
          "object_size": 5,
          "metadata_size": 1e-09,
          "num_objects": 10001,
          "arrival_rate": 20,
          "read_ratio": 0.5,
          "write_ratio": 0.5,
          "SLO_read": 1000,
          "SLO_write": 1000,
          "duration": 6,
          "time_to_decode": 0.00028,
          "keys": [
            "222221", "222222", "222223"
          ]
        },
        {
          "availability_target": 2,
          "client_dist": [
            0.1111111111,
            0.1111111111,
            0.1111111111,
            0.1111111111,
            0.1111111111,
            0.1111111111,
            0.1111111111,
            0.1111111111,
            0.1111111111
          ],
          "object_size": 5,
          "metadata_size": 1e-09,
          "num_objects": 10001,
          "arrival_rate": 20,
          "read_ratio": 0.5,
          "write_ratio": 0.5,
          "SLO_read": 1000,
          "SLO_write": 1000,
          "duration": 6,
          "time_to_decode": 0.00028,
          "keys": [
            "555551", "555552"
          ]
        }
      ]
    }
  ]
}

