{
  "workload_config": [
    {
      "timestamp": 2,
      "id": 1,
      "grp_workload": [
        {
          "id": 0,
          "availability_target": 1,
          "client_dist": [
              0.1111111111111111,
              0.1111111111111111,
              0.1111111111111111,
              0.1111111111111111,
              0.1111111111111111,
              0.1111111111111111,
              0.1111111111111111,
              0.1111111111111111,
              0.1111111111111111
          ],
          "object_size": 30,
          "metadata_size": 9.313225746154785e-10,
          "num_objects": 1000000,
          "arrival_rate": 200,
          "read_ratio": 0.9,
          "write_ratio": 0.1,
          "SLO_read": 1000,
          "SLO_write": 1000,
          "duration": 60,
          "time_to_decode": 0.00028,
          "keys": [
            "222221", "222222", "222223", "222224", "222225", "222226", "222227", "222228", "222229", "222230"
          ]
        }
      ]
    }
  ]
}

