{
  "workload_config": [
    {
      "timestamp": 2,
      "id": 1,
      "grp_id": [
        2
      ],
      "grp_workload": [
        {
          "availability_target": 2,
          "client_dist": [
            0.111111111,
            0.111111111,
            0.111111111,
            0.111111111,
            0.111111111,
            0.111111111,
            0.111111111,
            0.111111111,
            0.111111111
          ],
          "object_size": 8192,
          "metadata_size": 1e-09,
          "num_objects": 10001,
          "arrival_rate": 2,
          "read_ratio": 0.8,
          "write_ratio": 0.2,
          "SLO_read": 1000,
          "SLO_write": 1000,
          "duration": 20,
          "time_to_decode": 0.00028,
          "keys": [
            "222221", "222222", "222223", "222224"
          ]
        }
      ]
    }
  ]
}
