{
  "output": [
    {
      "id": 0,
      "protocol": "cas",
      "m": 6,
      "k": 4,
      "selected_dcs": [
        0,
        1,
        2,
        5,
        7,
        8
      ],
      "get_cost": 2.4605065584182744,
      "put_cost": 2.4606026709079742,
      "storage_cost": 0.009144822212114725,
      "vm_cost": 0.50154,
      "total_cost": 5.431794051538363,
      "get_latency": 603.6,
      "put_latency": 931.7,
      "client_placement_info": {
        "0": {
          "Q1": [
            0,
            1
          ],
          "Q2": [
            0,
            1,
            2,
            5,
            7
          ],
          "Q3": [
            0,
            1,
            2,
            5,
            7
          ],
          "Q4": [
            0,
            1,
            2,
            5,
            7
          ],
          "get_cost_on_this_client": 6.437357515096665e-06,
          "put_cost_on_this_client": 6.4376089721918105e-06
        },
        "1": {
          "Q1": [
            0,
            1
          ],
          "Q2": [
            0,
            1,
            2,
            5,
            7
          ],
          "Q3": [
            0,
            1,
            2,
            5,
            7
          ],
          "Q4": [
            0,
            1,
            2,
            5,
            7
          ],
          "get_cost_on_this_client": 6.437357515096665e-06,
          "put_cost_on_this_client": 6.4376089721918105e-06
        },
        "2": {
          "Q1": [
            0,
            2
          ],
          "Q2": [
            0,
            1,
            2,
            5,
            7
          ],
          "Q3": [
            0,
            1,
            2,
            5,
            7
          ],
          "Q4": [
            0,
            1,
            2,
            5,
            7
          ],
          "get_cost_on_this_client": 6.437357515096665e-06,
          "put_cost_on_this_client": 6.4376089721918105e-06
        },
        "3": {
          "Q1": [
            0,
            1
          ],
          "Q2": [
            0,
            1,
            2,
            5,
            7
          ],
          "Q3": [
            0,
            1,
            2,
            5,
            7
          ],
          "Q4": [
            0,
            1,
            2,
            5,
            7
          ],
          "get_cost_on_this_client": 9.536892175674438e-06,
          "put_cost_on_this_client": 9.537264704704284e-06
        },
        "4": {
          "Q1": [
            0,
            1
          ],
          "Q2": [
            0,
            1,
            2,
            5,
            7
          ],
          "Q3": [
            0,
            1,
            2,
            5,
            7
          ],
          "Q4": [
            0,
            1,
            2,
            5,
            7
          ],
          "get_cost_on_this_client": 9.536892175674438e-06,
          "put_cost_on_this_client": 9.537264704704284e-06
        },
        "5": {
          "Q1": [
            5,
            7
          ],
          "Q2": [
            0,
            1,
            5,
            7,
            8
          ],
          "Q3": [
            0,
            1,
            5,
            7,
            8
          ],
          "Q4": [
            0,
            1,
            5,
            7,
            8
          ],
          "get_cost_on_this_client": 4.52997162938118e-06,
          "put_cost_on_this_client": 4.530148580670357e-06
        },
        "6": {
          "Q1": [
            0,
            1
          ],
          "Q2": [
            0,
            1,
            2,
            5,
            7
          ],
          "Q3": [
            0,
            1,
            2,
            5,
            7
          ],
          "Q4": [
            0,
            1,
            2,
            5,
            7
          ],
          "get_cost_on_this_client": 9.536892175674438e-06,
          "put_cost_on_this_client": 9.537264704704284e-06
        },
        "7": {
          "Q1": [
            5,
            7
          ],
          "Q2": [
            0,
            1,
            5,
            7,
            8
          ],
          "Q3": [
            0,
            1,
            5,
            7,
            8
          ],
          "Q4": [
            0,
            1,
            5,
            7,
            8
          ],
          "get_cost_on_this_client": 4.52997162938118e-06,
          "put_cost_on_this_client": 4.530148580670357e-06
        },
        "8": {
          "Q1": [
            5,
            7
          ],
          "Q2": [
            0,
            1,
            5,
            7,
            8
          ],
          "Q3": [
            0,
            1,
            5,
            7,
            8
          ],
          "Q4": [
            0,
            1,
            5,
            7,
            8
          ],
          "get_cost_on_this_client": 4.52997162938118e-06,
          "put_cost_on_this_client": 4.530148580670357e-06
        }
      }
    }
  ],
  "overall_cost": 1.0688853108587364,
  "get_cost": 0.1784157939255237,
  "put_cost": 0.1785898581147194,
  "storage_cost": 0.0005016588184931506,
  "vm_cost": 0.7113780000000001,
  "time_period_hrs": 3.0
}