{
  "output": [
    {
      "id": 0,
      "protocol": "cas",
      "m": 4,
      "k": 2,
      "selected_dcs": [
        2,
        3,
        5,
        8
      ],
      "get_cost": 0.08051320910453796,
      "put_cost": 0.09081289172172546,
      "storage_cost": 0.12344109589041095,
      "vm_cost": 0.08505574259666666,
      "total_cost": 0.37982293931334105,
      "get_latency": 374.2,
      "put_latency": 600.3,
      "client_placement_info": {
        "0": {
          "Q1": [
            5,
            8
          ],
          "Q2": [
            3,
            5,
            8
          ],
          "Q3": [
            3,
            5,
            8
          ],
          "Q4": [
            3,
            5,
            8
          ],
          "get_cost_on_this_client": 1.6286969184875488e-07,
          "put_cost_on_this_client": 2.2009015083312988e-07,
          "get_latency_on_this_client": 374.2,
          "put_latency_on_this_client": 600.3
        },
        "1": {
          "Q1": [
            2,
            8
          ],
          "Q2": [
            2,
            5,
            8
          ],
          "Q3": [
            2,
            5,
            8
          ],
          "Q4": [
            2,
            5,
            8
          ],
          "get_cost_on_this_client": 2.844259142875671e-07,
          "put_cost_on_this_client": 2.844259142875671e-07,
          "get_latency_on_this_client": 366,
          "put_latency_on_this_client": 570
        },
        "2": {
          "Q1": [
            3,
            8
          ],
          "Q2": [
            3,
            5,
            8
          ],
          "Q3": [
            3,
            5,
            8
          ],
          "Q4": [
            3,
            5,
            8
          ],
          "get_cost_on_this_client": 1.5448778867721557e-07,
          "put_cost_on_this_client": 1.6879290342330933e-07,
          "get_latency_on_this_client": 416,
          "put_latency_on_this_client": 630
        },
        "3": {
          "Q1": [
            3,
            5
          ],
          "Q2": [
            3,
            5,
            8
          ],
          "Q3": [
            3,
            5,
            8
          ],
          "Q4": [
            3,
            5,
            8
          ],
          "get_cost_on_this_client": 1.5169382095336914e-07,
          "put_cost_on_this_client": 1.5169382095336914e-07,
          "get_latency_on_this_client": 227.25,
          "put_latency_on_this_client": 365.85
        },
        "4": {
          "Q1": [
            3,
            5
          ],
          "Q2": [
            3,
            5,
            8
          ],
          "Q3": [
            3,
            5,
            8
          ],
          "Q4": [
            3,
            5,
            8
          ],
          "get_cost_on_this_client": 1.5169382095336914e-07,
          "put_cost_on_this_client": 1.5169382095336914e-07,
          "get_latency_on_this_client": 209.86,
          "put_latency_on_this_client": 340.96000000000004
        },
        "5": {
          "Q1": [
            5,
            8
          ],
          "Q2": [
            3,
            5,
            8
          ],
          "Q3": [
            3,
            5,
            8
          ],
          "Q4": [
            3,
            5,
            8
          ],
          "get_cost_on_this_client": 1.5169382095336914e-07,
          "put_cost_on_this_client": 1.5169382095336914e-07,
          "get_latency_on_this_client": 147.61,
          "put_latency_on_this_client": 237.31
        },
        "6": {
          "Q1": [
            5,
            8
          ],
          "Q2": [
            3,
            5,
            8
          ],
          "Q3": [
            3,
            5,
            8
          ],
          "Q4": [
            3,
            5,
            8
          ],
          "get_cost_on_this_client": 1.5169382095336914e-07,
          "put_cost_on_this_client": 1.5169382095336914e-07,
          "get_latency_on_this_client": 374.1,
          "put_latency_on_this_client": 576.2
        },
        "7": {
          "Q1": [
            5,
            8
          ],
          "Q2": [
            3,
            5,
            8
          ],
          "Q3": [
            3,
            5,
            8
          ],
          "Q4": [
            3,
            5,
            8
          ],
          "get_cost_on_this_client": 1.5169382095336914e-07,
          "put_cost_on_this_client": 1.5169382095336914e-07,
          "get_latency_on_this_client": 220.85000000000002,
          "put_latency_on_this_client": 374.25
        },
        "8": {
          "Q1": [
            5,
            8
          ],
          "Q2": [
            3,
            5,
            8
          ],
          "Q3": [
            3,
            5,
            8
          ],
          "Q4": [
            3,
            5,
            8
          ],
          "get_cost_on_this_client": 1.5169382095336914e-07,
          "put_cost_on_this_client": 1.5169382095336914e-07,
          "get_latency_on_this_client": 200.14000000000001,
          "put_latency_on_this_client": 341.94000000000005
        }
      }
    }
  ],
  "overall_cost": 0.37982293931334105,
  "get_cost": 0.08051320910453796,
  "put_cost": 0.09081289172172546,
  "storage_cost": 0.12344109589041095,
  "vm_cost": 0.08505574259666666,
  "time_period_hrs": 1.0
}