{
  "output": [
    {
      "id": 0,
      "protocol": "cas",
      "m": 4,
      "k": 2,
      "selected_dcs": [
        2,
        5,
        7,
        8
      ],
      "get_cost": 0.0006342083215713501,
      "put_cost": 0.02041934430599212,
      "storage_cost": 0.02057351598173516,
      "vm_cost": 0.01410084567969136,
      "total_cost": 0.05572791428898999,
      "get_latency": 428,
      "put_latency": 594,
      "client_placement_info": {
        "0": {
          "Q1": [
            5,
            7,
            8
          ],
          "Q2": [
            5,
            7,
            8
          ],
          "Q3": [
            7,
            8
          ],
          "Q4": [
            5,
            7,
            8
          ],
          "get_cost_on_this_client": 1.703202724456787e-07,
          "put_cost_on_this_client": 2.1636486053466796e-07,
          "get_latency_on_this_client": 296.2,
          "put_latency_on_this_client": 396.0
        },
        "1": {
          "Q1": [
            2,
            7,
            8
          ],
          "Q2": [
            2,
            7,
            8
          ],
          "Q3": [
            2,
            7
          ],
          "Q4": [
            2,
            7,
            8
          ],
          "get_cost_on_this_client": 2.983957529067993e-07,
          "put_cost_on_this_client": 2.844259142875671e-07,
          "get_latency_on_this_client": 324,
          "put_latency_on_this_client": 463
        },
        "2": {
          "Q1": [
            5,
            7,
            8
          ],
          "Q2": [
            5,
            7,
            8
          ],
          "Q3": [
            7,
            8
          ],
          "Q4": [
            5,
            7,
            8
          ],
          "get_cost_on_this_client": 1.619383692741394e-07,
          "put_cost_on_this_client": 1.6786158084869386e-07,
          "get_latency_on_this_client": 428,
          "put_latency_on_this_client": 594
        },
        "3": {
          "Q1": [
            5,
            7,
            8
          ],
          "Q2": [
            5,
            7,
            8
          ],
          "Q3": [
            5,
            8
          ],
          "Q4": [
            5,
            7,
            8
          ],
          "get_cost_on_this_client": 1.5914440155029296e-07,
          "put_cost_on_this_client": 1.5169382095336914e-07,
          "get_latency_on_this_client": 306.2,
          "put_latency_on_this_client": 444.79999999999995
        },
        "4": {
          "Q1": [
            5,
            7,
            8
          ],
          "Q2": [
            5,
            7,
            8
          ],
          "Q3": [
            5,
            8
          ],
          "Q4": [
            5,
            7,
            8
          ],
          "get_cost_on_this_client": 1.5914440155029296e-07,
          "put_cost_on_this_client": 1.5169382095336914e-07,
          "get_latency_on_this_client": 281.8,
          "put_latency_on_this_client": 412.9
        },
        "5": {
          "Q1": [
            5,
            7,
            8
          ],
          "Q2": [
            5,
            7,
            8
          ],
          "Q3": [
            5,
            8
          ],
          "Q4": [
            5,
            7,
            8
          ],
          "get_cost_on_this_client": 1.5914440155029296e-07,
          "put_cost_on_this_client": 1.5169382095336914e-07,
          "get_latency_on_this_client": 135.98,
          "put_latency_on_this_client": 193.89
        },
        "6": {
          "Q1": [
            5,
            7,
            8
          ],
          "Q2": [
            5,
            7,
            8
          ],
          "Q3": [
            5,
            7
          ],
          "Q4": [
            5,
            7,
            8
          ],
          "get_cost_on_this_client": 1.5914440155029296e-07,
          "put_cost_on_this_client": 1.5169382095336914e-07,
          "get_latency_on_this_client": 344,
          "put_latency_on_this_client": 499.1
        },
        "7": {
          "Q1": [
            5,
            7,
            8
          ],
          "Q2": [
            5,
            7,
            8
          ],
          "Q3": [
            7,
            8
          ],
          "Q4": [
            5,
            7,
            8
          ],
          "get_cost_on_this_client": 1.5914440155029296e-07,
          "put_cost_on_this_client": 1.5169382095336914e-07,
          "get_latency_on_this_client": 134.9,
          "put_latency_on_this_client": 161.05
        },
        "8": {
          "Q1": [
            5,
            7,
            8
          ],
          "Q2": [
            5,
            7,
            8
          ],
          "Q3": [
            7,
            8
          ],
          "Q4": [
            5,
            7,
            8
          ],
          "get_cost_on_this_client": 1.5914440155029296e-07,
          "put_cost_on_this_client": 1.5169382095336914e-07,
          "get_latency_on_this_client": 116.68,
          "put_latency_on_this_client": 142.85000000000002
        }
      }
    }
  ],
  "overall_cost": 0.05572791428898999,
  "get_cost": 0.0006342083215713501,
  "put_cost": 0.02041934430599212,
  "storage_cost": 0.02057351598173516,
  "vm_cost": 0.01410084567969136,
  "time_period_hrs": 0.16666666666666666
}