{
  "output": [
    {
      "id": 8,
      "protocol": "abd",
      "m": 3,
      "selected_dcs": [
        0,
        7,
        8
      ],
      "get_cost": 0.11316935221354169,
      "put_cost": 0.056590201954046876,
      "storage_cost": 3.048274070704909e-09,
      "vm_cost": 0.04090933333333333,
      "total_cost": 0.21066889054919596,
      "get_latency": 496.2,
      "put_latency": 496.2,
      "client_placement_info": {
        "0": {
          "Q1": [
            0,
            7
          ],
          "Q2": [
            0,
            7
          ],
          "get_cost_on_this_client": 1.7166137695312498e-06,
          "put_cost_on_this_client": 8.583907037973403e-07,
          "get_latency_on_this_client": 199.44,
          "put_latency_on_this_client": 199.44
        },
        "1": {
          "Q1": [
            0,
            7
          ],
          "Q2": [
            0,
            7
          ],
          "get_cost_on_this_client": 2.47955322265625e-06,
          "put_cost_on_this_client": 1.2398976832628252e-06,
          "get_latency_on_this_client": 254.2,
          "put_latency_on_this_client": 254.2
        },
        "2": {
          "Q1": [
            0,
            7
          ],
          "Q2": [
            0,
            7
          ],
          "get_cost_on_this_client": 2.47955322265625e-06,
          "put_cost_on_this_client": 1.2398976832628252e-06,
          "get_latency_on_this_client": 365.0,
          "put_latency_on_this_client": 365.0
        },
        "3": {
          "Q1": [
            0,
            7
          ],
          "Q2": [
            0,
            7
          ],
          "get_cost_on_this_client": 3.0517578125e-06,
          "put_cost_on_this_client": 1.5260279178619386e-06,
          "get_latency_on_this_client": 457.0,
          "put_latency_on_this_client": 457.0
        },
        "4": {
          "Q1": [
            0,
            7
          ],
          "Q2": [
            0,
            7
          ],
          "get_cost_on_this_client": 3.0517578125e-06,
          "put_cost_on_this_client": 1.5260279178619386e-06,
          "get_latency_on_this_client": 432.4,
          "put_latency_on_this_client": 432.4
        },
        "5": {
          "Q1": [
            7,
            8
          ],
          "Q2": [
            7,
            8
          ],
          "get_cost_on_this_client": 3.814697265625e-07,
          "put_cost_on_this_client": 1.9075348973274233e-07,
          "get_latency_on_this_client": 134.44,
          "put_latency_on_this_client": 134.44
        },
        "6": {
          "Q1": [
            0,
            7
          ],
          "Q2": [
            0,
            7
          ],
          "get_cost_on_this_client": 3.0517578125e-06,
          "put_cost_on_this_client": 1.5260279178619386e-06,
          "get_latency_on_this_client": 496.2,
          "put_latency_on_this_client": 496.2
        },
        "7": {
          "Q1": [
            7,
            8
          ],
          "Q2": [
            7,
            8
          ],
          "get_cost_on_this_client": 3.814697265625e-07,
          "put_cost_on_this_client": 1.9075348973274233e-07,
          "get_latency_on_this_client": 53.68,
          "put_latency_on_this_client": 53.68
        },
        "8": {
          "Q1": [
            7,
            8
          ],
          "Q2": [
            7,
            8
          ],
          "get_cost_on_this_client": 3.814697265625e-07,
          "put_cost_on_this_client": 1.9075348973274233e-07,
          "get_latency_on_this_client": 53.84,
          "put_latency_on_this_client": 53.84
        }
      }
    }
  ],
  "overall_cost": 0.21066889054919596,
  "get_cost": 0.11316935221354169,
  "put_cost": 0.056590201954046876,
  "storage_cost": 3.048274070704909e-09,
  "vm_cost": 0.04090933333333333,
  "time_period_hrs": 0.16666666666666666
}