{
  "output": [
    {
      "id": 0,
      "protocol": "cas",
      "m": 4,
      "k": 2,
      "selected_dcs": [
        2,
        5,
        7,
        8
      ],
      "get_cost": 0.16026701778173447,
      "put_cost": 0.16034524887800214,
      "storage_cost": 0.004598539169520547,
      "vm_cost": 0.23264625000000003,
      "total_cost": 0.5578570558292572,
      "get_latency": 625.8,
      "put_latency": 938.6999999999999,
      "client_placement_info": {
        "0": {
          "Q1": [
            2,
            5
          ],
          "Q2": [
            2,
            5,
            7
          ],
          "Q3": [
            2,
            5,
            7
          ],
          "Q4": [
            2,
            5,
            7
          ],
          "get_cost_on_this_client": 4.0066428482532505e-07,
          "put_cost_on_this_client": 4.008598625659943e-07,
          "get_latency_on_this_client": 291.4,
          "put_latency_on_this_client": 437.09999999999997
        },
        "1": {
          "Q1": [
            2,
            5
          ],
          "Q2": [
            2,
            5,
            7
          ],
          "Q3": [
            2,
            5,
            7
          ],
          "Q4": [
            2,
            5,
            7
          ],
          "get_cost_on_this_client": 4.0066428482532505e-07,
          "put_cost_on_this_client": 4.008598625659943e-07,
          "get_latency_on_this_client": 350.2,
          "put_latency_on_this_client": 525.3
        },
        "2": {
          "Q1": [
            2,
            5
          ],
          "Q2": [
            2,
            5,
            7
          ],
          "Q3": [
            2,
            5,
            7
          ],
          "Q4": [
            2,
            5,
            7
          ],
          "get_cost_on_this_client": 3.2433308660984034e-07,
          "put_cost_on_this_client": 3.24491411447525e-07,
          "get_latency_on_this_client": 438.6,
          "put_latency_on_this_client": 657.9000000000001
        },
        "3": {
          "Q1": [
            2,
            5
          ],
          "Q2": [
            2,
            5,
            7
          ],
          "Q3": [
            2,
            5,
            7
          ],
          "Q4": [
            2,
            5,
            7
          ],
          "get_cost_on_this_client": 4.579126834869385e-07,
          "put_cost_on_this_client": 4.5813620090484615e-07,
          "get_latency_on_this_client": 400.4,
          "put_latency_on_this_client": 600.5999999999999
        },
        "4": {
          "Q1": [
            2,
            5
          ],
          "Q2": [
            2,
            5,
            7
          ],
          "Q3": [
            2,
            5,
            7
          ],
          "Q4": [
            2,
            5,
            7
          ],
          "get_cost_on_this_client": 4.579126834869385e-07,
          "put_cost_on_this_client": 4.5813620090484615e-07,
          "get_latency_on_this_client": 404.2,
          "put_latency_on_this_client": 606.3
        },
        "5": {
          "Q1": [
            5,
            7
          ],
          "Q2": [
            5,
            7,
            8
          ],
          "Q3": [
            5,
            7,
            8
          ],
          "Q4": [
            5,
            7,
            8
          ],
          "get_cost_on_this_client": 5.723908543586731e-08,
          "put_cost_on_this_client": 5.726702511310577e-08,
          "get_latency_on_this_client": 136.52,
          "put_latency_on_this_client": 204.78000000000003
        },
        "6": {
          "Q1": [
            2,
            5
          ],
          "Q2": [
            2,
            5,
            7
          ],
          "Q3": [
            2,
            5,
            7
          ],
          "Q4": [
            2,
            5,
            7
          ],
          "get_cost_on_this_client": 4.579126834869385e-07,
          "put_cost_on_this_client": 4.5813620090484615e-07,
          "get_latency_on_this_client": 625.8,
          "put_latency_on_this_client": 938.6999999999999
        },
        "7": {
          "Q1": [
            5,
            7
          ],
          "Q2": [
            5,
            7,
            8
          ],
          "Q3": [
            5,
            7,
            8
          ],
          "Q4": [
            5,
            7,
            8
          ],
          "get_cost_on_this_client": 5.723908543586731e-08,
          "put_cost_on_this_client": 5.726702511310577e-08,
          "get_latency_on_this_client": 133.42,
          "put_latency_on_this_client": 200.13
        },
        "8": {
          "Q1": [
            5,
            7
          ],
          "Q2": [
            5,
            7,
            8
          ],
          "Q3": [
            5,
            7,
            8
          ],
          "Q4": [
            5,
            7,
            8
          ],
          "get_cost_on_this_client": 5.723908543586731e-08,
          "put_cost_on_this_client": 5.726702511310577e-08,
          "get_latency_on_this_client": 121.8,
          "put_latency_on_this_client": 182.7
        }
      }
    }
  ],
  "overall_cost": 0.5578570558292572,
  "get_cost": 0.16026701778173447,
  "put_cost": 0.16034524887800214,
  "storage_cost": 0.004598539169520547,
  "vm_cost": 0.23264625000000003,
  "time_period_hrs": 1.0
}