{
  "output": [
    {
      "id": 0,
      "protocol": "cas",
      "m": 6,
      "k": 4,
      "selected_dcs": [
        0,
        1,
        2,
        3,
        5,
        8
      ],
      "get_cost": 0.0010856688022613525,
      "put_cost": 0.00027141720056533813,
      "storage_cost": 0.005494063926940639,
      "vm_cost": 0.0019392040330092589,
      "total_cost": 0.008790353962776588,
      "get_latency": 317.65,
      "put_latency": 546.65,
      "client_placement_info": {
        "0": {
          "Q1": [
            0,
            2
          ],
          "Q2": [
            0,
            2,
            3,
            5,
            8
          ],
          "Q3": [
            0,
            2,
            3,
            5,
            8
          ],
          "Q4": [
            0,
            2,
            3,
            5,
            8
          ],
          "get_cost_on_this_client": 1.008063554763794e-07,
          "put_cost_on_this_client": 1.008063554763794e-07,
          "get_latency_on_this_client": 295.76,
          "put_latency_on_this_client": 521.86
        },
        "1": {
          "Q1": [
            1,
            2
          ],
          "Q2": [
            0,
            1,
            2,
            5,
            8
          ],
          "Q3": [
            0,
            1,
            2,
            5,
            8
          ],
          "Q4": [
            0,
            1,
            2,
            5,
            8
          ],
          "get_cost_on_this_client": 2.1290034055709838e-07,
          "put_cost_on_this_client": 2.1290034055709838e-07,
          "get_latency_on_this_client": 297.58,
          "put_latency_on_this_client": 501.58
        },
        "2": {
          "Q1": [
            0,
            2
          ],
          "Q2": [
            0,
            2,
            3,
            5,
            8
          ],
          "Q3": [
            0,
            2,
            3,
            5,
            8
          ],
          "Q4": [
            0,
            2,
            3,
            5,
            8
          ],
          "get_cost_on_this_client": 1.008063554763794e-07,
          "put_cost_on_this_client": 1.008063554763794e-07,
          "get_latency_on_this_client": 286.11,
          "put_latency_on_this_client": 500.11
        },
        "3": {
          "Q1": [
            3,
            5
          ],
          "Q2": [
            0,
            2,
            3,
            5,
            8
          ],
          "Q3": [
            0,
            2,
            3,
            5,
            8
          ],
          "Q4": [
            0,
            2,
            3,
            5,
            8
          ],
          "get_cost_on_this_client": 1.1354684829711914e-07,
          "put_cost_on_this_client": 1.1354684829711914e-07,
          "get_latency_on_this_client": 317.65,
          "put_latency_on_this_client": 546.65
        },
        "4": {
          "Q1": [
            3,
            5
          ],
          "Q2": [
            0,
            2,
            3,
            5,
            8
          ],
          "Q3": [
            0,
            2,
            3,
            5,
            8
          ],
          "Q4": [
            0,
            2,
            3,
            5,
            8
          ],
          "get_cost_on_this_client": 1.2204051017761232e-07,
          "put_cost_on_this_client": 1.2204051017761232e-07,
          "get_latency_on_this_client": 300.76,
          "put_latency_on_this_client": 522.76
        },
        "5": {
          "Q1": [
            5,
            8
          ],
          "Q2": [
            0,
            2,
            3,
            5,
            8
          ],
          "Q3": [
            0,
            2,
            3,
            5,
            8
          ],
          "Q4": [
            0,
            2,
            3,
            5,
            8
          ],
          "get_cost_on_this_client": 8.381903171539307e-08,
          "put_cost_on_this_client": 8.381903171539307e-08,
          "get_latency_on_this_client": 271.90999999999997,
          "put_latency_on_this_client": 485.90999999999997
        },
        "6": {
          "Q1": [
            5,
            8
          ],
          "Q2": [
            0,
            2,
            3,
            5,
            8
          ],
          "Q3": [
            0,
            2,
            3,
            5,
            8
          ],
          "Q4": [
            0,
            2,
            3,
            5,
            8
          ],
          "get_cost_on_this_client": 1.475214958190918e-07,
          "put_cost_on_this_client": 1.475214958190918e-07,
          "get_latency_on_this_client": 489.1,
          "put_latency_on_this_client": 806.2
        },
        "7": {
          "Q1": [
            5,
            8
          ],
          "Q2": [
            0,
            2,
            3,
            5,
            8
          ],
          "Q3": [
            0,
            2,
            3,
            5,
            8
          ],
          "Q4": [
            0,
            2,
            3,
            5,
            8
          ],
          "get_cost_on_this_client": 8.806586265563965e-08,
          "put_cost_on_this_client": 8.806586265563965e-08,
          "get_latency_on_this_client": 247.35000000000002,
          "put_latency_on_this_client": 427.25
        },
        "8": {
          "Q1": [
            5,
            8
          ],
          "Q2": [
            0,
            2,
            3,
            5,
            8
          ],
          "Q3": [
            0,
            2,
            3,
            5,
            8
          ],
          "Q4": [
            0,
            2,
            3,
            5,
            8
          ],
          "get_cost_on_this_client": 8.381903171539307e-08,
          "put_cost_on_this_client": 8.381903171539307e-08,
          "get_latency_on_this_client": 223.24,
          "put_latency_on_this_client": 388.14
        }
      }
    }
  ],
  "overall_cost": 0.008790353962776588,
  "get_cost": 0.0010856688022613525,
  "put_cost": 0.00027141720056533813,
  "storage_cost": 0.005494063926940639,
  "vm_cost": 0.0019392040330092589,
  "time_period_hrs": 0.05555555555555555
}