{
  "output": [
    {
      "id": 0,
      "protocol": "cas",
      "m": 5,
      "k": 3,
      "selected_dcs": [
        1,
        2,
        3,
        5,
        8
      ],
      "get_cost": 0.0014150887727737422,
      "put_cost": 0.0014150887727737422,
      "storage_cost": 0.005974632166412988,
      "vm_cost": 0.003127805596851852,
      "total_cost": 0.011932615308812325,
      "get_latency": 380,
      "put_latency": 594,
      "client_placement_info": {
        "0": {
          "Q1": [
            2,
            8
          ],
          "Q2": [
            2,
            3,
            5,
            8
          ],
          "Q3": [
            2,
            3,
            5,
            8
          ],
          "Q4": [
            2,
            3,
            5,
            8
          ],
          "get_cost_on_this_client": 1.3130406538645428e-07,
          "put_cost_on_this_client": 1.3130406538645428e-07,
          "get_latency_on_this_client": 316.13,
          "put_latency_on_this_client": 542.23
        },
        "1": {
          "Q1": [
            1,
            2
          ],
          "Q2": [
            1,
            2,
            5,
            8
          ],
          "Q3": [
            1,
            2,
            5,
            8
          ],
          "Q4": [
            1,
            2,
            5,
            8
          ],
          "get_cost_on_this_client": 1.9893050193786618e-07,
          "put_cost_on_this_client": 1.9893050193786618e-07,
          "get_latency_on_this_client": 297.58,
          "put_latency_on_this_client": 501.58
        },
        "2": {
          "Q1": [
            2,
            8
          ],
          "Q2": [
            2,
            3,
            5,
            8
          ],
          "Q3": [
            2,
            3,
            5,
            8
          ],
          "Q4": [
            2,
            3,
            5,
            8
          ],
          "get_cost_on_this_client": 1.060962677001953e-07,
          "put_cost_on_this_client": 1.060962677001953e-07,
          "get_latency_on_this_client": 380,
          "put_latency_on_this_client": 594
        },
        "3": {
          "Q1": [
            3,
            5
          ],
          "Q2": [
            2,
            3,
            5,
            8
          ],
          "Q3": [
            2,
            3,
            5,
            8
          ],
          "Q4": [
            2,
            3,
            5,
            8
          ],
          "get_cost_on_this_client": 1.060962677001953e-07,
          "put_cost_on_this_client": 1.060962677001953e-07,
          "get_latency_on_this_client": 289.25,
          "put_latency_on_this_client": 489.85
        },
        "4": {
          "Q1": [
            3,
            5
          ],
          "Q2": [
            2,
            3,
            5,
            8
          ],
          "Q3": [
            2,
            3,
            5,
            8
          ],
          "Q4": [
            2,
            3,
            5,
            8
          ],
          "get_cost_on_this_client": 1.161793867746989e-07,
          "put_cost_on_this_client": 1.161793867746989e-07,
          "get_latency_on_this_client": 282.36,
          "put_latency_on_this_client": 485.96000000000004
        },
        "5": {
          "Q1": [
            5,
            8
          ],
          "Q2": [
            2,
            3,
            5,
            8
          ],
          "Q3": [
            2,
            3,
            5,
            8
          ],
          "Q4": [
            2,
            3,
            5,
            8
          ],
          "get_cost_on_this_client": 7.080535093943277e-08,
          "put_cost_on_this_client": 7.080535093943277e-08,
          "get_latency_on_this_client": 271.90999999999997,
          "put_latency_on_this_client": 485.90999999999997
        },
        "6": {
          "Q1": [
            5,
            8
          ],
          "Q2": [
            2,
            3,
            5,
            8
          ],
          "Q3": [
            2,
            3,
            5,
            8
          ],
          "Q4": [
            2,
            3,
            5,
            8
          ],
          "get_cost_on_this_client": 1.4642874399820963e-07,
          "put_cost_on_this_client": 1.4642874399820963e-07,
          "get_latency_on_this_client": 489.1,
          "put_latency_on_this_client": 806.2
        },
        "7": {
          "Q1": [
            5,
            8
          ],
          "Q2": [
            2,
            3,
            5,
            8
          ],
          "Q3": [
            2,
            3,
            5,
            8
          ],
          "Q4": [
            2,
            3,
            5,
            8
          ],
          "get_cost_on_this_client": 7.584691047668457e-08,
          "put_cost_on_this_client": 7.584691047668457e-08,
          "get_latency_on_this_client": 247.35000000000002,
          "put_latency_on_this_client": 427.25
        },
        "8": {
          "Q1": [
            5,
            8
          ],
          "Q2": [
            2,
            3,
            5,
            8
          ],
          "Q3": [
            2,
            3,
            5,
            8
          ],
          "Q4": [
            2,
            3,
            5,
            8
          ],
          "get_cost_on_this_client": 7.080535093943277e-08,
          "put_cost_on_this_client": 7.080535093943277e-08,
          "get_latency_on_this_client": 223.24,
          "put_latency_on_this_client": 388.14
        }
      }
    }
  ],
  "overall_cost": 0.011932615308812325,
  "get_cost": 0.0014150887727737422,
  "put_cost": 0.0014150887727737422,
  "storage_cost": 0.005974632166412988,
  "vm_cost": 0.003127805596851852,
  "time_period_hrs": 0.05555555555555555
}