{
  "workload_config": [
    {
      "timestamp": 2,
      "id": 1,
      "grp_id": [
        2, 3, 5
      ],
      "grp_workload": [
        {
          "availability_target": 2,
          "client_dist": [
            0.1111111111,
            0.1111111111,
            0.1111111111,
            0.1111111111,
            0.1111111111,
            0.1111111111,
            0.1111111111,
            0.1111111111,
            0.1111111111
          ],
          "object_size": 1024,
          "metadata_size": 1e-09,
          "num_objects": 10001,
          "arrival_rate": 100,
          "read_ratio": 0.9,
          "write_ratio": 0.1,
          "SLO_read": 1000,
          "SLO_write": 1000,
          "duration": 30,
          "time_to_decode": 0.00028,
          "keys": [
            "20", "21", "22", "23", "24", "25", "26", "27", "28", "29", "210", "211", "212", "213", "214", "215", "216", "217", "218", "219", "220", "221", "222", "223", "224", "225", "226", "227", "228", "229", "230", "231", "232", "233", "234", "235", "236", "237", "238", "239", "240", "241", "242", "243", "244", "245", "246", "247", "248", "249", "250", "251", "252", "253", "254", "255", "256", "257", "258", "259", "260", "261", "262", "263", "264", "265", "266", "267", "268", "269", "270", "271", "272", "273", "274", "275", "276", "277", "278", "279", "280", "281", "282", "283", "284", "285", "286", "287", "288", "289", "290", "291", "292", "293", "294", "295", "296", "297", "298", "299"
          ]
        },
        {
          "availability_target": 2,
          "client_dist": [
            0.1111111111,
            0.1111111111,
            0.1111111111,
            0.1111111111,
            0.1111111111,
            0.1111111111,
            0.1111111111,
            0.1111111111,
            0.1111111111
          ],
          "object_size": 1024,
          "metadata_size": 1e-09,
          "num_objects": 10001,
          "arrival_rate": 100,
          "read_ratio": 0.5,
          "write_ratio": 0.5,
          "SLO_read": 1000,
          "SLO_write": 1000,
          "duration": 30,
          "time_to_decode": 0.00028,
          "keys": [
            "30", "31", "32", "33", "34", "35", "36", "37", "38", "39", "310", "311", "312", "313", "314", "315", "316", "317", "318", "319", "320", "321", "322", "323", "324", "325", "326", "327", "328", "329", "330", "331", "332", "333", "334", "335", "336", "337", "338", "339", "340", "341", "342", "343", "344", "345", "346", "347", "348", "349", "350", "351", "352", "353", "354", "355", "356", "357", "358", "359", "360", "361", "362", "363", "364", "365", "366", "367", "368", "369", "370", "371", "372", "373", "374", "375", "376", "377", "378", "379", "380", "381", "382", "383", "384", "385", "386", "387", "388", "389", "390", "391", "392", "393", "394", "395", "396", "397", "398", "399"
          ]
        },
        {
          "availability_target": 2,
          "client_dist": [
            0.1111111111,
            0.1111111111,
            0.1111111111,
            0.1111111111,
            0.1111111111,
            0.1111111111,
            0.1111111111,
            0.1111111111,
            0.1111111111
          ],
          "object_size": 1024,
          "metadata_size": 1e-09,
          "num_objects": 10001,
          "arrival_rate": 100,
          "read_ratio": 0.1,
          "write_ratio": 0.9,
          "SLO_read": 1000,
          "SLO_write": 1000,
          "duration": 30,
          "time_to_decode": 0.00028,
          "keys": [
            "50", "51", "52", "53", "54", "55", "56", "57", "58", "59", "510", "511", "512", "513", "514", "515", "516", "517", "518", "519", "520", "521", "522", "523", "524", "525", "526", "527", "528", "529", "530", "531", "532", "533", "534", "535", "536", "537", "538", "539", "540", "541", "542", "543", "544", "545", "546", "547", "548", "549", "550", "551", "552", "553", "554", "555", "556", "557", "558", "559", "560", "561", "562", "563", "564", "565", "566", "567", "568", "569", "570", "571", "572", "573", "574", "575", "576", "577", "578", "579", "580", "581", "582", "583", "584", "585", "586", "587", "588", "589", "590", "591", "592", "593", "594", "595", "596", "597", "598", "599"
          ]
        }
      ]
    }
  ]
}

