{
  "output": [
    {
      "id": 0,
      "protocol": "replication",
      "m": 5,
      "k": 1,
      "selected_dcs": [
        0,
        2,
        5,
        7,
        8
      ],
      "get_cost": 0.09153143999999998,
      "put_cost": 0.0021723199999999997,
      "storage_cost": 0.00031232876712328764,
      "vm_cost": 0.411576,
      "total_cost": 0.5055920887671232,
      "get_latency": 656.2,
      "put_latency": 984.3000000000001,
      "iq1": [
        5,
        7,
        8
      ],
      "iq2": [
        5,
        7,
        8
      ],
      "iq3": [
        5,
        7,
        8
      ],
      "iq4": [
        5,
        7,
        8
      ]
    },
    {
      "id": 1,
      "protocol": "replication",
      "m": 5,
      "k": 1,
      "selected_dcs": [
        0,
        2,
        5,
        7,
        8
      ],
      "get_cost": 0.1144143,
      "put_cost": 0.0027153999999999998,
      "storage_cost": 0.00031232876712328764,
      "vm_cost": 0.411576,
      "total_cost": 0.5290180287671233,
      "get_latency": 656.2,
      "put_latency": 984.3000000000001,
      "iq1": [
        5,
        7,
        8
      ],
      "iq2": [
        5,
        7,
        8
      ],
      "iq3": [
        5,
        7,
        8
      ],
      "iq4": [
        5,
        7,
        8
      ]
    },
    {
      "id": 2,
      "protocol": "replication",
      "m": 5,
      "k": 1,
      "selected_dcs": [
        0,
        2,
        5,
        7,
        8
      ],
      "get_cost": 0.13729715999999997,
      "put_cost": 0.00325848,
      "storage_cost": 0.00031232876712328764,
      "vm_cost": 0.411576,
      "total_cost": 0.5524439687671232,
      "get_latency": 656.2,
      "put_latency": 984.3000000000001,
      "iq1": [
        5,
        7,
        8
      ],
      "iq2": [
        5,
        7,
        8
      ],
      "iq3": [
        5,
        7,
        8
      ],
      "iq4": [
        5,
        7,
        8
      ]
    },
    {
      "id": 3,
      "protocol": "replication",
      "m": 5,
      "k": 1,
      "selected_dcs": [
        0,
        2,
        5,
        7,
        8
      ],
      "get_cost": 0.16018001999999998,
      "put_cost": 0.0038015599999999994,
      "storage_cost": 0.00031232876712328764,
      "vm_cost": 0.411576,
      "total_cost": 0.5758699087671233,
      "get_latency": 656.2,
      "put_latency": 984.3000000000001,
      "iq1": [
        5,
        7,
        8
      ],
      "iq2": [
        5,
        7,
        8
      ],
      "iq3": [
        5,
        7,
        8
      ],
      "iq4": [
        5,
        7,
        8
      ]
    },
    {
      "id": 4,
      "protocol": "replication",
      "m": 5,
      "k": 1,
      "selected_dcs": [
        0,
        2,
        5,
        7,
        8
      ],
      "get_cost": 0.18306287999999996,
      "put_cost": 0.0043446399999999994,
      "storage_cost": 0.00031232876712328764,
      "vm_cost": 0.411576,
      "total_cost": 0.5992958487671233,
      "get_latency": 656.2,
      "put_latency": 984.3000000000001,
      "iq1": [
        5,
        7,
        8
      ],
      "iq2": [
        5,
        7,
        8
      ],
      "iq3": [
        5,
        7,
        8
      ],
      "iq4": [
        5,
        7,
        8
      ]
    },
    {
      "id": 5,
      "protocol": "replication",
      "m": 5,
      "k": 1,
      "selected_dcs": [
        0,
        2,
        5,
        7,
        8
      ],
      "get_cost": 0.20594574,
      "put_cost": 0.004887719999999999,
      "storage_cost": 0.00031232876712328764,
      "vm_cost": 0.411576,
      "total_cost": 0.6227217887671233,
      "get_latency": 656.2,
      "put_latency": 984.3000000000001,
      "iq1": [
        5,
        7,
        8
      ],
      "iq2": [
        5,
        7,
        8
      ],
      "iq3": [
        5,
        7,
        8
      ],
      "iq4": [
        5,
        7,
        8
      ]
    },
    {
      "id": 6,
      "protocol": "replication",
      "m": 5,
      "k": 1,
      "selected_dcs": [
        0,
        2,
        5,
        7,
        8
      ],
      "get_cost": 0.2288286,
      "put_cost": 0.0054307999999999995,
      "storage_cost": 0.00031232876712328764,
      "vm_cost": 0.411576,
      "total_cost": 0.6461477287671233,
      "get_latency": 656.2,
      "put_latency": 984.3000000000001,
      "iq1": [
        5,
        7,
        8
      ],
      "iq2": [
        5,
        7,
        8
      ],
      "iq3": [
        5,
        7,
        8
      ],
      "iq4": [
        5,
        7,
        8
      ]
    },
    {
      "id": 7,
      "protocol": "replication",
      "m": 5,
      "k": 1,
      "selected_dcs": [
        0,
        2,
        5,
        7,
        8
      ],
      "get_cost": 0.25171145999999994,
      "put_cost": 0.005973879999999999,
      "storage_cost": 0.00031232876712328764,
      "vm_cost": 0.411576,
      "total_cost": 0.6695736687671232,
      "get_latency": 656.2,
      "put_latency": 984.3000000000001,
      "iq1": [
        5,
        7,
        8
      ],
      "iq2": [
        5,
        7,
        8
      ],
      "iq3": [
        5,
        7,
        8
      ],
      "iq4": [
        5,
        7,
        8
      ]
    },
    {
      "id": 8,
      "protocol": "replication",
      "m": 5,
      "k": 1,
      "selected_dcs": [
        0,
        2,
        5,
        7,
        8
      ],
      "get_cost": 0.27459431999999995,
      "put_cost": 0.00651696,
      "storage_cost": 0.00031232876712328764,
      "vm_cost": 0.411576,
      "total_cost": 0.6929996087671233,
      "get_latency": 656.2,
      "put_latency": 984.3000000000001,
      "iq1": [
        5,
        7,
        8
      ],
      "iq2": [
        5,
        7,
        8
      ],
      "iq3": [
        5,
        7,
        8
      ],
      "iq4": [
        5,
        7,
        8
      ]
    },
    {
      "id": 9,
      "protocol": "replication",
      "m": 5,
      "k": 1,
      "selected_dcs": [
        0,
        2,
        5,
        7,
        8
      ],
      "get_cost": 0.29747717999999995,
      "put_cost": 0.00706004,
      "storage_cost": 0.00031232876712328764,
      "vm_cost": 0.411576,
      "total_cost": 0.7164255487671232,
      "get_latency": 656.2,
      "put_latency": 984.3000000000001,
      "iq1": [
        5,
        7,
        8
      ],
      "iq2": [
        5,
        7,
        8
      ],
      "iq3": [
        5,
        7,
        8
      ],
      "iq4": [
        5,
        7,
        8
      ]
    },
    {
      "id": 10,
      "protocol": "replication",
      "m": 5,
      "k": 1,
      "selected_dcs": [
        0,
        2,
        5,
        7,
        8
      ],
      "get_cost": 0.32036003999999996,
      "put_cost": 0.007603119999999999,
      "storage_cost": 0.00031232876712328764,
      "vm_cost": 0.411576,
      "total_cost": 0.7398514887671233,
      "get_latency": 656.2,
      "put_latency": 984.3000000000001,
      "iq1": [
        5,
        7,
        8
      ],
      "iq2": [
        5,
        7,
        8
      ],
      "iq3": [
        5,
        7,
        8
      ],
      "iq4": [
        5,
        7,
        8
      ]
    },
    {
      "id": 11,
      "protocol": "cas",
      "m": 6,
      "k": 2,
      "selected_dcs": [
        0,
        1,
        2,
        5,
        7,
        8
      ],
      "get_cost": 0.2514078,
      "put_cost": 0.005445,
      "storage_cost": 0.00019178082191780818,
      "vm_cost": 0.50154,
      "total_cost": 0.7585845808219178,
      "get_latency": 656.2,
      "put_latency": 984.3000000000001,
      "iq1": [
        5,
        7,
        8
      ],
      "iq2": [
        5,
        7,
        8,
        0
      ],
      "iq3": [
        5,
        7,
        8,
        0
      ],
      "iq4": [
        5,
        7,
        8,
        0
      ]
    },
    {
      "id": 12,
      "protocol": "cas",
      "m": 6,
      "k": 2,