{
  "output": [
    {
      "id": 0,
      "protocol": "cas",
      "m": 6,
      "k": 4,
      "selected_dcs": [
        0,
        1,
        2,
        5,
        7,
        8
      ],
      "get_cost": 2.4605065584182744,
      "put_cost": 2.4606026709079742,
      "storage_cost": 0.009144822212114725,
      "vm_cost": 0.50154,
      "total_cost": 5.431794051538363,
      "get_latency": 603.6,
      "put_latency": 931.7,
      "client_placement_info": {
        "0": {
          "Q1": [
            0,
            1
          ],
          "Q2": [
            0,
            1,
            2,
            5,
            7
          ],
          "Q3": [
            0,
            1,
            2,
            5,
            7
          ],
          "Q4": [
            0,
            1,
            2,
            5,
            7
          ],
          "get_cost_on_this_client": 6.437357515096665e-06,
          "put_cost_on_this_client": 6.4376089721918105e-06
        },
        "1": {
          "Q1": [
            0,
            1
          ],
          "Q2": [
            0,
            1,
            2,
            5,
            7
          ],
          "Q3": [
            0,
            1,
            2,
            5,
            7
          ],
          "Q4": [
            0,
            1,
            2,
            5,
            7
          ],
          "get_cost_on_this_client": 6.437357515096665e-06,
          "put_cost_on_this_client": 6.4376089721918105e-06
        },
        "2": {
          "Q1": [
            0,
            2
          ],
          "Q2": [
            0,
            1,
            2,
            5,
            7
          ],
          "Q3": [
            0,
            1,
            2,
            5,
            7
          ],
          "Q4": [
            0,
            1,
            2,
            5,
            7
          ],
          "get_cost_on_this_client": 6.437357515096665e-06,
          "put_cost_on_this_client": 6.4376089721918105e-06
        },
        "3": {
          "Q1": [
            0,
            1
          ],
          "Q2": [
            0,
            1,
            2,
            5,
            7
          ],
          "Q3": [
            0,
            1,
            2,
            5,
            7
          ],
          "Q4": [
            0,
            1,
            2,
            5,
            7
          ],
          "get_cost_on_this_client": 9.536892175674438e-06,
          "put_cost_on_this_client": 9.537264704704284e-06
        },
        "4": {
          "Q1": [
            0,
            1
          ],
          "Q2": [
            0,
            1,
            2,
            5,
            7
          ],
          "Q3": [
            0,
            1,
            2,
            5,
            7
          ],
          "Q4": [
            0,
            1,
            2,
            5,
            7
          ],
          "get_cost_on_this_client": 9.536892175674438e-06,
          "put_cost_on_this_client": 9.537264704704284e-06
        },
        "5": {
          "Q1": [
            5,
            7
          ],
          "Q2": [
            0,
            1,
            5,
            7,
            8
          ],
          "Q3": [
            0,
            1,
            5,
            7,
            8
          ],
          "Q4": [
            0,
            1,
            5,
            7,
            8
          ],
          "get_cost_on_this_client": 4.52997162938118e-06,
          "put_cost_on_this_client": 4.530148580670357e-06
        },
        "6": {
          "Q1": [
            0,
            1
          ],
          "Q2": [
            0,
            1,
            2,
            5,
            7
          ],
          "Q3": [
            0,
            1,
            2,
            5,
            7
          ],
          "Q4": [
            0,
            1,
            2,
            5,
            7
          ],
          "get_cost_on_this_client": 9.536892175674438e-06,
          "put_cost_on_this_client": 9.537264704704284e-06
        },
        "7": {
          "Q1": [
            5,
            7
          ],
          "Q2": [
            0,
            1,
            5,
            7,
            8
          ],
          "Q3": [
            0,
            1,
            5,
            7,
            8
          ],
          "Q4": [
            0,
            1,
            5,
            7,
            8
          ],
          "get_cost_on_this_client": 4.52997162938118e-06,
          "put_cost_on_this_client": 4.530148580670357e-06
        },
        "8": {
          "Q1": [
            5,
            7
          ],
          "Q2": [
            0,
            1,
            5,
            7,
            8
          ],
          "Q3": [
            0,
            1,
            5,
            7,
            8
          ],
          "Q4": [
            0,
            1,
            5,
            7,
            8
          ],
          "get_cost_on_this_client": 4.52997162938118e-06,
          "put_cost_on_this_client": 4.530148580670357e-06
        }
      }
    },
    {
      "id": 1,
      "protocol": "cas",
      "m": 4,
      "k": 2,
      "selected_dcs": [
        0,
        5,
        7,
        8
      ],
      "get_cost": 0.7424448430538177,
      "put_cost": 0.7424593437463045,
      "storage_cost": 0.012018909193065067,
      "vm_cost": 0.324918,
      "total_cost": 1.8218410959931874,
      "get_latency": 496.2,
      "put_latency": 744.3,
      "client_placement_info": {
        "0": {
          "Q1": [
            0,
            5
          ],
          "Q2": [
            0,
            5,
            7
          ],
          "Q3": [
            0,
            5,
            7
          ],
          "Q4": [
            0,
            5,
            7
          ],
          "get_cost_on_this_client": 8.10631550848484e-06,
          "put_cost_on_this_client": 8.106473833322525e-06
        },
        "1": {
          "Q1": [
            0,
            5
          ],
          "Q2": [
            0,
            5,
            7
          ],
          "Q3": [
            0,
            5,
            7
          ],
          "Q4": [
            0,
            5,
            7
          ],
          "get_cost_on_this_client": 1.0013701394200326e-05,
          "put_cost_on_this_client": 1.0013896971940996e-05
        },
        "2": {
          "Q1": [
            0,
            5
          ],
          "Q2": [
            0,
            5,
            7
          ],
          "Q3": [
            0,
            5,
            7
          ],
          "Q4": [
            0,
            5,
            7
          ],
          "get_cost_on_this_client": 1.1444240808486938e-05,
          "put_cost_on_this_client": 1.1444464325904846e-05
        },
        "3": {
          "Q1": [
            5,
            7
          ],
          "Q2": [
            5,
            7,
            8
          ],
          "Q3": [
            5,
            7,
            8
          ],
          "Q4": [
            5,
            7,
            8
          ],
          "get_cost_on_this_client": 1.4305301010608673e-06,
          "put_cost_on_this_client": 1.4305580407381057e-06
        },
        "4": {
          "Q1": [
            5,
            7
          ],
          "Q2": [
            5,
            7,
            8
          ],
          "Q3": [
            5,
            7,
            8
          ],
          "Q4": [
            5,
            7,
            8
          ],
          "get_cost_on_this_client": 1.4305301010608673e-06,
          "put_cost_on_this_client": 1.4305580407381057e-06
        }
      }
    },
    {
      "id": 2,
      "protocol": "cas",
      "m": 5,
      "k": 3,
      "selected_dcs": [
        0,
        5,
        6,
        7,
        8
      ],
      "get_cost": 2.792387735098601,
      "put_cost": 2.792469542473555,