{
  "output": [
    {
      "id": 0,
      "protocol": "abd",
      "m": 3,
      "selected_dcs": [
        2,
        5,
        8
      ],
      "get_cost": 6.790161132812501,
      "put_cost": 3.3951137214899068,
      "storage_cost": 0.016721960616438356,
      "vm_cost": 0.237126,
      "total_cost": 10.439122814918846,
      "get_latency": 656.2,
      "put_latency": 656.2,
      "client_placement_info": {
        "0": {
          "Q1": [
            2,
            5
          ],
          "Q2": [
            2,
            5
          ],
          "get_cost_on_this_client": 2.47955322265625e-05,
          "put_cost_on_this_client": 1.239788718521595e-05
        },
        "1": {
          "Q1": [
            2,
            5
          ],
          "Q2": [
            2,
            5
          ],
          "get_cost_on_this_client": 2.47955322265625e-05,
          "put_cost_on_this_client": 1.239788718521595e-05
        },
        "2": {
          "Q1": [
            2,
            5
          ],
          "Q2": [
            2,
            5
          ],
          "get_cost_on_this_client": 1.71661376953125e-05,
          "put_cost_on_this_client": 8.583152666687966e-06
        },
        "3": {
          "Q1": [
            2,
            5
          ],
          "Q2": [
            2,
            5
          ],
          "get_cost_on_this_client": 3.0517578125e-05,
          "put_cost_on_this_client": 1.525893807411194e-05
        },
        "4": {
          "Q1": [
            2,
            5
          ],
          "Q2": [
            2,
            5
          ],
          "get_cost_on_this_client": 3.0517578125e-05,
          "put_cost_on_this_client": 1.525893807411194e-05
        },
        "5": {
          "Q1": [
            5,
            8
          ],
          "Q2": [
            5,
            8
          ],
          "get_cost_on_this_client": 3.814697265625e-06,
          "put_cost_on_this_client": 1.9073672592639923e-06
        },
        "6": {
          "Q1": [
            2,
            5
          ],
          "Q2": [
            2,
            5
          ],
          "get_cost_on_this_client": 3.0517578125e-05,
          "put_cost_on_this_client": 1.525893807411194e-05
        },
        "7": {
          "Q1": [
            5,
            8
          ],
          "Q2": [
            5,
            8
          ],
          "get_cost_on_this_client": 3.814697265625e-06,
          "put_cost_on_this_client": 1.9073672592639923e-06
        },
        "8": {
          "Q1": [
            5,
            8
          ],
          "Q2": [
            5,
            8
          ],
          "get_cost_on_this_client": 3.814697265625e-06,
          "put_cost_on_this_client": 1.9073672592639923e-06
        }
      }
    },
    {
      "id": 1,
      "protocol": "abd",
      "m": 3,
      "selected_dcs": [
        2,
        5,
        8
      ],
      "get_cost": 6.790161132812501,
      "put_cost": 3.3951137214899068,
      "storage_cost": 0.016721960616438356,
      "vm_cost": 0.237126,
      "total_cost": 10.439122814918846,
      "get_latency": 656.2,
      "put_latency": 656.2,
      "client_placement_info": {
        "0": {
          "Q1": [
            2,
            5
          ],
          "Q2": [
            2,
            5
          ],
          "get_cost_on_this_client": 2.47955322265625e-05,
          "put_cost_on_this_client": 1.239788718521595e-05
        },
        "1": {
          "Q1": [
            2,
            5
          ],
          "Q2": [
            2,
            5
          ],
          "get_cost_on_this_client": 2.47955322265625e-05,
          "put_cost_on_this_client": 1.239788718521595e-05
        },
        "2": {
          "Q1": [
            2,
            5
          ],
          "Q2": [
            2,
            5
          ],
          "get_cost_on_this_client": 1.71661376953125e-05,
          "put_cost_on_this_client": 8.583152666687966e-06
        },
        "3": {
          "Q1": [
            2,
            5
          ],
          "Q2": [
            2,
            5
          ],
          "get_cost_on_this_client": 3.0517578125e-05,
          "put_cost_on_this_client": 1.525893807411194e-05
        },
        "4": {
          "Q1": [
            2,
            5
          ],
          "Q2": [
            2,
            5
          ],
          "get_cost_on_this_client": 3.0517578125e-05,
          "put_cost_on_this_client": 1.525893807411194e-05
        },
        "5": {
          "Q1": [
            5,
            8
          ],
          "Q2": [
            5,
            8
          ],
          "get_cost_on_this_client": 3.814697265625e-06,
          "put_cost_on_this_client": 1.9073672592639923e-06
        },
        "6": {
          "Q1": [
            2,
            5
          ],
          "Q2": [
            2,
            5
          ],
          "get_cost_on_this_client": 3.0517578125e-05,
          "put_cost_on_this_client": 1.525893807411194e-05
        },
        "7": {
          "Q1": [
            5,
            8
          ],
          "Q2": [
            5,
            8
          ],
          "get_cost_on_this_client": 3.814697265625e-06,
          "put_cost_on_this_client": 1.9073672592639923e-06
        },
        "8": {
          "Q1": [
            5,
            8
          ],
          "Q2": [
            5,
            8
          ],
          "get_cost_on_this_client": 3.814697265625e-06,
          "put_cost_on_this_client": 1.9073672592639923e-06
        }
      }
    }
  ],
  "overall_cost": 20.878245629837693,
  "get_cost": 13.580322265625002,
  "put_cost": 6.7902274429798135,
  "storage_cost": 0.03344392123287671,
  "vm_cost": 0.474252,
  "time_period_hrs": 2.0
}