{
  "output": [
    {
      "id": 0,
      "protocol": "abd",
      "m": 6,
      "selected_dcs": [
        0,
        1,
        2,
        5,
        7,
        8
      ],
      "get_cost": 8.020019531250004,
      "put_cost": 5.108926892280578,
      "storage_cost": 0.01463171553938356,
      "vm_cost": 2.00616,
      "total_cost": 15.149738139069965,
      "get_latency": 191.97,
      "put_latency": 191.97,
      "client_placement_info": {
        "0": {
          "Q1": [
            0,
            1,
            2
          ],
          "Q2": [
            0,
            1,
            2,
            8
          ],
          "get_cost_on_this_client": 2.86102294921875e-06,
          "put_cost_on_this_client": 1.8120836466550825e-06,
          "get_latency_on_this_client": 168.18,
          "put_latency_on_this_client": 168.18
        },
        "1": {
          "Q1": [
            0,
            1,
            2
          ],
          "Q2": [
            0,
            1,
            2,
            8
          ],
          "get_cost_on_this_client": 2.86102294921875e-06,
          "put_cost_on_this_client": 1.8120836466550825e-06,
          "get_latency_on_this_client": 191.97,
          "put_latency_on_this_client": 191.97
        },
        "2": {
          "Q1": [
            0,
            1,
            2
          ],
          "Q2": [
            0,
            1,
            2,
            8
          ],
          "get_cost_on_this_client": 2.86102294921875e-06,
          "put_cost_on_this_client": 1.8120836466550825e-06,
          "get_latency_on_this_client": 240.65999999999997,
          "put_latency_on_this_client": 240.65999999999997
        },
        "3": {
          "Q1": [
            5,
            7,
            8
          ],
          "Q2": [
            2,
            5,
            7,
            8
          ],
          "get_cost_on_this_client": 5.340576171875e-06,
          "put_cost_on_this_client": 3.0519813299179077e-06,
          "get_latency_on_this_client": 356.9,
          "put_latency_on_this_client": 356.9
        },
        "4": {
          "Q1": [
            5,
            7,
            8
          ],
          "Q2": [
            2,
            5,
            7,
            8
          ],
          "get_cost_on_this_client": 5.340576171875e-06,
          "put_cost_on_this_client": 3.0519813299179077e-06,
          "get_latency_on_this_client": 344.8,
          "put_latency_on_this_client": 344.8
        },
        "5": {
          "Q1": [
            5,
            7,
            8
          ],
          "Q2": [
            0,
            5,
            7,
            8
          ],
          "get_cost_on_this_client": 1.3351440429687501e-06,
          "put_cost_on_this_client": 1.0490696877241135e-06,
          "get_latency_on_this_client": 219.76,
          "put_latency_on_this_client": 219.76
        },
        "6": {
          "Q1": [
            5,
            7,
            8
          ],
          "Q2": [
            0,
            5,
            7,
            8
          ],
          "get_cost_on_this_client": 5.340576171875e-06,
          "put_cost_on_this_client": 3.0519813299179077e-06,
          "get_latency_on_this_client": 424.1,
          "put_latency_on_this_client": 424.1
        },
        "7": {
          "Q1": [
            5,
            7,
            8
          ],
          "Q2": [
            0,
            5,
            7,
            8
          ],
          "get_cost_on_this_client": 1.3351440429687501e-06,
          "put_cost_on_this_client": 1.0490696877241135e-06,
          "get_latency_on_this_client": 168.57999999999998,
          "put_latency_on_this_client": 168.57999999999998
        },
        "8": {
          "Q1": [
            5,
            7,
            8
          ],
          "Q2": [
            0,
            5,
            7,
            8
          ],
          "get_cost_on_this_client": 1.3351440429687501e-06,
          "put_cost_on_this_client": 1.0490696877241135e-06,
          "get_latency_on_this_client": 154.86,
          "put_latency_on_this_client": 154.86
        }
      }
    }
  ],
  "overall_cost": 15.149738139069965,
  "get_cost": 8.020019531250004,
  "put_cost": 5.108926892280578,
  "storage_cost": 0.01463171553938356,
  "vm_cost": 2.00616,
  "time_period_hrs": 4.0
}