{
  "output": [
    {
      "id": 0,
      "protocol": "cas",
      "m": 9,
      "k": 5,
      "selected_dcs": [
        0,
        1,
        2,
        3,
        4,
        5,
        6,
        7,
        8
      ],
      "get_cost": 2.3412305116653447,
      "put_cost": 2.342373132705689,
      "storage_cost": 0.004556734267979452,
      "vm_cost": 3.1703040000000002,
      "total_cost": 7.858464378639013,
      "get_latency": 99999999999,
      "put_latency": 99999999999,
      "client_placement_info": {
        "0": {
          "Q1": [
            0,
            1,
            2,
            4,
            5,
            7,
            8
          ],
          "Q2": [
            0,
            1,
            2,
            4,
            5,
            7,
            8
          ],
          "Q3": [
            0,
            1,
            2,
            4,
            5,
            7,
            8
          ],
          "Q4": [
            0,
            1,
            2,
            4,
            5,
            7,
            8
          ],
          "get_cost_on_this_client": 8.205603808164597e-07,
          "put_cost_on_this_client": 8.209608495235444e-07,
          "get_latency_on_this_client": 428.4,
          "put_latency_on_this_client": 642.5999999999999
        },
        "1": {
          "Q1": [
            0,
            1,
            2,
            4,
            5,
            7,
            8
          ],
          "Q2": [
            0,
            1,
            2,
            4,
            5,
            7,
            8
          ],
          "Q3": [
            0,
            1,
            2,
            4,
            5,
            7,
            8
          ],
          "Q4": [
            0,
            1,
            2,
            4,
            5,
            7,
            8
          ],
          "get_cost_on_this_client": 8.205603808164597e-07,
          "put_cost_on_this_client": 8.209608495235444e-07,
          "get_latency_on_this_client": 494.6,
          "put_latency_on_this_client": 741.9000000000001
        },
        "2": {
          "Q1": [
            0,
            1,
            2,
            3,
            4,
            7,
            8
          ],
          "Q2": [
            0,
            1,
            2,
            3,
            4,
            7,
            8
          ],
          "Q3": [
            0,
            1,
            2,
            3,
            4,
            7,
            8
          ],
          "Q4": [
            0,
            1,
            2,
            3,
            4,
            7,
            8
          ],
          "get_cost_on_this_client": 8.205603808164597e-07,
          "put_cost_on_this_client": 8.209608495235444e-07,
          "get_latency_on_this_client": 413.2,
          "put_latency_on_this_client": 619.8
        },
        "3": {
          "Q1": [
            2,
            3,
            4,
            5,
            6,
            7,
            8
          ],
          "Q2": [
            2,
            3,
            4,
            5,
            6,
            7,
            8
          ],
          "Q3": [
            2,
            3,
            4,
            5,
            6,
            7,
            8
          ],
          "Q4": [
            2,
            3,
            4,
            5,
            6,
            7,
            8
          ],
          "get_cost_on_this_client": 8.205603808164597e-07,
          "put_cost_on_this_client": 8.209608495235444e-07,
          "get_latency_on_this_client": 407.4,
          "put_latency_on_this_client": 611.0999999999999
        },
        "4": {
          "Q1": [
            2,
            3,
            4,
            5,
            6,
            7,
            8
          ],
          "Q2": [
            2,
            3,
            4,
            5,
            6,
            7,
            8
          ],
          "Q3": [
            2,
            3,
            4,
            5,
            6,
            7,
            8
          ],
          "Q4": [
            2,
            3,
            4,
            5,
            6,
            7,
            8
          ],
          "get_cost_on_this_client": 8.205603808164597e-07,
          "put_cost_on_this_client": 8.209608495235444e-07,
          "get_latency_on_this_client": 406,
          "put_latency_on_this_client": 609
        },
        "5": {
          "Q1": [
            0,
            3,
            4,
            5,
            6,
            7,
            8
          ],
          "Q2": [
            0,
            3,
            4,
            5,
            6,
            7,
            8
          ],
          "Q3": [
            0,
            3,
            4,
            5,
            6,
            7,
            8
          ],
          "Q4": [
            0,
            3,
            4,
            5,
            6,
            7,
            8
          ],
          "get_cost_on_this_client": 6.678979843854905e-07,
          "put_cost_on_this_client": 6.682239472866059e-07,
          "get_latency_on_this_client": 302.8,
          "put_latency_on_this_client": 454.20000000000005
        },
        "6": {
          "Q1": [
            0,
            3,
            4,
            5,
            6,
            7,
            8
          ],
          "Q2": [
            0,
            3,
            4,
            5,
            6,
            7,
            8
          ],
          "Q3": [
            0,
            3,
            4,
            5,
            6,
            7,
            8
          ],
          "Q4": [
            0,
            3,
            4,
            5,
            6,
            7,
            8
          ],
          "get_cost_on_this_client": 9.350571781396867e-07,
          "put_cost_on_this_client": 9.355135262012483e-07,
          "get_latency_on_this_client": 502.2,
          "put_latency_on_this_client": 753.3
        },
        "7": {
          "Q1": [
            0,
            1,
            3,
            4,
            5,
            7,
            8
          ],
          "Q2": [
            0,
            1,
            3,
            4,
            5,
            7,
            8
          ],
          "Q3": [
            0,
            1,
            3,
            4,
            5,
            7,
            8
          ],
          "Q4": [
            0,
            1,
            3,
            4,
            5,
            7,
            8
          ],
          "get_cost_on_this_client": 6.678979843854905e-07,
          "put_cost_on_this_client": 6.682239472866059e-07,
          "get_latency_on_this_client": 307.2,
          "put_latency_on_this_client": 460.79999999999995
        },
        "8": {
          "Q1": [
            0,
            1,
            3,
            4,
            5,
            7,
            8
          ],
          "Q2": [
            0,
            1,
            3,
            4,
            5,
            7,
            8
          ],
          "Q3": [
            0,
            1,
            3,
            4,
            5,
            7,
            8
          ],
          "Q4": [
            0,
            1,
            3,
            4,
            5,
            7,
            8
          ],
          "get_cost_on_this_client": 6.678979843854905e-07,
          "put_cost_on_this_client": 6.682239472866059e-07,
          "get_latency_on_this_client": 283.8,
          "put_latency_on_this_client": 425.70000000000005
        }
      }
    }
  ],
  "overall_cost": 7.858464378639013,
  "get_cost": 2.3412305116653447,
  "put_cost": 2.342373132705689,
  "storage_cost": 0.004556734267979452,
  "vm_cost": 3.1703040000000002,
  "time_period_hrs": 4.0
}