{
  "output": [
    {
      "id": 0,
      "protocol": "replication",
      "m": 5,
      "k": 1,
      "selected_dcs": [
        2,
        3,
        4,
        5,
        8
      ],
      "get_cost": 0.27313269984000005,
      "put_cost": 0.04826843136,
      "storage_cost": 0.000978767123287671,
      "vm_cost": 0.8960000000000001,
      "total_cost": 1.2183798983232879,
      "get_latency": 572.44,
      "put_latency": 858.6600000000001
    }
  ],
  "overall_cost": 1.2183798983232879,
  "get_cost": 0.27313269984000005,
  "put_cost": 0.04826843136,
  "storage_cost": 0.000978767123287671,
  "vm_cost": 0.8960000000000001,
  "time_period_hrs": 1.0
}