{
  "output": [
    {
      "id": 0,
      "protocol": "abd",
      "m": 5,
      "selected_dcs": [
        0,
        1,
        2,
        3,
        5
      ],
      "get_cost": 2.5216012800000005,
      "put_cost": 0.06780687552,
      "storage_cost": 0.020821917808219178,
      "vm_cost": 1.032,
      "total_cost": 3.6422300733282196,
      "get_latency": 504.1,
      "put_latency": 504.1
    }
  ],
  "overall_cost": 3.6422300733282196,
  "get_cost": 2.5216012800000005,
  "put_cost": 0.06780687552,
  "storage_cost": 0.020821917808219178,
  "vm_cost": 1.032,
  "time_period_hrs": 1.0
}