{
  "output": [
    {
      "id": 0,
      "protocol": "cas",
      "m": 6,
      "k": 2,
      "selected_dcs": [
        0,
        2,
        3,
        4,
        5,
        8
      ],
      "get_cost": 0.3481366008384,
      "put_cost": 0.05940999613440002,
      "storage_cost": 0.01060958904109589,
      "vm_cost": 1.1099999999999999,
      "total_cost": 1.5281561860138957,
      "get_latency": 572.44,
      "put_latency": 858.6600000000001
    }
  ],
  "overall_cost": 1.5281561860138957,
  "get_cost": 0.3481366008384,
  "put_cost": 0.05940999613440002,
  "storage_cost": 0.01060958904109589,
  "vm_cost": 1.1099999999999999,
  "time_period_hrs": 1.0
}