{
  "output": [
    {
      "id": 0,
      "protocol": "replication",
      "m": 5,
      "k": 1,
      "selected_dcs": [
        0,
        1,
        2,
        3,
        5
      ],
      "get_cost": 0.47045270448000015,
      "put_cost": 0.0678075535872,
      "storage_cost": 0.020821917808219178,
      "vm_cost": 1.032,
      "total_cost": 1.5910821758754192,
      "get_latency": 504.1,
      "put_latency": 756.1500000000001
    }
  ],
  "overall_cost": 1.5910821758754192,
  "get_cost": 0.47045270448000015,
  "put_cost": 0.0678075535872,
  "storage_cost": 0.020821917808219178,
  "vm_cost": 1.032,
  "time_period_hrs": 1.0
}