{
  "output": [
    {
      "id": 0,
      "protocol": "replication",
      "m": 5,
      "k": 1,
      "selected_dcs": [
        0,
        1,
        2,
        4,
        5
      ],
      "get_cost": 0.26371433088,
      "put_cost": 0.054495141119999986,
      "storage_cost": 0.0009931506849315066,
      "vm_cost": 0.9820000000000001,
      "total_cost": 1.3012026226849316,
      "get_latency": 505.9,
      "put_latency": 758.8499999999999
    }
  ],
  "overall_cost": 1.3012026226849316,
  "get_cost": 0.26371433088,
  "put_cost": 0.054495141119999986,
  "storage_cost": 0.0009931506849315066,
  "vm_cost": 0.9820000000000001,
  "time_period_hrs": 1.0
}