{
  "output": [
    {
      "id": 0,
      "protocol": "replication",
      "m": 5,
      "k": 1,
      "selected_dcs": [
        1,
        2,
        3,
        5,
        8
      ],
      "get_cost": 0.278783721216,
      "put_cost": 0.058655288678399996,
      "storage_cost": 0.0003719178082191781,
      "vm_cost": 0.896,
      "total_cost": 1.2338109277026192,
      "get_latency": 572.44,
      "put_latency": 858.6600000000001
    }
  ],
  "overall_cost": 1.2338109277026192,
  "get_cost": 0.278783721216,
  "put_cost": 0.058655288678399996,
  "storage_cost": 0.0003719178082191781,
  "vm_cost": 0.896,
  "time_period_hrs": 1.0
}