{
  "output": [
    {
      "id": 0,
      "protocol": "replication",
      "m": 5,
      "k": 1,
      "selected_dcs": [
        1,
        2,
        4,
        5,
        8
      ],
      "get_cost": 0.04133617488000001,
      "put_cost": 0.005872061952000001,
      "storage_cost": 1.963013698630137e-06,
      "vm_cost": 0.8940000000000001,
      "total_cost": 0.9412101998456988,
      "get_latency": 528.18,
      "put_latency": 792.27,
      "iq1": [
        8,
        4,
        5
      ],
      "iq2": [
        8,
        4,
        5
      ],
      "iq3": [
        8,
        4,
        5
      ],
      "iq4": [
        8,
        4,
        5
      ]
    }
  ],
  "overall_cost": 0.9412101998456988,
  "get_cost": 0.04133617488000001,
  "put_cost": 0.005872061952000001,
  "storage_cost": 1.963013698630137e-06,
  "vm_cost": 0.8940000000000001,
  "time_period_hrs": 1.0
}