{
  "output": [
    {
      "id": 0,
      "protocol": "abd",
      "m": 5,
      "selected_dcs": [
        0,
        1,
        2,
        3,
        4
      ],
      "get_cost": 0.163994688,
      "put_cost": 0.004201413120000001,
      "storage_cost": 7.84931506849315e-07,
      "vm_cost": 0.9580000000000001,
      "total_cost": 1.126196886051507,
      "get_latency": 548.08,
      "put_latency": 548.08
    }
  ],
  "overall_cost": 1.126196886051507,
  "get_cost": 0.163994688,
  "put_cost": 0.004201413120000001,
  "storage_cost": 7.84931506849315e-07,
  "vm_cost": 0.9580000000000001,
  "time_period_hrs": 1.0
}