{
  "output": [
    {
      "id": 0,
      "protocol": "cas",
      "m": 8,
      "k": 4,
      "selected_dcs": [
        0,
        2,
        3,
        4,
        5,
        6,
        7,
        8
      ],
      "get_cost": 137135.59223522403,
      "put_cost": 21889.440095333768,
      "storage_cost": 0.6366438356164383,
      "vm_cost": 1.5839999999999999,
      "total_cost": 159027.2529743934,
      "get_latency": 572.44,
      "put_latency": 858.6600000000001
    },
    {
      "id": 1,
      "protocol": "cas",
      "m": 8,
      "k": 4,
      "selected_dcs": [
        0,
        2,
        3,
        4,
        5,
        6,
        7,
        8
      ],
      "get_cost": 137135.59223522403,
      "put_cost": 21889.440095333768,
      "storage_cost": 0.06366438356164382,
      "vm_cost": 1.5839999999999999,
      "total_cost": 159026.67999494137,
      "get_latency": 572.44,
      "put_latency": 858.6600000000001
    }
  ],
  "overall_cost": 318053.93296933477,
  "get_cost": 274271.18447044806,
  "put_cost": 43778.880190667536,
  "storage_cost": 0.7003082191780822,
  "vm_cost": 3.1679999999999997,
  "time_period_hrs": 2.0
}