{
  "output": [
    {
      "protocol": "cas",
      "m": 7,
      "k": 3,
      "selected_dcs": [
        1,
        2,
        3,
        4,
        5,
        7,
        8
      ],
      "get_cost": 3.2458320000000014,
      "put_cost": 1.5218780399999994,
      "storage_cost": 2.278082191780822e-05,
      "vm_cost": 4.3104,
      "total_cost": 9.078132820821917,
      "get_latency": 572.44,
      "put_latency": 858.6600000000001
    }
  ],
  "overall_cost": 9.078132820821917,
  "time_period_hrs": 3
}