{
  "output": [
    {
      "protocol": "cas",
      "m": 6,
      "k": 1,
      "selected_dcs": [
        2,
        3,
        4,
        5,
        7,
        8
      ],
      "get_cost": 32.774222591999994,
      "put_cost": 3.6452203199999995,
      "storage_cost": 6.365753424657535e-05,
      "vm_cost": 3.6191999999999998,
      "total_cost": 40.03870656953424,
      "get_latency": 504,
      "put_latency": 756,
      "iq1": [
        [
          0,
          0,
          1,
          0,
          0,
          1,
          0,
          1,
          1
        ],
        [
          0,
          0,
          1,
          0,
          0,
          1,
          0,
          1,
          1
        ],
        [
          0,
          0,
          1,
          1,
          1,
          1,
          0,
          0,
          0
        ],
        [
          0,
          0,
          1,
          1,
          1,
          1,
          0,
          0,
          0
        ],
        [
          0,
          0,
          0,
          1,
          1,
          1,
          0,
          0,
          1
        ],
        [
          0,
          0,
          0,
          0,
          1,
          1,
          0,
          1,
          1
        ],
        [
          0,
          0,
          0,
          1,
          1,
          1,
          0,
          0,
          1
        ],
        [
          0,
          0,
          0,
          0,
          1,
          1,
          0,
          1,
          1
        ],
        [
          0,
          0,
          0,
          0,
          1,
          1,
          0,
          1,
          1
        ]
      ],
      "iq2": [
        [
          0,
          0,
          1,
          0,
          0,
          1,
          0,
          1,
          1
        ],
        [
          0,
          0,
          1,
          0,
          0,
          1,
          0,
          1,
          1
        ],
        [
          0,
          0,
          1,
          1,
          1,
          1,
          0,
          0,
          0
        ],
        [
          0,
          0,
          1,
          1,
          1,
          1,
          0,
          0,
          0
        ],
        [
          0,
          0,
          0,
          1,
          1,
          1,
          0,
          0,
          1
        ],
        [
          0,
          0,
          0,
          0,
          1,
          1,
          0,
          1,
          1
        ],
        [
          0,
          0,
          0,
          1,
          1,
          1,
          0,
          0,
          1
        ],
        [
          0,
          0,
          0,
          0,
          1,
          1,
          0,
          1,
          1
        ],
        [
          0,
          0,
          0,
          0,
          1,
          1,
          0,
          1,
          1
        ]
      ],
      "iq3": [
        [
          0,
          0,
          1,
          0,
          0,
          1,
          0,
          1,
          1
        ],
        [
          0,
          0,
          1,
          0,
          0,
          1,
          0,
          1,
          1
        ],
        [
          0,
          0,
          1,
          1,
          1,
          1,
          0,
          0,
          0
        ],
        [
          0,
          0,
          1,
          1,
          1,
          1,
          0,
          0,
          0
        ],
        [
          0,
          0,
          0,
          1,
          1,
          1,
          0,
          0,
          1
        ],
        [
          0,
          0,
          0,
          0,
          1,
          1,
          0,
          1,
          1
        ],
        [
          0,
          0,
          0,
          1,
          1,
          1,
          0,
          0,
          1
        ],
        [
          0,
          0,
          0,
          0,
          1,
          1,
          0,
          1,
          1
        ],
        [
          0,
          0,
          0,
          0,
          1,
          1,
          0,
          1,
          1
        ]
      ],
      "iq4": [
        [
          0,
          0,
          1,
          0,
          0,
          1,
          0,
          1,
          1
        ],
        [
          0,
          0,
          1,
          0,
          0,
          1,
          0,
          1,
          1
        ],
        [
          0,
          0,
          1,
          1,
          1,
          1,
          0,
          0,
          0
        ],
        [
          0,
          0,
          1,
          1,
          1,
          1,
          0,
          0,
          0
        ],
        [
          0,
          0,
          0,
          1,
          1,
          1,
          0,
          0,
          1
        ],
        [
          0,
          0,
          0,
          0,
          1,
          1,
          0,
          1,
          1
        ],
        [
          0,
          0,
          0,
          1,
          1,
          1,
          0,
          0,
          1
        ],
        [
          0,
          0,
          0,
          0,
          1,
          1,
          0,
          1,
          1
        ],
        [
          0,
          0,
          0,
          0,
          1,
          1,
          0,
          1,
          1
        ]
      ]
    }
  ],
  "overall_cost": 40.03870656953424,
  "time_period_hrs": 3
}