{
  "output": [
    {
      "protocol": "cas",
      "m": 6,
      "k": 2,
      "selected_dcs": [
        3,
        4,
        5,
        6,
        7,
        8
      ],
      "get_cost": 3.8957760000000015,
      "put_cost": 1.8245200320000006,
      "storage_cost": 3.328767123287672e-05,
      "vm_cost": 3.9168000000000003,
      "total_cost": 9.637129319671235,
      "get_latency": 528.18,
      "put_latency": 792.27
    }
  ],
  "overall_cost": 9.637129319671235,
  "time_period_hrs": 3
}