{
  "output": [
    {
      "id": 0,
      "protocol": "cas",
      "m": 6,
      "k": 2,
      "selected_dcs": [
        0,
        2,
        3,
        5,
        7,
        8
      ],
      "get_cost": 0.8568374577840001,
      "put_cost": 0.10894722410880002,
      "storage_cost": 0.04582191780821918,
      "vm_cost": 1.13,
      "total_cost": 2.141606599701019,
      "get_latency": 572.44,
      "put_latency": 858.6600000000001
    }
  ],
  "overall_cost": 2.141606599701019,
  "get_cost": 0.8568374577840001,
  "put_cost": 0.10894722410880002,
  "storage_cost": 0.04582191780821918,
  "vm_cost": 1.13,
  "time_period_hrs": 1.0
}