{
  "output": [
    {
      "protocol": "cas",
      "m": 5,
      "k": 3,
      "selected_dcs": [
        0,
        1,
        2,
        3,
        4
      ],
      "get_cost": 0.0520164,
      "put_cost": 0.13028040000000002,
      "storage_cost": 0.0001308219178082192,
      "vm_cost": 1.088,
      "total_cost": 1.2704276219178083,
      "get_latency": 572.44,
      "put_latency": 858.6600000000001
    },
    {
      "protocol": "cas",
      "m": 5,
      "k": 2,
      "selected_dcs": [
        0,
        1,
        2,
        3,
        4
      ],
      "get_cost": 9.0576792,
      "put_cost": 0.6509808000000002,
      "storage_cost": 3.924657534246576e-05,
      "vm_cost": 1.088,
      "total_cost": 10.796699246575344,
      "get_latency": 572.44,
      "put_latency": 858.6600000000001
    },
    {
      "protocol": "cas",
      "m": 4,
      "k": 2,
      "selected_dcs": [
        0,
        1,
        3,
        4
      ],
      "get_cost": 0.4350906000000001,
      "put_cost": 0.18976860000000004,
      "storage_cost": 0.00012438356164383562,
      "vm_cost": 0.8896,
      "total_cost": 1.514583583561644,
      "get_latency": 572.44,
      "put_latency": 858.6600000000001
    }
  ],
  "overall_cost": 13.581710452054795,
  "get_cost": 9.5447862,
  "put_cost": 0.9710298000000004,
  "storage_cost": 0.00029445205479452054,
  "vm_cost": 3.0656,
  "time_period_hrs": 3.0
}