{
  "output": [
    {
      "id": 0,
      "protocol": "replication",
      "m": 3,
      "k": 1,
      "selected_dcs": [
        2,
        5,
        8
      ],
      "get_cost": 0.16415119171142578,
      "put_cost": 0.16415119171142578,
      "storage_cost": 0.017534246575342465,
      "vm_cost": 0.14723592593333334,
      "total_cost": 0.4930725559315274,
      "get_latency": 134.9,
      "put_latency": 202.35000000000002,
      "client_placement_info": {
        "0": {
          "Q1": [
            5,
            8
          ],
          "Q2": [
            5,
            8
          ],
          "Q3": [
            5,
            8
          ],
          "Q4": [
            5,
            8
          ],
          "get_cost_on_this_client": 1.8984079360961914e-07,
          "put_cost_on_this_client": 2.6613473892211913e-07,
          "get_latency_on_this_client": 296.2,
          "put_latency_on_this_client": 444.29999999999995
        },
        "1": {
          "Q1": [
            2,
            8
          ],
          "Q2": [
            2,
            8
          ],
          "Q3": [
            2,
            8
          ],
          "Q4": [
            2,
            8
          ],
          "get_cost_on_this_client": 3.419816493988037e-07,
          "put_cost_on_this_client": 3.419816493988037e-07,
          "get_latency_on_this_client": 324,
          "put_latency_on_this_client": 486
        },
        "2": {
          "Q1": [
            5,
            8
          ],
          "Q2": [
            5,
            8
          ],
          "Q3": [
            5,
            8
          ],
          "Q4": [
            5,
            8
          ],
          "get_cost_on_this_client": 1.8425285816192627e-07,
          "put_cost_on_this_client": 2.0332634449005126e-07,
          "get_latency_on_this_client": 428,
          "put_latency_on_this_client": 642
        },
        "3": {
          "Q1": [
            5,
            8
          ],
          "Q2": [
            5,
            8
          ],
          "Q3": [
            5,
            8
          ],
          "Q4": [
            5,
            8
          ],
          "get_cost_on_this_client": 1.8239021301269532e-07,
          "put_cost_on_this_client": 1.8239021301269532e-07,
          "get_latency_on_this_client": 277.2,
          "put_latency_on_this_client": 415.79999999999995
        },
        "4": {
          "Q1": [
            5,
            8
          ],
          "Q2": [
            5,
            8
          ],
          "Q3": [
            5,
            8
          ],
          "Q4": [
            5,
            8
          ],
          "get_cost_on_this_client": 1.8239021301269532e-07,
          "put_cost_on_this_client": 1.8239021301269532e-07,
          "get_latency_on_this_client": 262.2,
          "put_latency_on_this_client": 393.29999999999995
        },
        "5": {
          "Q1": [
            5,
            8
          ],
          "Q2": [
            5,
            8
          ],
          "Q3": [
            5,
            8
          ],
          "Q4": [
            5,
            8
          ],
          "get_cost_on_this_client": 1.8239021301269532e-07,
          "put_cost_on_this_client": 1.8239021301269532e-07,
          "get_latency_on_this_client": 115.82,
          "put_latency_on_this_client": 173.73
        },
        "6": {
          "Q1": [
            5,
            8
          ],
          "Q2": [
            5,
            8
          ],
          "Q3": [
            5,
            8
          ],
          "Q4": [
            5,
            8
          ],
          "get_cost_on_this_client": 1.8239021301269532e-07,
          "put_cost_on_this_client": 1.8239021301269532e-07,
          "get_latency_on_this_client": 344,
          "put_latency_on_this_client": 516
        },
        "7": {
          "Q1": [
            5,
            8
          ],
          "Q2": [
            5,
            8
          ],
          "Q3": [
            5,
            8
          ],
          "Q4": [
            5,
            8
          ],
          "get_cost_on_this_client": 1.8239021301269532e-07,
          "put_cost_on_this_client": 1.8239021301269532e-07,
          "get_latency_on_this_client": 134.9,
          "put_latency_on_this_client": 202.35000000000002
        },
        "8": {
          "Q1": [
            5,
            8
          ],
          "Q2": [
            5,
            8
          ],
          "Q3": [
            5,
            8
          ],
          "Q4": [
            5,
            8
          ],
          "get_cost_on_this_client": 1.8239021301269532e-07,
          "put_cost_on_this_client": 1.8239021301269532e-07,
          "get_latency_on_this_client": 116.68,
          "put_latency_on_this_client": 175.02
        }
      }
    }
  ],
  "overall_cost": 0.4930725559315274,
  "get_cost": 0.16415119171142578,
  "put_cost": 0.16415119171142578,
  "storage_cost": 0.017534246575342465,
  "vm_cost": 0.14723592593333334,
  "time_period_hrs": 1.0
}