{
  "output": [
    {
      "id": 0,
      "protocol": "cas",
      "m": 4,
      "k": 2,
      "selected_dcs": [
        2,
        5,
        7,
        8
      ],
      "get_cost": 2.6703212410211568,
      "put_cost": 2.6703733950853348,
      "storage_cost": 0.01149634792380137,
      "vm_cost": 0.321612,
      "total_cost": 5.673802984030292,
      "get_latency": 656.2,
      "put_latency": 984.3000000000001,
      "client_placement_info": {
        "0": {
          "Q1": [
            2,
            5
          ],
          "Q2": [
            2,
            5,
            7
          ],
          "Q3": [
            2,
            5,
            7
          ],
          "Q4": [
            2,
            5,
            7
          ],
          "get_cost_on_this_client": 1.0013701394200326e-05,
          "put_cost_on_this_client": 1.0013896971940996e-05
        },
        "1": {
          "Q1": [
            2,
            5
          ],
          "Q2": [
            2,
            5,
            7
          ],
          "Q3": [
            2,
            5,
            7
          ],
          "Q4": [
            2,
            5,
            7
          ],
          "get_cost_on_this_client": 1.0013701394200326e-05,
          "put_cost_on_this_client": 1.0013896971940996e-05
        },
        "2": {
          "Q1": [
            2,
            5
          ],
          "Q2": [
            2,
            5,
            7
          ],
          "Q3": [
            2,
            5,
            7
          ],
          "Q4": [
            2,
            5,
            7
          ],
          "get_cost_on_this_client": 8.10631550848484e-06,
          "put_cost_on_this_client": 8.106473833322525e-06
        },
        "3": {
          "Q1": [
            2,
            5
          ],
          "Q2": [
            2,
            5,
            7
          ],
          "Q3": [
            2,
            5,
            7
          ],
          "Q4": [
            2,
            5,
            7
          ],
          "get_cost_on_this_client": 1.1444240808486938e-05,
          "put_cost_on_this_client": 1.1444464325904846e-05
        },
        "4": {
          "Q1": [
            2,
            5
          ],
          "Q2": [
            2,
            5,
            7
          ],
          "Q3": [
            2,
            5,
            7
          ],
          "Q4": [
            2,
            5,
            7
          ],
          "get_cost_on_this_client": 1.1444240808486938e-05,
          "put_cost_on_this_client": 1.1444464325904846e-05
        },
        "5": {
          "Q1": [
            5,
            7
          ],
          "Q2": [
            5,
            7,
            8
          ],
          "Q3": [
            5,
            7,
            8
          ],
          "Q4": [
            5,
            7,
            8
          ],
          "get_cost_on_this_client": 1.4305301010608673e-06,
          "put_cost_on_this_client": 1.4305580407381057e-06
        },
        "6": {
          "Q1": [
            2,
            5
          ],
          "Q2": [
            2,
            5,
            7
          ],
          "Q3": [
            2,
            5,
            7
          ],
          "Q4": [
            2,
            5,
            7
          ],
          "get_cost_on_this_client": 1.1444240808486938e-05,
          "put_cost_on_this_client": 1.1444464325904846e-05
        },
        "7": {
          "Q1": [
            5,
            7
          ],
          "Q2": [
            5,
            7,
            8
          ],
          "Q3": [
            5,
            7,
            8
          ],
          "Q4": [
            5,
            7,
            8
          ],
          "get_cost_on_this_client": 1.4305301010608673e-06,
          "put_cost_on_this_client": 1.4305580407381057e-06
        },
        "8": {
          "Q1": [
            5,
            7
          ],
          "Q2": [
            5,
            7,
            8
          ],
          "Q3": [
            5,
            7,
            8
          ],
          "Q4": [
            5,
            7,
            8
          ],
          "get_cost_on_this_client": 1.4305301010608673e-06,
          "put_cost_on_this_client": 1.4305580407381057e-06
        }
      }
    },
    {
      "id": 1,
      "protocol": "cas",
      "m": 4,
      "k": 2,
      "selected_dcs": [
        0,
        5,
        7,
        8
      ],
      "get_cost": 0.7424448430538177,
      "put_cost": 0.7424593437463045,
      "storage_cost": 0.012018909193065067,
      "vm_cost": 0.324918,
      "total_cost": 1.8218410959931874,
      "get_latency": 496.2,
      "put_latency": 744.3,
      "client_placement_info": {
        "0": {
          "Q1": [
            0,
            5
          ],
          "Q2": [
            0,
            5,
            7
          ],
          "Q3": [
            0,
            5,
            7
          ],
          "Q4": [
            0,
            5,
            7
          ],
          "get_cost_on_this_client": 8.10631550848484e-06,
          "put_cost_on_this_client": 8.106473833322525e-06
        },
        "1": {
          "Q1": [
            0,
            5
          ],
          "Q2": [
            0,
            5,
            7
          ],
          "Q3": [
            0,
            5,
            7
          ],
          "Q4": [
            0,
            5,
            7
          ],
          "get_cost_on_this_client": 1.0013701394200326e-05,
          "put_cost_on_this_client": 1.0013896971940996e-05
        },
        "2": {
          "Q1": [
            0,
            5
          ],
          "Q2": [
            0,
            5,
            7
          ],
          "Q3": [
            0,
            5,
            7
          ],
          "Q4": [
            0,
            5,
            7
          ],
          "get_cost_on_this_client": 1.1444240808486938e-05,
          "put_cost_on_this_client": 1.1444464325904846e-05
        },
        "3": {
          "Q1": [
            5,
            7
          ],
          "Q2": [
            5,
            7,
            8
          ],
          "Q3": [
            5,
            7,
            8
          ],
          "Q4": [
            5,
            7,
            8
          ],
          "get_cost_on_this_client": 1.4305301010608673e-06,
          "put_cost_on_this_client": 1.4305580407381057e-06
        },
        "4": {
          "Q1": [
            5,
            7
          ],
          "Q2": [
            5,
            7,
            8
          ],
          "Q3": [
            5,
            7,
            8
          ],
          "Q4": [
            5,
            7,
            8
          ],
          "get_cost_on_this_client": 1.4305301010608673e-06,
          "put_cost_on_this_client": 1.4305580407381057e-06
        }
      }
    },
    {
      "id": 2,
      "protocol": "cas",
      "m": 4,
      "k": 2,
      "selected_dcs": [
        5,
        6,
        7,
        8
      ],
      "get_cost": 2.858192101120949,
      "put_cost": 2.858247924596072,
      "storage_cost": 0.012541470462328766,
      "vm_cost": 0.345322,
      "total_cost": 6.07430349617935,
      "get_latency": 551.8,
      "put_latency": 827.6999999999999,
      "client_placement_info": {
        "0": {
          "Q1": [
            5,
            6
          ],
          "Q2": [
            5,
            6,
            7
          ],
          "Q3": [
            5,
            6,
            7
          ],
          "Q4": [
            5,
            6,
            7
          ],
          "get_cost_on_this_client": 1.1444240808486938e-05,
          "put_cost_on_this_client": 1.1444464325904846e-05
        },
        "1": {
          "Q1": [
            5,
            6
          ],
          "Q2": [
            5,
            6,
            7
          ],