{
  "output": [
    {
      "id": 0,
      "protocol": "cas",
      "m": 4,
      "k": 2,
      "selected_dcs": [
        2,
        5,
        7,
        8
      ],
      "get_cost": 0.00029392540454864497,
      "put_cost": 0.0003460794687271118,
      "storage_cost": 1.1226902269337274e-06,
      "vm_cost": 0.321612,
      "total_cost": 0.3222531275635027,
      "get_latency": 656.2,
      "put_latency": 984.3000000000001,
      "client_placement_info": {
        "0": {
          "Q1": [
            2,
            5
          ],
          "Q2": [
            2,
            5,
            7
          ],
          "Q3": [
            2,
            5,
            7
          ],
          "Q4": [
            2,
            5,
            7
          ],
          "get_cost_on_this_client": 1.0989606380462648e-09,
          "put_cost_on_this_client": 1.2945383787155153e-09
        },
        "1": {
          "Q1": [
            2,
            5
          ],
          "Q2": [
            2,
            5,
            7
          ],
          "Q3": [
            2,
            5,
            7
          ],
          "Q4": [
            2,
            5,
            7
          ],
          "get_cost_on_this_client": 1.0989606380462648e-09,
          "put_cost_on_this_client": 1.2945383787155153e-09
        },
        "2": {
          "Q1": [
            2,
            5
          ],
          "Q2": [
            2,
            5,
            7
          ],
          "Q3": [
            2,
            5,
            7
          ],
          "Q4": [
            2,
            5,
            7
          ],
          "get_cost_on_this_client": 8.754432201385497e-10,
          "put_cost_on_this_client": 1.033768057823181e-09
        },
        "3": {
          "Q1": [
            2,
            5
          ],
          "Q2": [
            2,
            5,
            7
          ],
          "Q3": [
            2,
            5,
            7
          ],
          "Q4": [
            2,
            5,
            7
          ],
          "get_cost_on_this_client": 1.2665987014770507e-09,
          "put_cost_on_this_client": 1.4901161193847657e-09
        },
        "4": {
          "Q1": [
            2,
            5
          ],
          "Q2": [
            2,
            5,
            7
          ],
          "Q3": [
            2,
            5,
            7
          ],
          "Q4": [
            2,
            5,
            7
          ],
          "get_cost_on_this_client": 1.2665987014770507e-09,
          "put_cost_on_this_client": 1.4901161193847657e-09
        },
        "5": {
          "Q1": [
            5,
            7
          ],
          "Q2": [
            5,
            7,
            8
          ],
          "Q3": [
            5,
            7,
            8
          ],
          "Q4": [
            5,
            7,
            8
          ],
          "get_cost_on_this_client": 1.5832483768463133e-10,
          "put_cost_on_this_client": 1.8626451492309571e-10
        },
        "6": {
          "Q1": [
            2,
            5
          ],
          "Q2": [
            2,
            5,
            7
          ],
          "Q3": [
            2,
            5,
            7
          ],
          "Q4": [
            2,
            5,
            7
          ],
          "get_cost_on_this_client": 1.2665987014770507e-09,
          "put_cost_on_this_client": 1.4901161193847657e-09
        },
        "7": {
          "Q1": [
            5,
            7
          ],
          "Q2": [
            5,
            7,
            8
          ],
          "Q3": [
            5,
            7,
            8
          ],
          "Q4": [
            5,
            7,
            8
          ],
          "get_cost_on_this_client": 1.5832483768463133e-10,
          "put_cost_on_this_client": 1.8626451492309571e-10
        },
        "8": {
          "Q1": [
            5,
            7
          ],
          "Q2": [
            5,
            7,
            8
          ],
          "Q3": [
            5,
            7,
            8
          ],
          "Q4": [
            5,
            7,
            8
          ],
          "get_cost_on_this_client": 1.5832483768463133e-10,
          "put_cost_on_this_client": 1.8626451492309571e-10
        }
      }
    },
    {
      "id": 1,
      "protocol": "cas",
      "m": 4,
      "k": 2,
      "selected_dcs": [
        2,
        5,
        7,
        8
      ],
      "get_cost": 0.026736035943031315,
      "put_cost": 0.026788190007209774,
      "storage_cost": 0.0001149634792380137,
      "vm_cost": 0.321612,
      "total_cost": 0.3752511894294791,
      "get_latency": 656.2,
      "put_latency": 984.3000000000001,
      "client_placement_info": {
        "0": {
          "Q1": [
            2,
            5
          ],
          "Q2": [
            2,
            5,
            7
          ],
          "Q3": [
            2,
            5,
            7
          ],
          "Q4": [
            2,
            5,
            7
          ],
          "get_cost_on_this_client": 1.0025687515735627e-07,
          "put_cost_on_this_client": 1.0045245289802553e-07
        },
        "1": {
          "Q1": [
            2,
            5
          ],
          "Q2": [
            2,
            5,
            7
          ],
          "Q3": [
            2,
            5,
            7
          ],
          "Q4": [
            2,
            5,
            7
          ],
          "get_cost_on_this_client": 1.0025687515735627e-07,
          "put_cost_on_this_client": 1.0045245289802553e-07
        },
        "2": {
          "Q1": [
            2,
            5
          ],
          "Q2": [
            2,
            5,
            7
          ],
          "Q3": [
            2,
            5,
            7
          ],
          "Q4": [
            2,
            5,
            7
          ],
          "get_cost_on_this_client": 8.114613592624664e-08,
          "put_cost_on_this_client": 8.130446076393127e-08
        },
        "3": {
          "Q1": [
            2,
            5
          ],
          "Q2": [
            2,
            5,
            7
          ],
          "Q3": [
            2,
            5,
            7
          ],
          "Q4": [
            2,
            5,
            7
          ],
          "get_cost_on_this_client": 1.1458992958068847e-07,
          "put_cost_on_this_client": 1.1481344699859619e-07
        },
        "4": {
          "Q1": [
            2,
            5
          ],
          "Q2": [
            2,
            5,
            7
          ],
          "Q3": [
            2,
            5,
            7
          ],
          "Q4": [
            2,
            5,
            7
          ],
          "get_cost_on_this_client": 1.1458992958068847e-07,
          "put_cost_on_this_client": 1.1481344699859619e-07
        },
        "5": {
          "Q1": [
            5,
            7
          ],
          "Q2": [
            5,
            7,
            8
          ],
          "Q3": [
            5,
            7,
            8
          ],
          "Q4": [
            5,
            7,
            8
          ],
          "get_cost_on_this_client": 1.4323741197586059e-08,
          "put_cost_on_this_client": 1.4351680874824524e-08
        },
        "6": {
          "Q1": [
            2,
            5
          ],
          "Q2": [
            2,
            5,
            7
          ],
          "Q3": [
            2,
            5,
            7
          ],
          "Q4": [
            2,
            5,
            7
          ],
          "get_cost_on_this_client": 1.1458992958068847e-07,
          "put_cost_on_this_client": 1.1481344699859619e-07
        },
        "7": {
          "Q1": [
            5,
            7
          ],
          "Q2": [
            5,
            7,
            8
          ],