{
  "output": [
    {
      "id": 0,
      "protocol": "abd",
      "m": 3,
      "selected_dcs": [
        5,
        7,
        8
      ],
      "get_cost": 0.0007599592208862306,
      "put_cost": 0.0004179775714874267,
      "storage_cost": 1.6840353404005913e-06,
      "vm_cost": 0.23495399999999997,
      "total_cost": 0.23613362082771402,
      "get_latency": 514.2,
      "put_latency": 514.2,
      "client_placement_info": {
        "0": {
          "Q1": [
            5,
            7
          ],
          "Q2": [
            5,
            7
          ],
          "get_cost_on_this_client": 2.9802322387695314e-09,
          "put_cost_on_this_client": 1.6391277313232422e-09
        },
        "1": {
          "Q1": [
            5,
            7
          ],
          "Q2": [
            5,
            7
          ],
          "get_cost_on_this_client": 2.9802322387695314e-09,
          "put_cost_on_this_client": 1.6391277313232422e-09
        },
        "2": {
          "Q1": [
            5,
            7
          ],
          "Q2": [
            5,
            7
          ],
          "get_cost_on_this_client": 2.9802322387695314e-09,
          "put_cost_on_this_client": 1.6391277313232422e-09
        },
        "3": {
          "Q1": [
            5,
            7
          ],
          "Q2": [
            5,
            7
          ],
          "get_cost_on_this_client": 2.9802322387695314e-09,
          "put_cost_on_this_client": 1.6391277313232422e-09
        },
        "4": {
          "Q1": [
            5,
            7
          ],
          "Q2": [
            5,
            7
          ],
          "get_cost_on_this_client": 2.9802322387695314e-09,
          "put_cost_on_this_client": 1.6391277313232422e-09
        },
        "5": {
          "Q1": [
            5,
            7
          ],
          "Q2": [
            5,
            7
          ],
          "get_cost_on_this_client": 3.7252902984619143e-10,
          "put_cost_on_this_client": 2.0489096641540527e-10
        },
        "6": {
          "Q1": [
            5,
            7
          ],
          "Q2": [
            5,
            7
          ],
          "get_cost_on_this_client": 2.9802322387695314e-09,
          "put_cost_on_this_client": 1.6391277313232422e-09
        },
        "7": {
          "Q1": [
            5,
            7
          ],
          "Q2": [
            5,
            7
          ],
          "get_cost_on_this_client": 3.7252902984619143e-10,
          "put_cost_on_this_client": 2.0489096641540527e-10
        },
        "8": {
          "Q1": [
            5,
            7
          ],
          "Q2": [
            5,
            7
          ],
          "get_cost_on_this_client": 3.7252902984619143e-10,
          "put_cost_on_this_client": 2.0489096641540527e-10
        }
      }
    },
    {
      "id": 1,
      "protocol": "abd",
      "m": 3,
      "selected_dcs": [
        2,
        5,
        8
      ],
      "get_cost": 0.067901611328125,
      "put_cost": 0.033983960747718804,
      "storage_cost": 0.00016721960616438355,
      "vm_cost": 0.237126,
      "total_cost": 0.3391787916820082,
      "get_latency": 656.2,
      "put_latency": 656.2,
      "client_placement_info": {
        "0": {
          "Q1": [
            2,
            5
          ],
          "Q2": [
            2,
            5
          ],
          "get_cost_on_this_client": 2.47955322265625e-07,
          "put_cost_on_this_client": 1.240987330675125e-07
        },
        "1": {
          "Q1": [
            2,
            5
          ],
          "Q2": [
            2,
            5
          ],
          "get_cost_on_this_client": 2.47955322265625e-07,
          "put_cost_on_this_client": 1.240987330675125e-07
        },
        "2": {
          "Q1": [
            2,
            5
          ],
          "Q2": [
            2,
            5
          ],
          "get_cost_on_this_client": 1.71661376953125e-07,
          "put_cost_on_this_client": 8.591450750827789e-08
        },
        "3": {
          "Q1": [
            2,
            5
          ],
          "Q2": [
            2,
            5
          ],
          "get_cost_on_this_client": 3.0517578125e-07,
          "put_cost_on_this_client": 1.5273690223693848e-07
        },
        "4": {
          "Q1": [
            2,
            5
          ],
          "Q2": [
            2,
            5
          ],
          "get_cost_on_this_client": 3.0517578125e-07,
          "put_cost_on_this_client": 1.5273690223693848e-07
        },
        "5": {
          "Q1": [
            5,
            8
          ],
          "Q2": [
            5,
            8
          ],
          "get_cost_on_this_client": 3.814697265625e-08,
          "put_cost_on_this_client": 1.909211277961731e-08
        },
        "6": {
          "Q1": [
            2,
            5
          ],
          "Q2": [
            2,
            5
          ],
          "get_cost_on_this_client": 3.0517578125e-07,
          "put_cost_on_this_client": 1.5273690223693848e-07
        },
        "7": {
          "Q1": [
            5,
            8
          ],
          "Q2": [
            5,
            8
          ],
          "get_cost_on_this_client": 3.814697265625e-08,
          "put_cost_on_this_client": 1.909211277961731e-08
        },
        "8": {
          "Q1": [
            5,
            8
          ],
          "Q2": [
            5,
            8
          ],
          "get_cost_on_this_client": 3.814697265625e-08,
          "put_cost_on_this_client": 1.909211277961731e-08
        }
      }
    },
    {
      "id": 2,
      "protocol": "abd",
      "m": 3,
      "selected_dcs": [
        2,
        5,
        8
      ],
      "get_cost": 0.6790161132812501,
      "put_cost": 0.33954121172428126,
      "storage_cost": 0.0016721960616438356,
      "vm_cost": 0.237126,
      "total_cost": 1.2573555210671752,
      "get_latency": 656.2,
      "put_latency": 656.2,
      "client_placement_info": {
        "0": {
          "Q1": [
            2,
            5
          ],
          "Q2": [
            2,
            5
          ],
          "get_cost_on_this_client": 2.47955322265625e-06,
          "put_cost_on_this_client": 1.2398976832628252e-06
        },
        "1": {
          "Q1": [
            2,
            5
          ],
          "Q2": [
            2,
            5
          ],
          "get_cost_on_this_client": 2.47955322265625e-06,
          "put_cost_on_this_client": 1.2398976832628252e-06
        },
        "2": {
          "Q1": [
            2,
            5
          ],
          "Q2": [
            2,
            5
          ],
          "get_cost_on_this_client": 1.7166137695312498e-06,
          "put_cost_on_this_client": 8.583907037973403e-07
        },
        "3": {
          "Q1": [
            2,
            5
          ],
          "Q2": [
            2,
            5
          ],
          "get_cost_on_this_client": 3.0517578125e-06,
          "put_cost_on_this_client": 1.5260279178619386e-06
        },
        "4": {
          "Q1": [
            2,
            5
          ],
          "Q2": [
            2,
            5
          ],
          "get_cost_on_this_client": 3.0517578125e-06,
          "put_cost_on_this_client": 1.5260279178619386e-06
        },
        "5": {
          "Q1": [
            5,
            8
          ],
          "Q2": [
            5,
            8
          ],
          "get_cost_on_this_client": 3.814697265625e-07,
          "put_cost_on_this_client": 1.9075348973274233e-07
        },
        "6": {
          "Q1": [
            2,
            5
          ],
          "Q2": [
            2,
            5
          ],
          "get_cost_on_this_client": 3.0517578125e-06,
          "put_cost_on_this_client": 1.5260279178619386e-06
        },
        "7": {
          "Q1": [
            5,
            8
          ],