{
  "output": [
    {
      "id": 0,
      "protocol": "cas",
      "m": 8,
      "k": 4,
      "selected_dcs": [
        0,
        1,
        2,
        3,
        5,
        6,
        7,
        8
      ],
      "get_cost": 2.7470111846923837,
      "put_cost": 2.74808406829834,
      "storage_cost": 0.005068844311857877,
      "vm_cost": 2.808968,
      "total_cost": 8.309132097302582,
      "get_latency": 588.2,
      "put_latency": 900.7,
      "client_placement_info": {
        "0": {
          "Q1": [
            0,
            1,
            2
          ],
          "Q2": [
            0,
            1,
            2,
            3,
            5,
            6
          ],
          "Q3": [
            0,
            1,
            2,
            3,
            5,
            6
          ],
          "Q4": [
            0,
            1,
            2,
            3,
            5,
            6
          ],
          "get_cost_on_this_client": 8.345674723386766e-07,
          "put_cost_on_this_client": 8.34893435239792e-07,
          "get_latency_on_this_client": 323.92,
          "put_latency_on_this_client": 572.22
        },
        "1": {
          "Q1": [
            0,
            1,
            2
          ],
          "Q2": [
            0,
            1,
            2,
            3,
            5,
            6
          ],
          "Q3": [
            0,
            1,
            2,
            3,
            5,
            6
          ],
          "Q4": [
            0,
            1,
            2,
            3,
            5,
            6
          ],
          "get_cost_on_this_client": 8.345674723386766e-07,
          "put_cost_on_this_client": 8.34893435239792e-07,
          "get_latency_on_this_client": 351.97,
          "put_latency_on_this_client": 629.07
        },
        "2": {
          "Q1": [
            0,
            1,
            2
          ],
          "Q2": [
            0,
            1,
            2,
            3,
            5,
            6
          ],
          "Q3": [
            0,
            1,
            2,
            3,
            5,
            6
          ],
          "Q4": [
            0,
            1,
            2,
            3,
            5,
            6
          ],
          "get_cost_on_this_client": 8.345674723386766e-07,
          "put_cost_on_this_client": 8.34893435239792e-07,
          "get_latency_on_this_client": 395.56,
          "put_latency_on_this_client": 712.6600000000001
        },
        "3": {
          "Q1": [
            0,
            1,
            3
          ],
          "Q2": [
            0,
            1,
            2,
            3,
            5,
            6
          ],
          "Q3": [
            0,
            1,
            2,
            3,
            5,
            6
          ],
          "Q4": [
            0,
            1,
            2,
            3,
            5,
            6
          ],
          "get_cost_on_this_client": 9.77674499154091e-07,
          "put_cost_on_this_client": 9.780563414096833e-07,
          "get_latency_on_this_client": 510,
          "put_latency_on_this_client": 765
        },
        "4": {
          "Q1": [
            0,
            1,
            3
          ],
          "Q2": [
            0,
            1,
            2,
            3,
            5,
            6
          ],
          "Q3": [
            0,
            1,
            2,
            3,
            5,
            6
          ],
          "Q4": [
            0,
            1,
            2,
            3,
            5,
            6
          ],
          "get_cost_on_this_client": 1.0015256702899934e-06,
          "put_cost_on_this_client": 1.0019168257713317e-06,
          "get_latency_on_this_client": 491.0,
          "put_latency_on_this_client": 736.5
        },
        "5": {
          "Q1": [
            5,
            7,
            8
          ],
          "Q2": [
            0,
            1,
            2,
            5,
            7,
            8
          ],
          "Q3": [
            0,
            1,
            2,
            5,
            7,
            8
          ],
          "Q4": [
            0,
            1,
            2,
            5,
            7,
            8
          ],
          "get_cost_on_this_client": 6.437581032514572e-07,
          "put_cost_on_this_client": 6.440095603466034e-07,
          "get_latency_on_this_client": 281.16,
          "put_latency_on_this_client": 493.96000000000004
        },
        "6": {
          "Q1": [
            0,
            1,
            6
          ],
          "Q2": [
            0,
            1,
            2,
            3,
            5,
            6
          ],
          "Q3": [
            0,
            1,
            2,
            3,
            5,
            6
          ],
          "Q4": [
            0,
            1,
            2,
            3,
            5,
            6
          ],
          "get_cost_on_this_client": 9.77674499154091e-07,
          "put_cost_on_this_client": 9.780563414096833e-07,
          "get_latency_on_this_client": 588.2,
          "put_latency_on_this_client": 900.7
        },
        "7": {
          "Q1": [
            5,
            7,
            8
          ],
          "Q2": [
            0,
            1,
            2,
            5,
            7,
            8
          ],
          "Q3": [
            0,
            1,
            2,
            5,
            7,
            8
          ],
          "Q4": [
            0,
            1,
            2,
            5,
            7,
            8
          ],
          "get_cost_on_this_client": 6.437581032514572e-07,
          "put_cost_on_this_client": 6.440095603466034e-07,
          "get_latency_on_this_client": 231.28,
          "put_latency_on_this_client": 394.68
        },
        "8": {
          "Q1": [
            5,
            7,
            8
          ],
          "Q2": [
            0,
            1,
            2,
            5,
            7,
            8
          ],
          "Q3": [
            0,
            1,
            2,
            5,
            7,
            8
          ],
          "Q4": [
            0,
            1,
            2,
            5,
            7,
            8
          ],
          "get_cost_on_this_client": 6.437581032514572e-07,
          "put_cost_on_this_client": 6.440095603466034e-07,
          "get_latency_on_this_client": 221.8,
          "put_latency_on_this_client": 381.8
        }
      }
    }
  ],
  "overall_cost": 8.309132097302582,
  "get_cost": 2.7470111846923837,
  "put_cost": 2.74808406829834,
  "storage_cost": 0.005068844311857877,
  "vm_cost": 2.808968,
  "time_period_hrs": 4.0
}