{
  "output": [
    {
      "id": 0,
      "protocol": "replication",
      "m": 6,
      "k": 1,
      "selected_dcs": [
        1,
        2,
        5,
        6,
        7,
        8
      ],
      "get_cost": 16.690376214683056,
      "put_cost": 10.016448795795442,
      "storage_cost": 0.03788569202161814,
      "vm_cost": 0.08955183611500002,
      "total_cost": 26.834262538615114,
      "get_latency": 353.7,
      "put_latency": 506.79999999999995,
      "client_placement_info": {
        "0": {
          "Q1": [
            2,
            7,
            8
          ],
          "Q2": [
            2,
            7,
            8
          ],
          "Q3": [
            1,
            2,
            7,
            8
          ],
          "Q4": [
            1,
            2,
            7,
            8
          ],
          "get_cost_on_this_client": 3.433442674577236e-05,
          "put_cost_on_this_client": 2.0033000037074093e-05,
          "get_latency_on_this_client": 214.8,
          "put_latency_on_this_client": 314.6
        },
        "1": {
          "Q1": [
            1,
            2,
            7
          ],
          "Q2": [
            1,
            2,
            7
          ],
          "Q3": [
            1,
            2,
            7,
            8
          ],
          "Q4": [
            1,
            2,
            7,
            8
          ],
          "get_cost_on_this_client": 4.387219436466694e-05,
          "put_cost_on_this_client": 2.9571792110800744e-05,
          "get_latency_on_this_client": 301,
          "put_latency_on_this_client": 440
        },
        "2": {
          "Q1": [
            1,
            2,
            7
          ],
          "Q2": [
            1,
            2,
            7
          ],
          "Q3": [
            1,
            2,
            7,
            8
          ],
          "Q4": [
            1,
            2,
            7,
            8
          ],
          "get_cost_on_this_client": 3.0520036816596984e-05,
          "put_cost_on_this_client": 2.289392054080963e-05,
          "get_latency_on_this_client": 330.8,
          "put_latency_on_this_client": 495.6
        },
        "3": {
          "Q1": [
            5,
            7,
            8
          ],
          "Q2": [
            5,
            7,
            8
          ],
          "Q3": [
            2,
            5,
            7,
            8
          ],
          "Q4": [
            2,
            5,
            7,
            8
          ],
          "get_cost_on_this_client": 3.0520036816596984e-05,
          "put_cost_on_this_client": 2.289392054080963e-05,
          "get_latency_on_this_client": 353.7,
          "put_latency_on_this_client": 506.79999999999995
        },
        "4": {
          "Q1": [
            5,
            7,
            8
          ],
          "Q2": [
            5,
            7,
            8
          ],
          "Q3": [
            5,
            6,
            7,
            8
          ],
          "Q4": [
            5,
            6,
            7,
            8
          ],
          "get_cost_on_this_client": 3.0520036816596984e-05,
          "put_cost_on_this_client": 2.289392054080963e-05,
          "get_latency_on_this_client": 333.0,
          "put_latency_on_this_client": 473.9
        },
        "5": {
          "Q1": [
            5,
            7,
            8
          ],
          "Q2": [
            5,
            7,
            8
          ],
          "Q3": [
            5,
            6,
            7,
            8
          ],
          "Q4": [
            5,
            6,
            7,
            8
          ],
          "get_cost_on_this_client": 1.0490724816918373e-05,
          "put_cost_on_this_client": 2.862457185983658e-06,
          "get_latency_on_this_client": 184.08999999999997,
          "put_latency_on_this_client": 252.07999999999998
        },
        "6": {
          "Q1": [
            5,
            6,
            7
          ],
          "Q2": [
            5,
            6,
            7
          ],
          "Q3": [
            5,
            6,
            7,
            8
          ],
          "Q4": [
            5,
            6,
            7,
            8
          ],
          "get_cost_on_this_client": 2.384359948337078e-05,
          "put_cost_on_this_client": 1.6216766089200973e-05,
          "get_latency_on_this_client": 327.1,
          "put_latency_on_this_client": 482.2
        },
        "7": {
          "Q1": [
            5,
            7,
            8
          ],
          "Q2": [
            5,
            7,
            8
          ],
          "Q3": [
            1,
            5,
            7,
            8
          ],
          "Q4": [
            1,
            5,
            7,
            8
          ],
          "get_cost_on_this_client": 1.7166445031762125e-05,
          "put_cost_on_this_client": 2.8631743043661117e-06,
          "get_latency_on_this_client": 206.55,
          "put_latency_on_this_client": 274.0
        },
        "8": {
          "Q1": [
            5,
            7,
            8
          ],
          "Q2": [
            5,
            7,
            8
          ],
          "Q3": [
            1,
            5,
            7,
            8
          ],
          "Q4": [
            1,
            5,
            7,
            8
          ],
          "get_cost_on_this_client": 1.7166445031762125e-05,
          "put_cost_on_this_client": 2.8631743043661117e-06,
          "get_latency_on_this_client": 222.44,
          "put_latency_on_this_client": 280.78
        }
      }
    }
  ],
  "overall_cost": 26.834262538615114,
  "get_cost": 16.690376214683056,
  "put_cost": 10.016448795795442,
  "storage_cost": 0.03788569202161814,
  "vm_cost": 0.08955183611500002,
  "time_period_hrs": 1.0
}