{
  "output": [
    {
      "id": 0,
      "protocol": "cas",
      "m": 8,
      "k": 6,
      "selected_dcs": [
        0,
        1,
        2,
        3,
        4,
        5,
        7,
        8
      ],
      "get_cost": 0.5468667050202688,
      "put_cost": 4.924389347434045,
      "storage_cost": 0.008230339990903255,
      "vm_cost": 0.06697607037333334,
      "total_cost": 5.54646246281855,
      "get_latency": 634.2,
      "put_latency": 951.3000000000001,
      "client_placement_info": {
        "0": {
          "Q1": [
            0,
            2,
            3
          ],
          "Q2": [
            0,
            2,
            3,
            4,
            5,
            7,
            8
          ],
          "Q3": [
            0,
            2,
            3,
            4,
            5,
            7
          ],
          "Q4": [
            0,
            2,
            3,
            4,
            5,
            7,
            8
          ],
          "get_cost_on_this_client": 7.3129373292128264e-06,
          "put_cost_on_this_client": 7.316830257574719e-06,
          "get_latency_on_this_client": 452.2,
          "put_latency_on_this_client": 678.3
        },
        "1": {
          "Q1": [
            0,
            1,
            2
          ],
          "Q2": [
            0,
            1,
            2,
            3,
            4,
            5,
            7
          ],
          "Q3": [
            0,
            1,
            2,
            3,
            4,
            5
          ],
          "Q4": [
            0,
            1,
            2,
            3,
            4,
            5,
            7
          ],
          "get_cost_on_this_client": 1.4467236275474231e-05,
          "put_cost_on_this_client": 1.4475022132198017e-05,
          "get_latency_on_this_client": 404.1,
          "put_latency_on_this_client": 693.1
        },
        "2": {
          "Q1": [
            0,
            2,
            3
          ],
          "Q2": [
            0,
            2,
            3,
            4,
            5,
            7,
            8
          ],
          "Q3": [
            0,
            2,
            3,
            4,
            5,
            7
          ],
          "Q4": [
            0,
            2,
            3,
            4,
            5,
            7,
            8
          ],
          "get_cost_on_this_client": 7.3129373292128264e-06,
          "put_cost_on_this_client": 7.316830257574719e-06,
          "get_latency_on_this_client": 416,
          "put_latency_on_this_client": 630
        },
        "3": {
          "Q1": [
            0,
            3,
            4
          ],
          "Q2": [
            0,
            2,
            3,
            4,
            5,
            7,
            8
          ],
          "Q3": [
            0,
            2,
            3,
            4,
            5,
            7
          ],
          "Q4": [
            0,
            2,
            3,
            4,
            5,
            7,
            8
          ],
          "get_cost_on_this_client": 6.8357928345600776e-06,
          "put_cost_on_this_client": 6.8393784264723475e-06,
          "get_latency_on_this_client": 458,
          "put_latency_on_this_client": 687
        },
        "4": {
          "Q1": [
            0,
            3,
            4
          ],
          "Q2": [
            0,
            2,
            3,
            4,
            5,
            7,
            8
          ],
          "Q3": [
            0,
            2,
            3,
            4,
            5,
            7
          ],
          "Q4": [
            0,
            2,
            3,
            4,
            5,
            7,
            8
          ],
          "get_cost_on_this_client": 6.8357928345600776e-06,
          "put_cost_on_this_client": 6.8393784264723475e-06,
          "get_latency_on_this_client": 444,
          "put_latency_on_this_client": 666
        },
        "5": {
          "Q1": [
            5,
            7,
            8
          ],
          "Q2": [
            0,
            2,
            3,
            4,
            5,
            7,
            8
          ],
          "Q3": [
            0,
            2,
            3,
            5,
            7,
            8
          ],
          "Q4": [
            0,
            2,
            3,
            4,
            5,
            7,
            8
          ],
          "get_cost_on_this_client": 5.563407515486082e-06,
          "put_cost_on_this_client": 5.56617354353269e-06,
          "get_latency_on_this_client": 281.99,
          "put_latency_on_this_client": 495.99
        },
        "6": {
          "Q1": [
            0,
            2,
            3
          ],
          "Q2": [
            0,
            2,
            3,
            4,
            5,
            7,
            8
          ],
          "Q3": [
            0,
            2,
            3,
            4,
            5,
            7
          ],
          "Q4": [
            0,
            2,
            3,
            4,
            5,
            7,
            8
          ],
          "get_cost_on_this_client": 8.90341897805532e-06,
          "put_cost_on_this_client": 8.90833636124929e-06,
          "get_latency_on_this_client": 634.2,
          "put_latency_on_this_client": 951.3000000000001
        },
        "7": {
          "Q1": [
            5,
            7,
            8
          ],
          "Q2": [
            0,
            2,
            3,
            4,
            5,
            7,
            8
          ],
          "Q3": [
            0,
            2,
            3,
            5,
            7,
            8
          ],
          "Q4": [
            0,
            2,
            3,
            4,
            5,
            7,
            8
          ],
          "get_cost_on_this_client": 5.563407515486082e-06,
          "put_cost_on_this_client": 5.56617354353269e-06,
          "get_latency_on_this_client": 247.35000000000002,
          "put_latency_on_this_client": 427.25
        },
        "8": {
          "Q1": [
            5,
            7,
            8
          ],
          "Q2": [
            0,
            2,
            3,
            4,
            5,
            7,
            8
          ],
          "Q3": [
            0,
            2,
            3,
            5,
            7,
            8
          ],
          "Q4": [
            0,
            2,
            3,
            4,
            5,
            7,
            8
          ],
          "get_cost_on_this_client": 5.563407515486082e-06,
          "put_cost_on_this_client": 5.56617354353269e-06,
          "get_latency_on_this_client": 223.24,
          "put_latency_on_this_client": 388.14
        }
      }
    }
  ],
  "overall_cost": 5.54646246281855,
  "get_cost": 0.5468667050202688,
  "put_cost": 4.924389347434045,
  "storage_cost": 0.008230339990903255,
  "vm_cost": 0.06697607037333334,
  "time_period_hrs": 1.0
}