{
  "output": [
    {
      "id": 0,
      "protocol": "replication",
      "m": 6,
      "k": 1,
      "selected_dcs": [
        1,
        2,
        5,
        6,
        7,
        8
      ],
      "get_cost": 0.00028485897928476334,
      "put_cost": 0.003243079874664545,
      "storage_cost": 3.6997746114861474e-06,
      "vm_cost": 0.08955183611500002,
      "total_cost": 0.09308347474356081,
      "get_latency": 327.1,
      "put_latency": 482.2,
      "client_placement_info": {
        "0": {
          "Q1": [
            2,
            7,
            8
          ],
          "Q2": [
            2,
            7,
            8
          ],
          "Q3": [
            1,
            2,
            7,
            8
          ],
          "Q4": [
            1,
            2,
            7,
            8
          ],
          "get_cost_on_this_client": 5.504116415977478e-09,
          "put_cost_on_this_client": 7.795169949531554e-09,
          "get_latency_on_this_client": 214.8,
          "put_latency_on_this_client": 314.6
        },
        "1": {
          "Q1": [
            1,
            2,
            7
          ],
          "Q2": [
            1,
            2,
            7
          ],
          "Q3": [
            1,
            2,
            7,
            8
          ],
          "Q4": [
            1,
            2,
            7,
            8
          ],
          "get_cost_on_this_client": 7.459893822669983e-09,
          "put_cost_on_this_client": 1.0775402188301085e-08,
          "get_latency_on_this_client": 301,
          "put_latency_on_this_client": 440
        },
        "2": {
          "Q1": [
            1,
            2,
            7
          ],
          "Q2": [
            1,
            2,
            7
          ],
          "Q3": [
            1,
            2,
            7,
            8
          ],
          "Q4": [
            1,
            2,
            7,
            8
          ],
          "get_cost_on_this_client": 5.438923835754394e-09,
          "put_cost_on_this_client": 7.972121238708497e-09,
          "get_latency_on_this_client": 330.8,
          "put_latency_on_this_client": 495.6
        },
        "3": {
          "Q1": [
            5,
            7,
            8
          ],
          "Q2": [
            5,
            7,
            8
          ],
          "Q3": [
            2,
            5,
            7,
            8
          ],
          "Q4": [
            2,
            5,
            7,
            8
          ],
          "get_cost_on_this_client": 5.438923835754394e-09,
          "put_cost_on_this_client": 7.972121238708497e-09,
          "get_latency_on_this_client": 353.7,
          "put_latency_on_this_client": 506.79999999999995
        },
        "4": {
          "Q1": [
            5,
            7,
            8
          ],
          "Q2": [
            5,
            7,
            8
          ],
          "Q3": [
            5,
            6,
            7,
            8
          ],
          "Q4": [
            5,
            6,
            7,
            8
          ],
          "get_cost_on_this_client": 5.438923835754394e-09,
          "put_cost_on_this_client": 7.972121238708497e-09,
          "get_latency_on_this_client": 333.0,
          "put_latency_on_this_client": 473.9
        },
        "5": {
          "Q1": [
            5,
            7,
            8
          ],
          "Q2": [
            5,
            7,
            8
          ],
          "Q3": [
            5,
            6,
            7,
            8
          ],
          "Q4": [
            5,
            6,
            7,
            8
          ],
          "get_cost_on_this_client": 1.3317912817001344e-09,
          "put_cost_on_this_client": 1.7136335372924805e-09,
          "get_latency_on_this_client": 184.08999999999997,
          "put_latency_on_this_client": 252.07999999999998
        },
        "6": {
          "Q1": [
            5,
            6,
            7
          ],
          "Q2": [
            5,
            6,
            7
          ],
          "Q3": [
            5,
            6,
            7,
            8
          ],
          "Q4": [
            5,
            6,
            7,
            8
          ],
          "get_cost_on_this_client": 4.069879651069641e-09,
          "put_cost_on_this_client": 5.8859586715698245e-09,
          "get_latency_on_this_client": 327.1,
          "put_latency_on_this_client": 482.2
        },
        "7": {
          "Q1": [
            5,
            7,
            8
          ],
          "Q2": [
            5,
            7,
            8
          ],
          "Q3": [
            1,
            5,
            7,
            8
          ],
          "Q4": [
            1,
            5,
            7,
            8
          ],
          "get_cost_on_this_client": 1.983717083930969e-09,
          "put_cost_on_this_client": 2.430751919746399e-09,
          "get_latency_on_this_client": 206.55,
          "put_latency_on_this_client": 274.0
        },
        "8": {
          "Q1": [
            5,
            7,
            8
          ],
          "Q2": [
            5,
            7,
            8
          ],
          "Q3": [
            1,
            5,
            7,
            8
          ],
          "Q4": [
            1,
            5,
            7,
            8
          ],
          "get_cost_on_this_client": 1.983717083930969e-09,
          "put_cost_on_this_client": 2.430751919746399e-09,
          "get_latency_on_this_client": 222.44,
          "put_latency_on_this_client": 280.78
        }
      }
    }
  ],
  "overall_cost": 0.09308347474356081,
  "get_cost": 0.00028485897928476334,
  "put_cost": 0.003243079874664545,
  "storage_cost": 3.6997746114861474e-06,
  "vm_cost": 0.08955183611500002,
  "time_period_hrs": 1.0
}