{
  "output": [
    {
      "id": 0,
      "protocol": "cas",
      "m": 7,
      "k": 5,
      "selected_dcs": [
        0,
        1,
        2,
        5,
        6,
        7,
        8
      ],
      "get_cost": 15.515367526095362,
      "put_cost": 1.724855560809374,
      "storage_cost": 0.008935797704409248,
      "vm_cost": 0.10477968796750002,
      "total_cost": 17.35393857257665,
      "get_latency": 569.2,
      "put_latency": 886.3000000000001,
      "client_placement_info": {
        "0": {
          "Q1": [
            0,
            2
          ],
          "Q2": [
            0,
            2,
            5,
            6,
            7,
            8
          ],
          "Q3": [
            0,
            2,
            5,
            6,
            7,
            8
          ],
          "Q4": [
            0,
            2,
            5,
            6,
            7,
            8
          ],
          "get_cost_on_this_client": 7.2485394775867474e-06,
          "put_cost_on_this_client": 7.25243240594864e-06,
          "get_latency_on_this_client": 322.86,
          "put_latency_on_this_client": 576.06
        },
        "1": {
          "Q1": [
            0,
            1
          ],
          "Q2": [
            0,
            1,
            2,
            5,
            6,
            7
          ],
          "Q3": [
            0,
            1,
            2,
            5,
            6,
            7
          ],
          "Q4": [
            0,
            1,
            2,
            5,
            6,
            7
          ],
          "get_cost_on_this_client": 1.4497488737106323e-05,
          "put_cost_on_this_client": 1.4505274593830109e-05,
          "get_latency_on_this_client": 405.9,
          "put_latency_on_this_client": 696.7
        },
        "2": {
          "Q1": [
            0,
            2
          ],
          "Q2": [
            0,
            2,
            5,
            6,
            7,
            8
          ],
          "Q3": [
            0,
            2,
            5,
            6,
            7,
            8
          ],
          "Q4": [
            0,
            2,
            5,
            6,
            7,
            8
          ],
          "get_cost_on_this_client": 7.2485394775867474e-06,
          "put_cost_on_this_client": 7.25243240594864e-06,
          "get_latency_on_this_client": 391.41,
          "put_latency_on_this_client": 710.71
        },
        "3": {
          "Q1": [
            0,
            2
          ],
          "Q2": [
            0,
            2,
            5,
            6,
            7,
            8
          ],
          "Q3": [
            0,
            2,
            5,
            6,
            7,
            8
          ],
          "Q4": [
            0,
            2,
            5,
            6,
            7,
            8
          ],
          "get_cost_on_this_client": 9.156912565231325e-06,
          "put_cost_on_this_client": 9.161829948425295e-06,
          "get_latency_on_this_client": 458,
          "put_latency_on_this_client": 687
        },
        "4": {
          "Q1": [
            0,
            2
          ],
          "Q2": [
            0,
            2,
            5,
            6,
            7,
            8
          ],
          "Q3": [
            0,
            2,
            5,
            6,
            7,
            8
          ],
          "Q4": [
            0,
            2,
            5,
            6,
            7,
            8
          ],
          "get_cost_on_this_client": 9.156912565231325e-06,
          "put_cost_on_this_client": 9.161829948425295e-06,
          "get_latency_on_this_client": 444,
          "put_latency_on_this_client": 666
        },
        "5": {
          "Q1": [
            5,
            7
          ],
          "Q2": [
            0,
            2,
            5,
            6,
            7,
            8
          ],
          "Q3": [
            0,
            2,
            5,
            6,
            7,
            8
          ],
          "Q4": [
            0,
            2,
            5,
            6,
            7,
            8
          ],
          "get_cost_on_this_client": 5.150046199560166e-06,
          "put_cost_on_this_client": 5.152812227606773e-06,
          "get_latency_on_this_client": 281.99,
          "put_latency_on_this_client": 495.99
        },
        "6": {
          "Q1": [
            0,
            6
          ],
          "Q2": [
            0,
            2,
            5,
            6,
            7,
            8
          ],
          "Q3": [
            0,
            2,
            5,
            6,
            7,
            8
          ],
          "Q4": [
            0,
            2,
            5,
            6,
            7,
            8
          ],
          "get_cost_on_this_client": 7.82105140388012e-06,
          "put_cost_on_this_client": 7.825251668691636e-06,
          "get_latency_on_this_client": 569.2,
          "put_latency_on_this_client": 886.3000000000001
        },
        "7": {
          "Q1": [
            5,
            7
          ],
          "Q2": [
            0,
            2,
            5,
            6,
            7,
            8
          ],
          "Q3": [
            0,
            2,
            5,
            6,
            7,
            8
          ],
          "Q4": [
            0,
            2,
            5,
            6,
            7,
            8
          ],
          "get_cost_on_this_client": 5.150046199560166e-06,
          "put_cost_on_this_client": 5.152812227606773e-06,
          "get_latency_on_this_client": 247.35000000000002,
          "put_latency_on_this_client": 427.25
        },
        "8": {
          "Q1": [
            5,
            7
          ],
          "Q2": [
            0,
            2,
            5,
            6,
            7,
            8
          ],
          "Q3": [
            0,
            2,
            5,
            6,
            7,
            8
          ],
          "Q4": [
            0,
            2,
            5,
            6,
            7,
            8
          ],
          "get_cost_on_this_client": 5.150046199560166e-06,
          "put_cost_on_this_client": 5.152812227606773e-06,
          "get_latency_on_this_client": 231.24,
          "put_latency_on_this_client": 404.14
        }
      }
    }
  ],
  "overall_cost": 17.35393857257665,
  "get_cost": 15.515367526095362,
  "put_cost": 1.724855560809374,
  "storage_cost": 0.008935797704409248,
  "vm_cost": 0.10477968796750002,
  "time_period_hrs": 1.0
}